facility_name,facility_phone,facility_address,facility_type,geo_lng,geo_lat
아레아필라테스,23790990,서울특별시 서대문구 세검정로 87-4 필라테스(홍제동),필라테스,126.9485509,37.5957
용인대청목태권도,25433774,서울특별시 강남구 봉은사로71길 49 2층(삼성동),태권도,127.048936,37.5154261
봄아동발달센터,28659129,서울특별시 관악구 조원로 56 신영빌딩 5F(신림동),기타종목,126.9087181,37.4834948
봄언어심리발달센터,29813547,서울특별시 성북구 삼양로 68 1층(길음동),기타종목,127.0231979,37.6092072
용인대제일유도관,24335662,서울특별시 중랑구 면목로 463 3층 용인대제일유도관(상봉동),유도,127.0861635,37.5931732
희망탁구,,서울특별시 노원구 석계로 67 희망탁구(월계동),탁구,127.0626021,37.6207114
광남체육관,24466262,"서울특별시 광진구 아차산로 522 현대아파트8단지상가 3층 광남태권도(광장동, 현대아파트)",태권도,127.0999418,37.541883
용인대인성태권도,28433311,서울특별시 영등포구 도림로 274 2층(신길동),태권도,126.9045274,37.5025038
용인대유도체육관,24398702,서울특별시 중랑구 봉화산로 98 지층 용인대유도체육관(중화동),유도,127.085323,37.6022334
용인대월드태권도,24096444,서울특별시 송파구 양산로4길 9 3층 월드태권도(거여동),태권도,127.1443843,37.4901065
용인대올림픽태권도,29247934,서울특별시 성북구 종암로23길 17 서울시성북구종암동 종암로23길17원진프라자 용인대올림픽태권도장3층(종암동),태권도,127.0330256,37.599632
용인대예다함태권도,24597179,서울특별시 강남구 밤고개로21길 69 3층 용인대예다함태권도(율현동),태권도,127.1138956,37.4742272
한국체대 승리체육관,,"서울특별시 양천구 남부순환로56길 15 코아루상가 2층 승리체육관(신월동, 신월동코아루2단지)",태권도,126.828543,37.5316318
한국체대 성산태권도,23347750,서울특별시 마포구 월드컵로5길 74 2층 한국체대 성산태권도(합정동),태권도,126.9085022,37.5507331
부부용인대TOP태권도,,"서울특별시 강서구 허준로 121 상가동304호(가양동, 대림경동아파트)",태권도,126.8540713,37.5664452
빛요가,23791919,서울특별시 서대문구 통일로 463 3층 빛요가(홍제동),요가,126.9427531,37.589627
한국체대 누리태권도장,29078080,서울특별시 강북구 한천로 981 2층 한국체대 누리태권도장(번동),태권도,127.0315815,37.6366555
용인대영웅태권도장,28429632,서울특별시 영등포구 대림로21길 7 2층 용인대영웅태권도장(대림동),태권도,126.9004753,37.4926816
시립목동청소년센터,226421318,서울특별시 양천구 목동서로 143 시립목동청소년센터(목동),수영,126.8755034,37.5307537
용인대석사백인태권도장,24727906,서울특별시 강동구 명일로 104 신성상가3층(둔촌동),태권도,127.14255,37.5283153
한미태권도,226022670,서울특별시 양천구 오목로 75 2층 한미태권도(신월동),태권도,126.8458382,37.5230689
북아현문화체육센터,23608660,서울특별시 서대문구 북아현로 51 북아현문화체육센터(북아현동),종합체육시설,126.9554383,37.5618398
캐롬클럽강북구3쿠션국제식대대전용당구장,,서울특별시 강북구 노해로 70 4층 로드캐롬클럽(수유동),당구,127.022674,37.6418315
한국체대 남일태권도체육관,23831908,서울특별시 은평구 역말로 8 남일태권도(역촌동)4층,태권도,126.9111491,37.6054111
한국체대 고려월드 태권도장,29090341,"서울특별시 성북구 보국문로 19 푸르지오상가 2층 204,205호(정릉동, 정릉푸르지오아파트)",태권도,127.0100363,37.6062702
용인대석사 참바른태권도,29988880,"서울특별시 도봉구 우이천로32길 67 상가3층(쌍문동, 동익파크아파트)",태권도,127.0249626,37.6518106
용태권도교육관,24510037,"서울특별시 강남구 밤고개로21길 25 202,203호(자곡동, 래미안포레)",태권도,127.1097654,37.4754939
브레이브운동발달센터,,"서울특별시 노원구 동일로 1393 201호 중 일부(상계동,일신프라자)",기타종목,127.0605764,37.6529519
브이지엔파크골프,,서울특별시 금천구 가산디지털1로 58 B2-220(가산동),골프,126.8865788,37.4712411
심윤희댄스,,서울특별시 성북구 동소문로 92 9층(동소문동5가),댄스,127.0155017,37.5921783
히든피트니스,24325111,서울특별시 중랑구 중랑역로 51 5층 히든피트니스(중화동),헬스,127.0769269,37.5983784
대한태권도,,서울특별시 노원구 덕릉로60길 188 3층 대한태권도(월계동),태권도,127.0438965,37.6324584
다사랑아동발달센터,220653160,서울특별시 양천구 신정이펜2로 12 404호(신정동),기타종목,126.8328206,37.5126032
블랙홀학원,29631046,서울특별시 동대문구 홍릉로 23 4층(청량리동),댄스(줌바 등),127.0441851,37.5825314
블리스아동청소년상담센터,25337576,서울특별시 은평구 진흥로 143 연세빌딩 143(대조동),기타종목,126.9256072,37.6085354
에스씨지스포츠아카데미,,서울특별시 은평구 통일로 1050 9F 에스씨지스포츠아카데미(진관동),탁구,126.9179003,37.6375366
비대면 콰트,262030552,서울특별시 서초구 서초대로77길 55 9층(서초동),필라테스,127.0244659,37.5021008
비룡 태권도,28898880,서울특별시 관악구 은천로25길 69 502호 비룡태권도(봉천동),태권도,126.9483752,37.4890716
비바르,264978885,서울특별시 관악구 남부순환로 2022 정윤빌딩 3층 1호 비바르(남현동),필라테스,126.9733239,37.4757617
코치짐 송파점,24163040,서울특별시 송파구 오금로 247 건양빌딩b1(방이동),헬스,127.1208949,37.5063635
성북구민체육센터,222410651,서울특별시 성북구 화랑로13길 144 구민체육센터(하월곡동),헬스,127.0423063,37.6086213
비에스BS멀티짐 상암블랙샤크 복싱 킥복싱 주짓수,23076338,서울특별시 마포구 상암산로1길 69 지하1층 제01호 상암블랙샤크 킥복싱(상암동),복싱,126.8834804,37.5801463
에이블키즈,269560034,서울특별시 관악구 남부순환로218길 27 관전G타워 지하1층(봉천동),기타종목,126.9504891,37.4800389
아이쿠아 수영장,226110054,서울특별시 구로구 개봉로3길 51 제일프라자 지하2층 아이쿠아 수영장(개봉동),수영,126.853389,37.485985
광진구시설관리공단,220494583,서울특별시 광진구 능동로 76 광진문화예술회관(자양동),기타종목,127.0705761,37.5375706
광진구시설관리공단 중곡문화체육센터,234084919,서울특별시 광진구 능동로 433 2층 사무실(중곡동),수영,127.0849273,37.5678607
빅브로짐 구산점,,서울특별시 은평구 서오릉로 145 B1 빅브로짐 구산점(구산동),헬스,126.9164939,37.6112912
빅브로짐 휘트니스 응암점,,서울특별시 은평구 은평로 170 5층 빅브로짐(응암동),헬스,126.9266658,37.601101
광진구시설관리공단광진구민체육센터,220494800,서울특별시 광진구 구천면로 14 광진구민체육센터(광장동),종합체육시설,127.1068712,37.5460013
광진발달장애인평생교육센터,24551221,서울특별시 광진구 아차산로 390 3층(자양동),볼링,127.0861555,37.5369205
이너라인GYM군자점,,서울특별시 광진구 천호대로 531-1 정익타워 지층 1호(중곡동),헬스,127.0777316,37.558318
용인대백두산태권도,29356161,"서울특별시 노원구 한글비석로5길 62 8단지상가 2층 용인대백두산태권도(중계동, 중계8단지주공아파트)",태권도,127.0753589,37.6461889
빌리버짐,29792999,서울특별시 노원구 동일로 1308 정안프라자 B1 빌리버짐(중계동),헬스,127.064184,37.6459749
용인대박사태권도,233944436,"서울특별시 동대문구 사가정로 65 201동 단지상가 2층(전농동, 래미안 크레시티)",태권도,127.0515337,37.5767239
빛나다아동청소년발달센터,29776920,서울특별시 노원구 월계로 370 b동 313호 빛나다아동발달센터(월계동),요가,127.0609491,37.6310464
용인대대한태권도,29712442,서울특별시 노원구 공릉로59길 15 웅천종합상가 502호 용인대 대한태권도(하계동),태권도,127.071092,37.633158
용인대대명태권도,226623007,"서울특별시 강서구 마곡서로 133 713동 205호(마곡동, 마곡엠밸리7단지)",태권도,126.8229811,37.5651924
특공무술 우리도장,29876190,서울특별시 강북구 도봉로 164 3층 체육관(미아동),기타종목,127.0276426,37.6234255
트윈스볼링장,29028080,"서울특별시 도봉구 도당로 6 지하1층 트윈스볼링장(쌍문동, 쌍문동 LG트윈빌2)",볼링,127.0353644,37.6587139
파스텔발란스 약수점,,서울특별시 중구 동호로 180 4층 파스텔발란스 약수점(신당동),필라테스,127.0113291,37.554421
용인대MTA태권도,220663338,서울특별시 구로구 천왕로 36 천왕센타프라자 5층 MTA태권도(천왕동),태권도,126.8393789,37.4808802
용인대 효 태권도,28070383,서울특별시 금천구 시흥대로68길 58 1층 용인대 효 태권도(시흥동),태권도,126.9024575,37.4574204
사단법인 글로벌보치아센터,262647390,"서울특별시 동작구 신대방1가길 38 105-203(신대방동, 동작상떼빌아파트)",기타종목,126.9067146,37.4876928
용인대 호랑이태권도장,226473131,서울특별시 강서구 등촌로39길 6 3층 용인대호랑이태권도장(등촌동),태권도,126.8620485,37.5455957
한국자연치유평생교육원,25378877,"서울특별시 서초구 서초대로78길 44 4층 404호(서초동, 서초나산스위트)",요가,127.0284742,37.4938139
용인대 청솔태권도장,23723851,서울특별시 서대문구 증가로24바길 70 2층(북가좌동),태권도,126.9192123,37.5829685
(주) 스포니스마곡점,226685988,서울특별시 강서구 마곡중앙6로 11 지하1층 스포니스 마곡점(마곡동),기타종목,126.8288424,37.560948
용인대 청솔 태권도,23032792,서울특별시 은평구 응암로22길 28-6 5층 용인대 청솔 태권도(응암동),태권도,126.9210758,37.5932885
사단법인 영등포구스포츠클럽,262657330,서울특별시 영등포구 디지털로 413 메리클빌딩 지하1층 (대림동),탁구,126.9041636,37.4934561
용인대 장곡,29179535,서울특별시 성북구 돌곶이로37길 18 2층(장위동),태권도,127.0474853,37.6167468
용인대 우리태권도장,29567713,서울특별시 도봉구 시루봉로 220 4층(방학동),태권도,127.0345244,37.6679206
용인대 엄지태권도,226975060,서울특별시 양천구 오목로 62 3층 용인대엄지태권도(신월동),태권도,126.8444449,37.5223687
사단법인 장애인아카데미,269567228,서울특별시 영등포구 영등포로 143 에이블허브 4층(당산동1가),요가,126.8976604,37.5213577
용인대 석사 태권도장,226472647,서울특별시 양천구 목동중앙본로 97 2층 용인대석사태권도(목동),태권도,126.8705416,37.5444004
이너라인GYM월곡점,,서울특별시 성북구 장월로1길 57 3층 헬스장(상월곡동),헬스,127.045215,37.6059999
용인대 명인 태권도,29772010,서울특별시 노원구 공릉로63길 13 4층 용인대 명안 태권도(하계동),태권도,127.070537,37.6348839
용인대 강 태권도,28590099,서울특별시 관악구 난우길 35 4층(신림동),태권도,126.9176494,37.4758465
용산청소년센터,27490102,서울특별시 용산구 이촌로71길 24 3층 운영사무실(이촌동),수영,126.9732,37.5214167
용산제2체육관,27938874,서울특별시 용산구 장문로6길 101 3층(동빙고동),태권도,126.9965424,37.5259818
용산구문화체육센터,27072492,서울특별시 용산구 백범로 350 문화체육센터(문배동),헬스,126.967681,37.5372185
박원짐,,서울특별시 영등포구 당산로30길 11 지하2층(당산동3가),헬스,126.8979851,37.525596
용두장안태권도,29230656,서울특별시 동대문구 약령시로 18 3층 장안태권도(제기동),태권도,127.0317954,37.5825812
쿰바른재활,299291621,서울특별시 강서구 마곡중앙4로 18 그랑트윈타워 B동 404호(마곡동),기타종목,126.8286198,37.5585262
용광용인대태권도,222442915,서울특별시 동대문구 답십리로66길 99 3층 용광체육관(장안동),태권도,127.0661442,37.5684545
요가힐엔필라테스,29800213,서울특별시 강북구 솔샘로 223 삼미빌딩 3층 요가힐엔필라테스(미아동),요가,127.0175897,37.6202822
요가하는나무,,"서울특별시 강서구 강서로 52 701, 702호(화곡동)",요가,126.8466719,37.5324773
사회복지법인에스알씨스포츠센터,28718232,서울특별시 관악구 보라매로 44 2층 스포츠센터(봉천동),수영,126.9274006,37.4931756
요가프로젝트,,서울특별시 종로구 경희궁2길 9-1 2층 요가프로젝트(내수동),요가,126.9711161,37.572977
1981 골프앤휘트니스,28083838,서울특별시 금천구 시흥대로 399 시티렉스3층(독산동),헬스,126.8970019,37.4693592
사회적협동조합 우리사이공간 서울광진지부,24570610,"서울특별시 광진구 광나루로36길 14 4층 우리사이공간, (구의동)",기타종목,127.0865723,37.544395
사아름드리문화예술원,24262024,서울특별시 강동구 상암로3길 70 1층(암사동),무용(발레 등),127.1278385,37.5534935
사일구짐,29005153,"서울특별시 강북구 삼양로 522 b1, 2F, 3F 301, 302, 303, 304호(우이동)",헬스,127.0138757,37.6495983
요가타운수유교육원,29087118,서울특별시 강북구 도봉로 353 상목빌딩 5층(수유동),요가,127.0264545,37.6391326
한국스포츠교육희망나눔사회적협동조합언남중학교,25787947,서울특별시 서초구 언남길 85 지하(양재동),농구,127.0459789,37.475589
스핀볼링센터 가든5,220473663,서울특별시 송파구 충민로 52 지하1층  스핀볼링센터 가든5(문정동),볼링,127.1225323,37.4776993
구로구발달장애인평생교육센터,226859579,서울특별시 구로구 안양천로 552 / 4-5층 구로구발달장애인평생교육센터(고척동),기타종목,126.8682447,37.4963451
에스핫요가,23845900,서울특별시 은평구 진관3로 37 306호(진관동),요가,126.9204567,37.6404027
구로구시설관리공단 50수영장,220661515,서울특별시 구로구 오류로 36-25 50플러스남부캠퍼스 50플러스 수영장(천왕동),수영,126.8417741,37.4884251
MJGYM,,서울특별시 도봉구 시루봉로 56 한양6차 상가 B2층(쌍문동),종합체육시설,127.028232,37.6558247
max 스포츠,23956330,"서울특별시 종로구 진흥로 480 상가2층(신영동, 대아파크빌)",헬스,126.9604221,37.6054386
요가블리스필라테스,232801588,서울특별시 동작구 현충로 100-1 3층 요가블리스앤필라테스(흑석동),필라테스,126.9647299,37.5076525
mnt태권도 스포츠센터,226515069,서울특별시 양천구 목동남로4길 26 5층 MNT태권도(신정동),태권도,126.8658085,37.5088257
용문체육관,24684684,서울특별시 광진구 면목로 136 2층(중곡동),태권도,127.0811768,37.5654271
요가메이트,226255000,서울특별시 구로구 개봉로 34 2층 요가메이트(개봉동),필라테스,126.8564451,37.4886043
이룸기구필라테스,23057090,서울특별시 서대문구 수색로 20 4층(남가좌동),필라테스,126.9163574,37.5688389
한국당구아카데미,220691734,서울특별시 영등포구 양산로 96 210호(당산동2가),당구,126.8936132,37.5239907
요가나무,,서울특별시 양천구 오목로10길 7-6 2층 요가나무(신월동),요가,126.8446483,37.5217919
장안휘트니스,7081116228,서울특별시 동대문구 답십리로 252 4층 장안휘트니스(장안동),헬스,127.0682309,37.5722491
왕호태권도,28771245,서울특별시 관악구 인헌6길 16 농협2층 왕호태권도(봉천동),태권도,126.9660221,37.4741092
요가블리스&필라테스 숭실대점,28141488,서울특별시 동작구 상도로 379 3층 요가블리스앤필라테스 숭실대점(상도동),필라테스,126.9549874,37.4952765
옳은필라테스,,서울특별시 관악구 양녕로 30 청운빌딩 6층(봉천동),필라테스,126.94695,37.4846139
삼성 태권도장,23758333,서울시 서대문구 증가로 191 306~308호,태권도,126.9166617,37.5782468
삼성골드스포츠클럽,23023114,"서울특별시 서대문구 증가로 191 삼성골드스포츠클럽(남가좌동, DMC래미안클라시스)",종합체육시설,126.9166617,37.5782468
올웨이즈연구소,25822332,서울특별시 서초구 서초대로64길 76-21 삼성레포츠센터 1층(서초동),기타종목,127.0215488,37.491823
올웨더테니스 아카데미,,서울특별시 노원구 노원로22길 77 건영3차상가 4층 올웨더테니스(중계동),테니스,127.0745726,37.6478846
삼손스포츠수기명가,,서울특별시 광진구 아차산로65길 14 B1층 삼손스포츠수기명가(구의동),헬스,127.0940943,37.5410236
한국그룹운동개발원,263698004,서울특별시 구로구 경서로 11 201호(개봉동),기타종목,126.8564769,37.4985837
한국가양 태권도장,236659333,서울특별시 강서구 허준로 198 가양프라자 5층 한국가양태권도(가양동),태권도,126.8602635,37.5613029
더본필라테스,,서울특별시 구로구 천왕로 36 2층 203호 더본필라테스(천왕동),필라테스,126.8393789,37.4808802
삼양검도관,236753119,서울특별시 강북구 솔샘로 254 4층 삼양검도관(미아동),검도,127.0207598,37.6193358
한결와이앤피,220646361,서울특별시 강서구 금낭화로 91-2 502호(마이필라테스N요가)(방화동),필라테스,126.81109,37.573658
올림픽수영장,221803728,서울특별시 송파구 올림픽로 424 올림픽수영장(방이동),헬스,127.122959,37.520934
올림픽공원스포츠센터,221803772,서울특별시 송파구 올림픽로 424 올림픽공원스포츠센터 1-2문(방이동),종합체육시설,127.122959,37.520934
상계탁구,,서울특별시 노원구 덕릉로83길 9-20 3층(중계동),탁구,127.073886,37.6596092
상도태권도,28213152,서울특별시 동작구 상도로22길 46 2층 상도태권도(상도동),태권도,126.937082,37.5014093
상도태권도 신상도점,28261570,서울특별시 동작구 장승배기로 7 3층 상도태권도(상도동),태권도,126.9434217,37.499329
구산탁구교실,23858441,서울특별시 은평구 연서로 128 지하 1층(역촌동),탁구,126.9171099,37.610087
올레이디짐 덕성여대점,,서울특별시 도봉구 삼양로 532 2층(쌍문동),헬스,127.0134446,37.6505826
올데이필라테스,29771534,서울특별시 노원구 동일로204가길 34 225(중계동),필라테스,127.06816,37.6407272
온앤온 피트니스 연신내점,275259653,서울특별시 은평구 통일로 869 서연빌딩 4층(갈현동),헬스,126.919819,37.6203877
상암탁구클럽,,서울특별시 은평구 수색로 285 청아리빙텔 지하1층(수색동),탁구,126.8927486,37.5832956
상일유도스쿨,24269759,서울특별시 강동구 상암로 425 2층(상일동),유도,127.1698204,37.5458282
새로운운동발달센터,24458008,서울특별시 강남구 헌릉로 569 강남리더스프라자606호(세곡동),기타종목,127.1012408,37.4657595
옥정교육문화관,222046650,서울특별시 성동구 한림말길 43 옥정교육문화관(옥수동),종합체육시설,127.015406,37.5419057
새서울태권도,29783332,서울특별시 중랑구 중랑역로 147 3층(묵동),태권도,127.0765948,37.6066633
스포터짐,226592133,서울특별시 강서구 양천로57길 10-10 지하1층(가양동),헬스,126.852614,37.5628538
오핑탁구장,24416004,서울특별시 강동구 고덕로24길 50 지층 오핑탁구장(암사동),탁구,127.1351149,37.552387
샘탁구클럽,,서울특별시 마포구 새터산길 72 동호빌딩 지하1층(성산동),탁구,126.9078447,37.567797
생각나무BB센터,222080130,서울특별시 중랑구 동일로 807 지하(중화동),댄스(줌바 등),127.0790217,37.6024662
오케이 복싱,28161230,서울특별시 동작구 양녕로 257 지하1층 OK복싱(상도1동),복싱,126.9472949,37.5031673
원코르 필라테스 압구정점,25121225,서울특별시 강남구 압구정로30길 60 5층(신사동),필라테스,127.0288815,37.5234551
서대문복싱클럽,23127989,서울특별시 서대문구 통일로 189-1 4층(영천동),복싱,126.9618596,37.5703388
원짐WON GYM,,서울특별시 영등포구 당산로30길 11 지하2층(당산동3가),헬스,126.8979851,37.525596
오바른짐,24155857,서울특별시 송파구 백제고분로 270 지하1층(삼전동),기타종목,127.0962857,37.5022259
스포츠재활 재활PT 운동진정성,25990926,"서울특별시 서초구 서초대로33길 29 201호, 운동진정성(방배동, 벨라지오)",헬스,126.9960843,37.4899356
서부재활체육센터,23886622,서울시 은평구 갈현로 11길 30 191-1 서부재활체육센터,헬스,126.9068531,37.6057782
오늘도발레학원,,서울특별시 양천구 목동중앙남로 3 5층(목동),무용(발레 등),126.8693135,37.5349643
예닮필라테스,,서울특별시 동작구 등용로 73-2 1층 예닮필라테스(대방동),필라테스,126.9321341,37.5078586
서울검도관,29923579,"서울특별시 노원구 초안산로5길 12 월계프라자 3층, 308호 서울검도관(월계동)",검도,127.0517605,37.6325635
서울당구클럽,,서울특별시 강서구 까치산로 101 두산빌딩 / 서울당구클럽 3층(화곡동),당구,126.8486111,37.5474677
서울숲 탁구클럽,261040120,서울특별시 성동구 상원4길 9 대신빌딩 지하(성수동1가),탁구,127.0497012,37.547293
서울숲복합문화체육센터,222046600,서울특별시 성동구 왕십리로11길 19 서울숲복합문화체육센터(성수동1가),헬스,127.0415013,37.5490719
주식회사와우스포츠아카데미,27860955,"서울특별시 영등포구 국제금융로 79 롯데슈퍼 지하1층  와우수영장(여의도동, 한양아파트)",수영,126.932323,37.5215706
서울시립영등포장애인복지관,236677979,서울특별시 영등포구 버드나루로 22 (영등포동2가),요가,126.9129084,37.520858
서울시발달장애인사회적응지원센터,24483302,서울특별시 송파구 마천로 226 (마천동),기타종목,127.1429368,37.5002236
서울여성플라자스포츠센터,28222425,서울특별시 동작구 여의대방로54길 18 1층 스포츠센터(대방동),수영,126.9272242,37.5116167
서울재활운동센터,263260412,서울특별시 강서구 공항대로 190 3층 302호(마곡동),필라테스,126.8286371,37.5590423
서울탑체육관,222078186,서울특별시 중랑구 망우로66길 22 (망우동),태권도,127.0994895,37.5985551
서울특별시립강남주민편익시설,234122171,서울특별시 강남구 남부순환로 3318 강남주민편익시설(일원동),헬스,127.0935988,37.4942316
서울특별시립노원시각장애인복지관,29500190,서울특별시 노원구 덕릉로70가길 98 4층 통합사무실(상계동),기타종목,127.0565193,37.642085
서울특별시서대문구도시관리공단,23608681,서울특별시 서대문구 백련사길39 서대문문화체육회관,헬스,126.9314526,37.5806749
서울특별시성동구도시관리공단,222047616,서울특별시 성동구 왕십리로 89 성동구민종합체육센터(성수동1가),헬스,127.0440144,37.5458701
올탁구클럽,220390161,서울특별시 노원구 동일로 1051 5층 올탁구클럽(공릉동),탁구,127.0732779,37.6238176
영자피트니스이수방배,25991740,서울특별시 서초구 동작대로 134 b3 영자피트니스(방배동),종합체육시설,126.9827975,37.4886136
석사경희대태권도,27176662,"서울특별시 용산구 원효로 51 410(산천동, 삼성테마트)",태권도,126.9500687,37.5338712
석사경희태권도,25867676,서울특별시 관악구 남현4길 1 301호(남현동),태권도,126.9766703,37.474972
영아태권도,25973000,서울특별시 동작구 사당로 170 2층 영아태권도(사당동),태권도,126.9677289,37.4866404
영수 태권도,27164585,"서울특별시 마포구 대흥로 41 2층 용인대 영수 태권도(신수동, 신수동 근생및 단독주택)",태권도,126.9386521,37.544558
석사월드태권도장,,서울특별시 노원구 동일로 1280 상가2층(중계동),태권도,127.0657465,37.6434986
영등포제2스포츠센터,226302921,서울특별시 영등포구 국회대로 615 영등포제2스포츠센터(당산동4가),헬스,126.9027816,37.5266954
석사체육관,24265383,서울특별시 강동구 동남로65길 56 지하1층(명일동),태권도,127.1527439,37.5478748
영등포구시설관리공단영등포 제1스포츠센터,226501512,서울특별시 영등포구 신풍로 1 (신길동),헬스,126.9062946,37.5005379
선 태권도장,29366080,"서울특별시 노원구 한글비석로 420 원일빌딩 3층, 선 태권도장(상계동)",태권도,127.070414,37.6619212
영등포검도관,28325040,서울특별시 영등포구 도신로 252 영등포검도관(신길동),검도,126.9185618,37.5134353
선태권도장,23964617,서울특별시 서대문구 홍제내길 98 지하(홍제동),태권도,126.9358714,37.5867351
성균관태권도1관,,서울특별시 종로구 혜화로 31 성균관태권도1관(명륜1가),태권도,126.9994564,37.5883452
코리안탑팀,226475104,서울특별시 양천구 신목로 80 3층(신정동),복싱,126.8743889,37.5218662
엘리트체육관,29373450,서울특별시 노원구 동일로241가길 18 2층 엘리트 태권도(상계동),태권도,127.0540164,37.676605
성동구립용답체육센터,222046627,서울특별시 성동구 천호대로78길 15-48 지하 1층 용답체육센터(용답동),수영,127.057059,37.5618304
성동장애인종합복지관,222903186,서울특별시 성동구 청계천로 506 성동장애인종합복지관(마장동),기타종목,127.0334753,37.5702263
성룡태권도,29031999,서울특별시 도봉구 덕릉로59가길 17 2층 성용태권도(창동),태권도,127.0386826,37.6397325
성모자애복지관,234108831,서울특별시 강남구 헌릉로757길 35 성모자애복지관(율현동),종합체육시설,127.1194354,37.4705425
성무태권도장,28532177,"서울특별시 금천구 독산로78다길 22 1층 성무태권도(독산동, 아셈그린힐)",태권도,126.9052063,37.4693221
성미산체육관,23249875,서울특별시 마포구 월드컵북로15길 31-11 성미산체육관(성산동),배드민턴,126.9121109,37.5623401
성민복지관,29330296,서울특별시 노원구 노원로32길 30-3 성민복지관(상계동),기타종목,127.0693193,37.6556829
성북구도시관리공단 장위건강누림센터,222410171,서울특별시 성북구 장위로21나길 18 장위건강누림센터 3층(장위동),헬스,127.0444905,37.615235
성북구도시관리공단성북구립휘트니스센터,222410691,서울특별시 성북구 보문로29길 49 성북구립휘트니스센터(삼선동3가),헬스,127.01492,37.5863886
성북체육관,29151506,서울특별시 성북구 장월로8가길 42 3층(장위동),태권도,127.049816,37.6112669
열매점핑허브다이어트,271416481,서울특별시 금천구 독산로40길 49 3층(시흥동),기타종목,126.9071731,37.4610298
성실태권도체육관,29267363,서울특별시 성북구 고려대로17가길 78 래미안상가302호(안암동1가),태권도,127.0226862,37.5891633
태결검도관,,서울특별시 관악구 쑥고개로 73-1 2층(봉천동),검도,126.944774,37.4796243
열린금호교육문화관,222047650,서울특별시 성동구 무수막길 69 열린금호교육문화관(금호동2가),기타종목,127.0198751,37.5527068
유연필라테스,257527382,서울특별시 강서구 강서로 177 영빌딩 6층 601호(화곡동),필라테스,126.8395042,37.5421838
성환태권도,23522272,서울특별시 은평구 통일로69길 16 2층(대조동),태권도,126.9268684,37.6112298
세계복싱체육관,236641266,서울특별시 강서구 양천로69길 11 4층  401호(염창동),복싱,126.8703829,37.5531245
세계태권도체육관,28634112,"서울특별시 관악구 난향길 5 태성빌딩 5층, 501호(신림동)",태권도,126.9185668,37.4627392
하이피트니스,262140207,서울특별시 송파구 백제고분로 128 지하1층(잠실동),헬스,127.0810019,37.5060911
세움재활운동센터,,서울특별시 마포구 성산로 128 마포중앙도서관 지하1층 5호(성산동),헬스,126.9082019,37.5637955
영등포구시설관리공단영등포다목적배드민턴체육관,226302995,서울특별시 영등포구 도신로15길 5 배드민턴체육관(도림동),배드민턴,126.8982002,37.5059713
세종당구 아카데미클럽,29806199,서울특별시 강북구 도봉로 260 운산빌딩4층 세종당구아카데미클럽(미아동),당구,127.0244403,37.6317065
연신내복싱클럽,23851282,서울특별시 은평구 연서로26길 4 4층(대조동),복싱,126.9199338,37.6171283
세종탁구클럽,222433959,서울특별시 성동구 천호대로 432 지하1층 세종탁구클럽(용답동),탁구,127.0668691,37.5607536
연세휘트니스태권도장,29055970,서울특별시 강북구 삼양로 424 2층(수유동),기타종목,127.017134,37.6414233
연세파워태권도,23848888,"서울특별시 은평구 은평로8길 29 지하1층(응암동, 서강스카이빌3)",태권도,126.919694,37.5977977
연세체능관,222132349,서울특별시 동대문구 황물로 54 3층(답십리동),태권도,127.0470784,37.5726922
세컨무브필라테스요가 강동천호점,24767525,서울특별시 강동구 천호대로 1006 b305(성내동),필라테스,127.1237896,37.5380133
연세정훈태권도자양점,234090992,서울특별시 광진구 능동로6길 14 b01호(자양동),태권도,127.0688106,37.5341776
연세월드태권도,29332323,서울특별시 노원구 누원로 22 403호(상계동),태권도,127.0530611,37.6871033
센터인필라테스 강일점,24819595,서울특별시 강동구 아리수로93나길 50 503호(강일동),필라테스,127.174498,37.5720997
연세대효태권도,23129393,"서울특별시 서대문구 독립문로8길 54 천연뜨란채 아파트 상가B101,102,103(천연동, 천연뜨란채)",태권도,126.9579973,37.5676518
커브스 홍제클럽,23931330,서울특별시 서대문구 통일로39가길 30 5층(홍제동),헬스,126.9428594,37.5893118
올리브언어심리상담센터,264875236,서울특별시 동대문구 답십리로 68 2층(전농동),기타종목,127.0484195,37.5753696
하이파이브교육 성내점,7040351006,"서울특별시 강동구 천호대로 1092 B101 하이파이브심리운동특수체육(성내동, 에스케이허브진)",헬스,127.1326746,37.5352032
국가대표김경식태권도장,24663009,서울특별시 성동구 뚝섬로13길 4 2층(성수동2가),태권도,127.0577564,37.5385383
연광태권도,23898909,서울특별시 은평구 연서로35길 38 1층 연광태권도(불광동),태권도,126.9251798,37.6240764
국가대표넘버원태권도,28145186,"서울특별시 동작구 만양로 26 건영아파트상가218호(상도동, 건영아파트)",태권도,126.9499848,37.5077626
손기정문화체육센터,222808458,"서울특별시 중구 손기정로 101 (서관,체육동) 손기정문화체육센터(만리동2가)",헬스,126.9648158,37.5554795
손빛 재활운동센터,282101102,서울특별시 광진구 아차산로 634 309호(광장동),기타종목,127.1083146,37.5489996
엣지스마일,226057978,서울특별시 양천구 지양로 61 미도빌딩3층(신월동),탁구,126.8341306,37.5209995
스타칼리,23796399,서울특별시 서대문구 통일로 472 1~5층(홍제동),헬스,126.9427451,37.5905027
엘리트핏24,226428881,서울특별시 양천구 신목로2길 68 b01(목동),헬스,126.8773498,37.5238354
휘트니스태권도장,,서울특별시 중랑구 면목로 432 2층 휘트니스태권(면목동),태권도,127.0873028,37.5904734
국가대표스타클래스태권도장,,서울특별시 양천구 목동동로8길 23 501호(신정동),태권도,126.8714868,37.5168559
송파엘리트탁구장,,서울특별시 송파구 거마로 47 지하1층(거여동),탁구,127.1459739,37.497279
수락주짓수파라에스트라서울,,서울특별시 노원구 동일로 1622 2층 파라에스트라서울(상계동),주짓수,127.0559868,37.6729938
수서경희대태권도장,24595600,서울특별시 강남구 밤고개로1길 22 401호 수서경희대태권도(수서동),태권도,127.1027166,37.4885272
ws복싱클럽상암점,23061212,서울특별시 마포구 월드컵북로44길 37 2층 WS복싱클럽(상암동),복싱,126.8952095,37.5763669
국가대표엠티에이태권도,25736004,서울특별시 서초구 동산로13길 6 2층(양재동),태권도,127.0454002,37.4721853
하이어스풋볼클럽,,서울특별시 영등포구 영등포로 21 양평빌딩 2층 206호(양평동2가),축구(풋살),126.8840719,37.5235205
수카건강플러스센터,250643523,서울특별시 구로구 오류로 54 (오류동),요가,126.8400663,37.4895937
휘트니스w창동점,29961254,서울특별시 도봉구 도봉로110길 65 5층(창동),헬스,127.0371454,37.6464132
수파크스크린골프,29888987,서울특별시 강북구 도봉로67길 18 3층 수파크스크린골프(수유동),골프,127.0227328,37.6307463
커브스행당클럽,222973070,서울특별시 성동구 행당로 87 506호(대림리빙프라자) 커브스행당클럽(행당동),에어로빅,127.0285419,37.5573015
숲태권도장,27476200,서울특별시 중랑구 양원역로14길 19 5층 숲태권도장(망우동),태권도,127.1076262,37.6070321
천호동아태권도체육관,24724727,서울특별시 강동구 구천면로13길 28 2층(천호동),태권도,127.1230417,37.5431451
쉴드짐,,서울특별시 중랑구 봉화산로 61 3층 쉴드짐(중화동),헬스,127.0813492,37.601795
예스휘트니스센터,232803030,서울특별시 동작구 국사봉1길 32 3층(상도동),헬스,126.9303664,37.498814
슈브필라테스 답십리점,233948898,서울특별시 동대문구 답십리로 140 세기프라자 301호 슈브필라테스(답십리동),필라테스,127.0555973,37.5724894
에코필라테스 구로항동점,,서울특별시 구로구 서해안로 2096 청솔프라자 6층 에코필라테스(항동),필라테스,126.8228911,37.4797634
승리특공무술,222811001,서울특별시 성동구 무학봉길 77 태원빌딩2층(하왕십리동),합기도,127.0310842,37.5613202
슈퍼키즈 노원,29363421,서울특별시 노원구 상계로27길 32 대명빌딩 4층 슈퍼키즈성장센터(상계동),기타종목,127.0698386,37.6599017
에이원민턴 잠실본동점,24174209,서울특별시 송파구 백제고분로 91 지하1층 에이원민턴(잠실동),배드민턴,127.0795058,37.5086574
스마일재활운동센터,263391633,서울특별시 노원구 한글비석로 444 4층 410호스마일재활운동센터(상계동),기타종목,127.06852,37.6636144
스마트댄스아카데미,23836111,서울특별시 은평구 서오릉로 160 3층 3호(갈현동),댄스(줌바 등),126.9156424,37.612697
에이엠번지핏비,220652205,서울특별시 양천구 남부순환로 584 4층(신월동),요가,126.8391551,37.5166992
스마트짐,231510377,서울특별시 마포구 월드컵북로 218 지층 헬스장(성산동),기타종목,126.9049975,37.569505
하랑태권도,7075835354,서울특별시 도봉구 방학로6길 20 2층 하랑태권도(방학동),태권도,127.0372673,37.6639498
스웨이댄스 잠실석촌호수점,25438979,"서울특별시 송파구 석촌호수로 284 B1층 101호(송파동, 현대레이크빌)",댄스(줌바 등),127.107,37.5107414
에이스복싱,27230401,서울특별시 서대문구 통일로 436 우원빌딩 4층 1호 에이스복싱(홍제동),복싱,126.9456465,37.5881465
에스티에스STS,23343922,서울특별시 마포구 월드컵로 43 2층 에스티에스(STS)(합정동),태권도,126.9117469,37.5531585
에스점핑,,"서울특별시 동대문구 한천로58길 139 푸르지오상가 2층 점핑운동(이문동, 이문1차 푸르지오 아파트)",기타종목,127.0701577,37.6027308
에스바디핏 필라테스 요가 공릉 화랑대역점,29792978,서울특별시 노원구 노원로1길 67 지하 1층 에스바디핏 필라테스/요가 공릉 화랑대역점(공릉동),필라테스,127.0836582,37.6208327
에스바디워크필러테스 금천점,28029609,서울특별시 금천구 시흥대로 224 6층 에스바디워크필라테스(시흥동),필라테스,126.9013002,37.4539296
스케치바디PT필라테스,234122468,서울특별시 강남구 광평로51길 8 로얄프라자3층 302호(수서동),필라테스,127.1024711,37.4883738
에블봄,275760828,서울 은평구 가좌로 306 5층 501호,태권도,126.9111651,37.5952017
에르제주식회사,23833800,"서울특별시 은평구 은평로 200-1 6층 에르제 스튜디오(응암동, 삼영빌딩)",헬스,126.9300175,37.6009716
스타요가,234212230,서울특별시 중랑구 봉화산로 194 4층 스타요가(신내동),요가,127.0947162,37.6064552
스타점핑,,서울특별시 종로구 혜화로3길 19 아남아파트상가101호(명륜2가),기타종목,126.9992187,37.5861218
스타점핑다이어트,,서울특별시 중랑구 신내로 58 3층 스타점핑(신내동),기타종목,127.0957277,37.6043573
스타칼리 휘트니스,23968899,서울특별시 서대문구 통일로 413 7층 스타칼리휘트니스(홍제동),헬스,126.9464449,37.5862021
스타트레인,25420457,서울특별시 강남구 논현로 804 서울빌딩 3층 스타트레인(신사동),헬스,127.0284486,37.5204959
스타트레인,25420457,"서울특별시 중구 다산로 32 29동 102호(신당동, 남산타운)",헬스,127.0097435,37.5500494
스타트원짐,27617464,서울특별시 영등포구 국제금융로6길 33 맨하탄빌딩2층(여의도동),헬스,126.9269566,37.5207575
스타필라테스,,서울특별시 강북구 도봉로13길 13 금광빌딩 3층 스타필라테스(미아동),필라테스,127.0293663,37.6148456
언남문화체육센터,25777718,서울특별시 서초구 동산로13길 35 언남문화체육센터7층(양재동),수영,127.0429178,37.472749
제로복싱,,서울특별시 강북구 오현로 193 지층(번동),복싱,127.039346,37.6289693
어울림운동발달센터,7088306061,서울특별시 강남구 개포로140길 14 2층 어울림운동발달센터(일원동),기타종목,127.0861456,37.4946592
스트라이크존 미아사거리구장,29801515,서울특별시 강북구 도봉로10길 12 지하1층(미아동),야구,127.0308085,37.6131782
스페셜스포츠센SSC,264512204,서울특별시 동대문구 한천로17길 23 3층 스페셜스포츠센터(답십리동),기타종목,127.0627988,37.5699516
스포웰짐신내점,234225591,서울특별시 중랑구 봉화산로 194 10층 스포웰짐(신내동),헬스,127.0947162,37.6064552
승리체육관,29079335,서울특별시 강북구 인수봉로 286 2층 승리합기도(수유동),합기도,127.0110515,37.6442578
양천탁구클럽,,서울특별시 양천구 지양로 100 기호프라자203호 양천탁구클럽(신월동),탁구,126.8317822,37.523797
용인대범호태권도장,226687960,서울특별시 강서구 양천로53길 93 401호 용인대석사범호태권도(가양동),태권도,126.8500878,37.5674889
양천구청양천구민체육센터,226521792,서울특별시 양천구 목동동로 87 양천구민체육센터(신정동),헬스,126.8644252,37.5164776
양천구시설관리공단신월문화체육센터,226054094,서울특별시 양천구 지양로 47 신월문화체육센터(신월동),기타종목,126.8350509,37.5198583
시립망우청소년센터,24927942,서울특별시 중랑구 송림길 156 망우청소년센터(망우동),수영,127.1088568,37.6062366
시립문래청소년센터,221670100,서울특별시 영등포구 문래로 110 4층 사무실(문래동3가),헬스,126.8940966,37.5188578
시립서울곰두리체육센터,24046240,서울시 송파구 동남로 271 서울곰두리체육센터 3층 사무실(오금동),수영,127.1354641,37.5004957
올웨이즈트라이재활운동센터,25822332,서울특별시 서초구 서초대로64길 76-21 1층 올웨이즈트라이(서초동),기타종목,127.0215488,37.491823
시바난다요가,27901866,서울특별시 용산구 한남대로 164 4층(한남동),요가,127.0024951,37.5425691
효체육관,24005434,서울특별시 송파구 성내천로 223 영인빌딩 3층 효체육관(마천동),태권도,127.1525712,37.4997727
국가태권도,,서울특별시 노원구 중계로 120 득림빌딩 4층 국가태권도(중계동),태권도,127.08181,37.6463011
알파아동발달센터,29107553,"서울특별시 성북구 종암로 166 상가동 3층 알파아동발달센터(하월곡동, 광남캐스빌아파트)",기타종목,127.0322705,37.6047189
신길pt,,서울특별시 영등포구 가마산로 451 4층 401호 신길 pt,헬스,126.9065156,37.5058603
국기태권도아카데미국기품성라이온태권도줄넘기,,서울특별시 광진구 아차산로36길 35 2층 201호 태권도(자양동),태권도,127.0741217,37.5370929
신내탁구클럽,,서울특별시 중랑구 신내로14길 26 디딤빌딩 4층 신내탁구클럽(신내동),탁구,127.0970492,37.6055021
안드로탁구아카데미 신사,,서울특별시 은평구 은평로 5 3층(신사동),탁구,126.9092234,37.5967735
신동교육문화회관,269588603,서울특별시 서초구 나루터로 27 신동교육문화회관(잠원동),종합체육시설,127.0132819,37.5165841
아해하제플레이존,25779230,서울특별시 서초구 동산로8길 70 1층(양재동),줄넘기,127.0468043,37.4692106
아트스테이무용학원,299589238,서울특별시 광진구 천호대로 805 3층 아트스테이(광장동),무용(발레 등),127.10328,37.5457382
아쿠아랩 잠실 롯데월드점,221431142,"서울특별시 송파구 올림픽로 240 롯데월드 아이스가든 B3F, 10호 11호(잠실동)",수영,127.0982822,37.511088
아차산꿈터,24445117,서울특별시 광진구 자양로47길 8 2층(구의동),종합체육시설,127.0921266,37.5521116
신성태권도,28552810,서울특별시 관악구 남부순환로161가길 6 2층신성태권도(신림동),태권도,126.9185064,37.4852468
하늘체육관,28067106,서울특별시 금천구 금하로24길 45 3층 하늘체육관(시흥동),태권도,126.9085716,37.4489665
어울림휘트니스,23533521,"서울특별시 은평구 북한산로 2 1023동 1층 휘트니스(진관동, 은평뉴타운 구파발)",헬스,126.9162208,37.6422426
신월복싱체육관,260827002,서울특별시 양천구 남부순환로 365 지하 신월복싱체육관(신월동),복싱,126.8294692,37.5347608
아이펀,,"서울특별시 금천구 벚꽃로 30 417(독산동, 금천 롯데캐슬 골드파크 2차)",태권도,126.8940287,37.4585128
이20pt,,"서울특별시 금천구 벚꽃로 30 상가 2층 220호(독산동, 금천 롯데캐슬 골드파크 2차)",헬스,126.8940287,37.4585128
신창민 심리운동센터,24772017,서울특별시 강동구 성내로 19 지하1층 신창민 심리운동센터(성내동),기타종목,127.1228528,37.5303723
신청룡체육관,28359666,서울특별시 영등포구 신길로16길 11 영신빌딩2층 청룡태권도장(신길동),태권도,126.9094564,37.4982291
신촌탁구장,27140505,서울특별시 마포구 신촌로 118-1 1층(노고산동),탁구,126.9389139,37.5554666
실전경찰태권도,24263006,서울특별시 강동구 동남로81길 82 2층(고덕동),태권도,127.1525451,37.559057
아이짐플,277585021,서울특별시 서초구 서초대로 152-5 진우빌딩 3층 지하1층(방배동),롤러인라인,126.9987893,37.488924
스포츠스타클럽,,서울특별시 성동구 독서당로 270 대우월드타운상가 305호(금호동4가),농구,127.0194396,37.5466712
아이엔태권도장,220662322,서울특별시 구로구 천왕로 36 701호(천왕동),태권도,126.8393789,37.4808802
아이엔요가필라테스 월곡점,263695225,"서울특별시 성북구 화랑로 91 지층 1호(하월곡동, 동원빌딩)(하월곡동)",필라테스,127.0421269,37.6029883
하늘꿈아동발달센터,29746007,"서울특별시 노원구 공릉로58길 112 201, 302호(하계동, 순흥빌라트)",기타종목,127.0746945,37.6357267
써밋복싱,264351212,서울특별시 관악구 은천로 35 3층 써밋복싱(봉천동),복싱,126.9392103,37.4864075
아이엔요가 앤 필라테스 자양점,24561146,서울특별시 광진구 뚝섬로 613 3층(자양동),필라테스,127.0779507,37.532704
씨엘필라테스 잠실점,24156376,서울특별시 송파구 백제고분로7길 57 7층(잠실동),필라테스,127.0852404,37.510914
씽크엘테니스,29814620,서울특별시 강북구 삼양로54길 92 씽크엘실내테니스 B1(미아동),테니스,127.0231524,37.6228973
아이싹체육교실,236641717,서울특별시 송파구 중대로 318 3층 아이싹 체육교실(오금동),롤러인라인,127.1338856,37.5084921
아라한태권도장,226446698,서울특별시 양천구 목동중앙본로3길 10 2층(목동),태권도,126.8688194,37.5391549
아이맘인지행동발달센터,,서울특별시 광진구 동일로 357 1층(중곡동),클라이밍(암벽등반),127.075474,37.5630014
알파트레이닝센터,,"서울특별시 영등포구 여의대방로 25 경남아너스빌 상가 B101호(신길동, 보라매 경남아너스빌)",헬스,126.9103685,37.495069
국심검도관대무관,29888844,서울특별시 강북구 월계로13길 7 B1(미아동),검도,127.0345366,37.6116915
아리랑태권도장,263960145,서울특별시 용산구 한강대로87길 3 3층 아리랑태권도장(갈월동),태권도,126.9718259,37.5442067
아이돌짐,222942287,"서울특별시 성동구 행당로 79 대림아파트 리빙프라자동 5층510호 아이돌짐(행당동, 행당동 대림아파트)",롤러인라인,127.0273301,37.55787
아이나 요가앤필라테스,,서울특별시 영등포구 당산로36길 7 2층 아이나 요가앤필라테스(당산동4가),필라테스,126.8985766,37.5282992
핑퐁플러스,,서울특별시 동대문구 전농로 130 3층(전농동),탁구,127.0579372,37.5764791
아리필라테스,,서울특별시 성북구 화랑로 248 904-1호(석관동),필라테스,127.0569262,37.6104155
핏레이즈,,서울특별시 동대문구 회기로 153 지하1층(회기동),종합체육시설,127.0534958,37.5912468
아우어리,7075372540,서울특별시 동작구 여의대방로24길 14 2층(신대방동),요가,126.9210554,37.4980768
아시아체육관,23540804,서울특별시 은평구 서오릉로 208 2층 1호(갈현동),태권도,126.911069,37.6143028
아시아당구장,,서울특별시 중랑구 봉화산로 218 302호(신내동),당구,127.0970527,37.6073834
국제복싱체육관,7081611212,서울특별시 성북구 보문로 189 측면 3층 국제복싱체육관(삼선동4가),복싱,127.0142997,37.5906217
필운스튜디오,234534680,서울특별시 종로구 필운대로 40 지하(누하동),필라테스,126.9689321,37.5795536
필브레인,222150117,"서울특별시 동대문구 장한로32길 17 4층, 5층(장안동)",기타종목,127.073069,37.5753636
필복싱짐,234233365,서울특별시 중랑구 신내로 193 지하1층 필복싱짐(신내동),복싱,127.0944357,37.6154962
필라테스혜안,,서울특별시 관악구 관악로 144 303-1(봉천동),필라테스,126.9526208,37.4779433
필라테스포유,221351984,"서울특별시 종로구 종로 347 롯데캐슬 상가 지하1층 필라테스포유(숭인동, 롯데캐슬 천지인)",필라테스,127.0164918,37.5737459
군자복싱다이어트,24681282,서울특별시 광진구 능동로 267 영진빌딩 2층(군자동),복싱,127.0774022,37.5539179
군자프리미엄탁구장,24618035,서울특별시 광진구 능동로 275-1 지하1층(군자동),탁구,127.0777917,37.5546928
필라테스정원중계점,29329322,서울특별시 노원구 한글비석로 263 성모빌딩5층 필라테스정원(중계동),필라테스,127.0764888,37.6512198
남산타운문화체육센터,222808488,"서울특별시 중구 다산로 32 남산타운문화체육센터 3층(신당동, 남산타운)",기타종목,127.0097435,37.5500494
필라테스정원 노원점,29339322,서울특별시 노원구 노해로 501 노원빌딩 7층 필라테스정원 노원점(상계동),필라테스,127.0635339,37.655226
필라테스윤,222311660,"서울특별시 중구 동호로 186-13 6,7층 필라테스윤(신당동)",필라테스,127.0116383,37.5545496
굿볼아카데미 주식회사,28580066,서울특별시 서초구 효령로 330-1 천심빌딩 5층(서초동),기타종목,127.0204214,37.4858294
굿앤굿언어감각발달센터,,서울특별시 강북구 삼각산로 158 3층 송림빌딩(수유동),기타종목,127.0216787,37.641863
그리고필라테스 망우점,24327878,서울특별시 중랑구 용마산로115길 108 (망우동)(망우동),필라테스,127.0941536,37.5980747
굿앤굿언어감각발달연구소,,서울특별시 은평구 연서로 60 4층 세신빌딩(역촌동),기타종목,126.9159094,37.6044265
가온길감각통합상담연구소,,"서울특별시 강북구 도봉로 290 상가 208,209호 가온길감각통합상담연구소(미아동, 수유역푸르지오시티)",기타종목,127.0237476,37.6342132
필라테스온루케테80쌍문점,,서울특별시 도봉구 도당로 7 4층 필라테스온루케테80(쌍문동),필라테스,127.0348063,37.6587514
필라테스엠 고덕역점,234271777,서울특별시 강동구 동남로75길 13-15 성은빌딩 4층(명일동),필라테스,127.1555201,37.5536302
궁동탁구클럽,,서울특별시 구로구 오리로 1316 3층(궁동),탁구,126.8293621,37.4988215
권샘탁구클럽,28135704,서울특별시 동작구 매봉로 23 3층301호(상도1동),탁구,126.9503764,37.5062798
그녀의필라테스,7040322237,서울특별시 마포구 월드컵북로 396 누리꿈스퀘어 지라b1032호(상암동),필라테스,126.889819,37.5793419
필라테스마일,,서울특별시 종로구 성균관로 12 2층 필라테스마일(명륜2가),필라테스,126.9981823,37.5839747
종로청운스포렉스,216610835,서울특별시 종로구 자하문로 105 종로청운스포렉스(청운동),수영,126.9694729,37.5859506
그루브 댄스학원,292418393,서울특별시 금천구 독산로 215 2층 그루브댄스학원(독산동),무용(발레 등),126.9017026,37.4659798
sbs당구장,262923323,서울특별시 금천구 시흥대로71길 44 3층sbs당구장(시흥동),기타종목,126.8994473,37.4549954
(주)박재활운동센터,218118861,"서울특별시 노원구 동일로 986 102동 2층 213호(공릉동, 노원 프레미어스 엠코)",기타종목,127.076212,37.618481
필라테스가든 평생교육원,222811929,서울특별시 성동구 사근동길 6 2층 필라테스가든 한양대점(행당동),필라테스,127.0420376,37.5601514
그림필라테스,,서울특별시 동작구 노량진로22길 44 1층 그림필라테스(본동),필라테스,126.9501301,37.5109262
필라테스BE,,"서울특별시 성북구 종암로23길 35 래미안세레니티 아파트 상가B1(종암동, 래미안세레니티)",필라테스,127.0313423,37.5993452
가온누리아동심리상담센터,262210330,서울특별시 송파구 새말로 125 502호(문정동),기타종목,127.127908,37.4831216
필라테스192 천호점,24789670,서울특별시 강동구 구천면로 192 푸르지오 301호 필라테스(천호동),필라테스,127.1258416,37.5403622
(주)한국그룹운동개발원,263698004,서울특별시 송파구 송이로 91 (가락동) 송이빌딩 5층,기타종목,127.1209697,37.498076
필라테스 인내,,서울특별시 금천구 독산로50길 90 2층 204호(시흥동),필라테스,126.9091278,37.4623842
필라테스 더 빌리브,,"서울특별시 노원구 마들로 31 그랑빌 주상가 3층 필라테스 더 빌리브(월계동, 그랑빌아파트)",필라테스,127.0686647,37.6183634
글로벌 태권도장,28417942,서울특별시 영등포구 대림로 245 5층 글로벌 태권도장(대림동),태권도,126.8963965,37.5023211
글로벌태권스쿨,28534471,서울특별시 관악구 조원로 128 303호(신림동),태권도,126.9166573,37.4851167
금강태권도,24355933,서울특별시 중랑구 면목로 375 2층(면목동),태권도,127.0882128,37.5855185
금강태권도,28665220,서울특별시 관악구 남부순환로151길 41 2층 금강태권도(신림동),태권도,126.915956,37.4836076
피트니스지앤지,25710058,"서울특별시 강남구 강남대로 240 지하2층,휘트니스엠 양재점(도곡동)",종합체육시설,127.0344241,37.4851767
피트니스오늘필라테스,,서울특별시 동대문구 장한로 29 상영빌딩 지하1층(장안동),필라테스,127.0660817,37.5641915
피트니스 뭅,,서울특별시 노원구 동일로 1365 502호(상계동),헬스,127.0612598,37.6505982
프라이드짐,236617778,서울특별시 강서구 양천로 709 3층(염창동),기타종목,126.874833,37.5499221
피지오핏,29330675,서울특별시 노원구 한글비석로 384 225호 피지오핏(중계동),필라테스,127.0734392,37.6599272
1ON1 뉴힐링라이프 재활운동센터 강동점,220397702,"서울특별시 강동구 양재대로124길 32 203호 뉴힐링라이프 재활운동센터(길동, 동서울오네뜨)",헬스,127.1436562,37.5426145
금빛호수 태권도,222322073,서울특별시 성동구 동호로 102 상가동 604호 금빛호수 태권도(금호동3가),태권도,127.0164321,37.5488915
금빛휘트니스센터,28029685,서울특별시 금천구 금하로 668 금빛휘트니스센터(시흥동),헬스,126.9044221,37.4526844
플렉스복싱,24271282,서울특별시 성동구 아차산로7길 4 3층(성수동2가),복싱,127.0543956,37.5455846
플라잉 온 필라테스,260151100,서울특별시 은평구 연서로3가길 14 2층(역촌동),필라테스,126.9149036,37.6035409
프리윌아동청소년발달센터,230128777,서울특별시 송파구 새말로 167 이주빌딩 2층 프리윌아동청소년발달센터(문정동),기타종목,127.131367,37.4854575
금천검도관,28610087,서울특별시 금천구 독산로 303 금천검도관(독산동),검도,126.9031066,37.4737878
금천구민문화체육센터,28611313,서울특별시 금천구 독산로54길 188 금천구민문화체육센터(독산동),헬스,126.907373,37.4700675
프리미어 스포츠 클럽,,"서울특별시 구로구 공원로 40 103호(구로동, 신도림쌍용플래티넘노블)",축구(풋살),126.8912982,37.5009591
금천구청금나래문화체육센터,28057678,서울특별시 금천구 시흥대로79길 32 금나래문화체육센터(독산동),헬스,126.8960531,37.4589314
금천장애인종합복지관,269128000,서울특별시 금천구 시흥대로101길 17 금천장애인종합복지관(독산동),기타종목,126.8963477,37.4639858
금천체육관,28047840,서울특별시 금천구 탑골로 15 시흥5동  827-23호 3층(시흥동),태권도,126.910705,37.4517582
회현체육센터,222808430,서울특별시 중구 퇴계로12길 78 회현체육센터(회현동1가),기타종목,126.981627,37.5560415
프롬더바디,276161236,서울특별시 성동구 왕십리로 115 9층 905호 프롬더바디(성수동1가),헬스,127.0441277,37.5479193
기쁜우리복지관,236653831,서울특별시 강서구 허준로 65 기쁜우리복지관(가양동),기타종목,126.8487793,37.5693631
기쁜우리체육센터,236638114,"서울특별시 강서구 허준로 65 (가양동, 기쁜우리복지관,체육센터) 기쁜우리체육센터",수영,126.8487793,37.5693631
가천대상도태권도장,28212221,서울특별시 동작구 흑석로 11 2층(상도1동),태권도,126.9519089,37.5049704
용인대석사타이거K,23969123,서울특별시 서대문구 연희로 283 3층용인대석사 타이거K 태권도장(홍은동),태권도,126.9359967,37.5823562
프라이드필라테스,28329682,서울특별시 영등포구 여의대방로 95 4층 프라이드필라테스(신길동),필라테스,126.9171529,37.4976542
품태권스쿨,236649007,서울특별시 강서구 공항대로59길 41 2층 품태권스쿨(등촌동),태권도,126.863371,37.5535444
올림픽휘트니스,24690067,서울특별시 성동구 뚝섬로 400 3층 올림픽휘트니스(성수동2가),헬스,127.0550106,37.5385734
포텐PT,,서울특별시 강남구 학동로4길 18 지하1층(논현동),헬스,127.0231828,37.5102582
김도윤탁구클럽,29391018,서울특별시 노원구 덕릉로126길 6 2층 김도윤탁구클럽(상계동),탁구,127.0817984,37.6702199
포올태권도 운동발달센터,24487983,서울특별시 송파구 양재대로72길 18 백조상가 2층 포올태권도 운동발달센터(오금동),태권도,127.1287636,37.5090801
펠든크라이스다움,,"서울특별시 용산구 한강대로 205 D2911(한강로1가, 용산파크자이)",기타종목,126.9729276,37.536532
마포장애인종합복지관,23066212,서울특별시 마포구 성산로 128 마포장애인종합복지관(성산동),기타종목,126.9082019,37.5637955
다미안 요가&필라테스,222085190,서울특별시 중랑구 겸재로 187 3층 다미안요가필라테스(면목동),필라테스,127.0883647,37.5888011
갈현화랑태권도장,23540456,서울특별시 은평구 통일로87길 19 4층 갈현화랑태권도장(갈현동),태권도,126.9175284,37.62331
펀치라인복싱 미아삼양점,,서울특별시 강북구 삼양로 261 2층 펀치라인복싱(미아동),복싱,127.017988,37.626739
펀치라인복싱,29911388,서울특별시 강북구 삼양로 472 2층 펀치라인복싱(수유동),복싱,127.015806,37.6453913
황룡체육관,,"서울특별시 영등포구 대방천로 180 상가동203호(신길동, 우성2차아파트)",태권도,126.9109188,37.4981477
강동구도시관리공단 온조대왕문화체육관,220457844,서울특별시 강동구 고덕로 285 온조대왕문화체육관(고덕동),수영,127.157451,37.556703
까치당구클럽,,서울특별시 강서구 강서로18나길 1 2층(화곡동),당구,126.847237,37.5341812
깨금발재활운동센터,,서울특별시 관악구 남부순환로 1845 더 헤르미온 2층 201호 깨금발재활운동센터(봉천동),필라테스,126.9552889,37.4806611
퍼스트knsu 기계체조클럽  체육임용실기학원,249986280,서울특별시 관악구 양녕로 29 미화빌딩 4층 퍼스트KNSU(봉천동),기타종목,126.9464107,37.4846787
강남장애인복지관,25608223,서울특별시 강남구 개포로 605 강남장애인복지관 B1 강남 베프 피트니스센터(개포동),헬스,127.0735099,37.4919984
강남합기도스쿨,25723325,서울특별시 강남구 남부순환로363길 17 소화빌딩 강남합기도스쿨(도곡동),합기도,127.037778,37.4863718
꾸마시협동조합,269560799,"서울특별시 동대문구 천호대로 385 101-301(장안동, 글로벌팰리스)",농구,127.061918,37.5621596
강담태권도,28457239,"서울특별시 동작구 여의대방로10길 38 상가2층 강담태권도(신대방동, 보라매롯데낙천대아파트)",태권도,126.9134809,37.494605
꿈꾸는탁구클럽,,서울특별시 서초구 바우뫼로6길 46 동우빌딩(우면동),탁구,127.0273793,37.4688116
365탁구클럽,226373729,서울특별시 영등포구 선유로 115 (양평동1가),탁구,126.8901485,37.5243217
팩토리짐,220989679,서울특별시 금천구 두산로 70 A동 T-B201호(독산동),헬스,126.8956207,37.4689627
FULL 당구클럽,,서울특별시 중랑구 겸재로 264 2층 FULL 당구클럽(면목동),당구,127.0967978,37.590151
MSF GYM,220397499,서울특별시 동작구 여의대방로 284 지하1층(대방동),태권도,126.9253788,37.5118087
패트릭스아웃컴 고척점,220668788,서울특별시 구로구 고척로 239 힘찬테크 5층 패트릭스아웃컴(고척동),기타종목,126.8595806,37.5067064
파크골프대한스포츠사회적협동조합,24197330,서울특별시 송파구 문정로 246 송파구 사회적경제센터(마천동),기타종목,127.1420301,37.4999116
강동그린나래복지센터,24424550,서울특별시 강동구 고덕로 100-5 강동그린나래복지센터(암사동),기타종목,127.1365631,37.5543139
꿈의숲탁구장,29805642,서울특별시 강북구 오현로32길 4-3 지하 꿈의숲 탁구장(번동),탁구,127.0398658,37.6284321
파이널유도멀티짐 성북점,29231546,서울특별시 성북구 보문로30길 36 엘리트빌딩 3층 파이널유도멀티짐 성북점(안암동1가),유도,127.0194097,37.5890377
대명체육관,222079011,서울특별시 중랑구 봉화산로56길 153 대명프라자 309호 310호(신내동),유도,127.0967927,37.6014919
파이널유도멀티짐,262046565,서울특별시 강서구 등촌로 17 3층(화곡동),유도,126.8634675,37.5315894
419당구장,7075371552,서울특별시 강북구 4.19로11길 7 3층 419당구장(수유동),당구,127.0083169,37.6461189
3949당구장,,"서울특별시 동작구 보라매로5가길 16 지하1층 3호(신대방동, 보라매아카데미타워)",당구,126.9240749,37.4913263
강동신화태권도장,,서울특별시 강동구 천중로15가길 1 2층(천호동),태권도,127.1286583,37.5456775
끌로에필라테스 북가좌점,23030601,서울특별시 서대문구 응암로 54 4층 끌로에필라테스(북가좌동),필라테스,126.9102202,37.5778964
나라차 중계 태권도장,29308878,서울특별시 노원구 한글비석로 242 삼부프라자 B1 나라차 중계 태권도장(중계동),태권도,127.0769853,37.6492399
나라차하계태권도장,29728234,서울특별시 노원구 노원로 246 9층(하계동),태권도,127.074095,37.6396449
파스텔발란스 약수점,,서울특별시 중구 동호로 180 신당동 대승빌딩 4층 401호(신당동),필라테스,127.0113291,37.554421
커브스 가재울클럽,23071330,서울특별시 서대문구 수색로 56 505호(북가좌동),헬스,126.9123057,37.5708721
나라찬태권도,,서울특별시 강북구 삼양로163길 14 3층(우이동),태권도,127.0130945,37.6587482
파랑새아동발달센터,28269949,"서울특별시 동작구 상도로 301 지하 1층, 지상 4층 파랑새아동발달센터(상도1동)",기타종목,126.9499692,37.5009948
강무관대호무술체육관,29770505,"서울특별시 노원구 동일로204가길 34 B1층 152,153호(중계동, 씨앤미복합빌딩)",복싱,127.06816,37.6407272
인성태비태권도,24510037,"서울특별시 강남구 밤고개로21길 25 단지내상가202호,203호(자곡동, 래미안포레)",태권도,127.1097655,37.4754939
팀코리아태권도장,28664425,서울특별시 관악구 조원로 56 3층 팀코리아태권도장(신림동),태권도,126.9087181,37.4834948
팀제이짐,,서울특별시 구로구 경인로20가길 11 지하1층(오류동),헬스,126.8443995,37.4956484
강북경희대태권도,29847724,서울특별시 강북구 도봉로67길 35 2층 202호(미아동),태권도,127.0225464,37.630075
서울여성플라자스포츠센터,28222426,서울특별시 동작구 여의대방로54길 18 1층 스포츠센터(대방동),헬스,126.9272242,37.5116167
나우어린이수영,24424076,서울특별시 강동구 아리수로 427 지하1층 나우어린이수영(강일동),수영,127.1746155,37.5649683
강북남동훈태권도,234913911,서울특별시 도봉구 시루봉로12길 6 3층 태권도(방학동),태권도,127.0307496,37.6650972
강북문화예술회관,29443061,서울특별시 강북구 삼각산로 85 강북문화예술회관(수유동),수영,127.0133421,37.6408543
나인당구장,23561838,서울특별시 은평구 진관3로 22 이로운프라자9층(진관동),당구,126.9191768,37.638944
화이팅탁구교실,29961088,서울특별시 도봉구 해등로 130 화이팅탁구교실(창동),탁구,127.040855,37.6551239
대한태권도장,29795339,"서울특별시 노원구 월계로55길 4 상가2층 201,202호 대한태권도장(월계동)",태권도,127.0609256,37.631937
티에스TS한국체대 한일태권도장,28735506,서울특별시 관악구 신림로 264 4층(신림동),태권도,126.9326196,37.4787112
티에스 지디알 TSGDR 골프아카데미 정릉점,29177771,서울특별시 성북구 보국문로 50 b2(정릉동),골프,127.0100752,37.6088572
남산타운문화체육센터,222808480,"서울특별시 중구 다산로 32 남산타운문화체육센터 3층(신당동, 남산타운)",헬스,127.0097435,37.5500494
특공무술주짓수 우리도장,29876190,서울특별시 강북구 도봉로 164 3층 체육관(미아동),주짓수,127.0276426,37.6234255
특공무술신림도장,,서울특별시 관악구 문성로16가길 1 2층(신림동),합기도,126.9136617,37.4767024
트리플짐,23835550,서울특별시 은평구 역말로 5 3층(역촌동),복싱,126.9109724,37.6057199
강서구시설관리공단 강서레포츠팀,236611999,서울특별시 강서구 화곡로65길 62 강서구민올림픽체육센터(등촌동),헬스,126.8506012,37.559675
서울숲탁구클럽,,서울특별시 성동구 상원4길 9 서울시 성동구 상원4길9 지하(성수동1가),탁구,127.0497012,37.547293
강서구시설관리공단 마곡레포츠팀,236637171,서울특별시 강서구 양천로 251 마곡레포츠센터.마곡배드민턴장(마곡동),수영,126.8321543,37.5731624
강서클라이밍센터,236620138,서울특별시 강서구 공항대로 284 4층(내발산동),클라이밍(암벽등반),126.8391145,37.5581956
트리플에이짐,233904450,"서울특별시 동대문구 서울시립대로 155 면전빌딩 2,3층(전농동)",헬스,127.0540788,37.5838798
화심회라온태권도,29672535,서울특별시 강북구 인수봉로72길 42 상가2층 화심회라온태권도(수유동),태권도,127.0133425,37.6427152
강일 퍼스트 태권도장,24274765,서울특별시 강동구 아리수로93나길 50 504호505호(강일동),태권도,127.174498,37.5720997
동작구시설관리공단 사당문화회관,25884111,서울특별시 동작구 사당로8길 9 사당문화회관(사당동),수영,126.9696588,37.4847638
내아이발달센터서초,274352468,"서울특별시 서초구 동산로 32 지하1층 내아이발달센터(양재동, 세정빌)",기타종목,127.0428021,37.4704077
테스트 시설,232523252,서울특별시 송파구 올림픽로 424 올림픽공원,태권도,127.122959,37.520934
턴온피트니스,,서울특별시 마포구 토정로37길 41 3층 턴온피트니스(염리동),헬스,126.94672,37.542715
창동문화체육센터,29015200,서울특별시 도봉구 노해로69길 132 창동문화체육센터(창동),헬스,127.0507056,37.6581175
태종태권도,29093797,서울특별시 성북구 한천로101길 36 301호~3호(장위동),태권도,127.0488493,37.6225333
태아일체 라온태권도장,25770355,"서울특별시 서초구 청계산로7길 43 상가동 202호 라온태권도장(신원동, 서초포레스타5단지)",태권도,127.0571516,37.4515234
유오에스필라요가,,서울특별시 동대문구 서울시립대로 163 웰니스센터 2층 필라테스 룸(전농동),필라테스,127.0588564,37.583639
뉴금천휘트니스,28948308,서울특별시 금천구 독산로54길 32 B1(시흥동),헬스,126.9071745,37.4640198
태낭태사태권도장 다온관,226982492,서울특별시 양천구 중앙로23길 32 4층 태낭태사 태권도장 다온관(신정동),태권도,126.8532891,37.5178321
태낭태사 태권도,,서울특별시 양천구 월정로 69 3층 태낭태사 태권도(신월동),태권도,126.8407356,37.5257044
세종탁구장,222433959,서울특별시 성동구 천호대로 432 지하1층(용답동),탁구,127.0668691,37.5607536
태권박사스포츠짐,264053023,"서울특별시 동작구 상도로34길 36-10 지2층(상도동, 대흥빌딩근생및도시형주택(원룸))",태권도,126.9447745,37.5036619
화랑태권도체육관,234119557,서울특별시 강남구 일원로5길 51 4층 화랑태권도(일원동),태권도,127.0843345,37.4922331
뉴타운탁구클럽,,"서울특별시 은평구 가좌로7나길 30 우성상가지하 1층(응암동, 응암우성아파트)",탁구,126.9181038,37.5840245
화랑태권도,29091807,"서울특별시 성북구 보국문로30길 15 정릉대우아파트 상가 1층(정릉동, 정릉대우아파트)",태권도,127.0035716,37.6178779
뉴탁구클럽,,서울특별시 노원구 공릉로 235 3층 뉴탁구클럽(공릉동),탁구,127.0759373,37.6301734
뉴힐링라이프 재활운동센터 강북점,260809867,서울특별시 강북구 덕릉로 115 승진빌딩 5층 뉴힐링라이프 재활운동센터 강북점(번동),필라테스,127.0266552,37.6351308
태권도정훈체육관,24471246,서울특별시 광진구 뚝섬로 632 3층(자양동),헬스,127.0797369,37.5317929
화랑태권도,23857853,서울특별시 은평구 연서로 37 3층 화랑태권도(역촌동),태권도,126.9155514,37.6025674
늘푸른발달센터,291545034,서울특별시 강남구 개포로 670 4층 늘푸른발달센터(일원동),종합체육시설,127.0856997,37.4954479
화랑태권도,222448996,서울특별시 동대문구 망우로16길 26 2층(휘경동),태권도,127.0611243,37.5890111
탑태권도장,29960045,"서울특별시 도봉구 해등로 190 (쌍문동, 신원주상복합2차아파트)",태권도,127.0357249,37.6583071
화랑체육관,28056464,서울특별시 금천구 시흥대로20길 13 2층 화랑체육관(시흥동),태권도,126.9041803,37.4410247
신길PT,29171349,서울특별시 영등포구 가마산로 451 용성빌딩4층(신길동),헬스,126.9065156,37.5058603
탁구장,23036070,서울특별시 마포구 모래내로1길 3 지하1층(성산동),탁구,126.9038944,37.5645579
화곡와이어주짓수,263692310,서울특별시 강서구 화곡로 128 2층(화곡동),주짓수,126.8360673,37.5402441
홍핏,27478296,서울특별시 종로구 사직로 119 목천빌딩(내자동),헬스,126.9719072,37.5763111
탁구랑,,서울특별시 송파구 거마로2길 18 지층(거여동),탁구,127.1467516,37.4932951
탁구랑,,서울특별시 송파구 거마로2길 18 지하1층 탁구랑(거여동),탁구,127.1467516,37.4932951
홍짐hong gym,,"서울특별시 관악구 난곡로 100 홍짐(신림동, 파로스프라자A동)",헬스,126.9195348,37.4642923
다미안요가필라테스 면목점,,서울특별시 중랑구 겸재로 187 3층 (다이안요가필라테스면목점)(면목동),필라테스,127.0883647,37.5888011
다사랑아동발달센터,226203160,서울특별시 양천구 신정이펜2로 12 404호(신정동),기타종목,126.8328206,37.5126032
운동하는날 우면점,25778296,서울특별시 서초구 바우뫼로6길 16 2층 운동하는날(우면동),헬스,127.0259369,37.4696225
다솜운동발달센터,23545943,서울특별시 은평구 서오릉로 40 (녹번동) 4층 다솜운동발달센터,기타종목,126.924847,37.6045338
사우스포복싱클럽,,서울특별시 노원구 동일로192길 11 하나빌딩5층. 사우스포복싱클럽(공릉동),복싱,127.0736709,37.6261205
다앤유재활운동센터,269535776,서울특별시 마포구 토정로 298 3층 301호(용강동),기타종목,126.9421767,37.5406218
킹태권도장,24527789,서울특별시 광진구 광나루로37길 24 2층(구의동),태권도,127.0882162,37.5457907
킹스키즈센터,,"서울특별시 영등포구 여의동로 213 지하 1층 상가 101호, 105호   킹스키즈센터(여의도동, 여의도금호리첸시아)",기타종목,126.9396472,37.5185998
킨더윌언어심리전문센터,29393421,"서울특별시 노원구 상계로23다길 13-8 10호 1층(상계동, 노원 아이파크)",기타종목,127.0694005,37.6598913
다이노스 스포츠,24350320,서울특별시 송파구 송이로36길 62-19 2층(문정동),축구(풋살),127.1266717,37.4842756
키즈 엘리트,269290079,서울특별시 양천구 목동동로10길 24 지하 1층 키즈엘리트 수영장(신정동),수영,126.8723647,37.5193552
다이어트복싱킥복싱MMA우슈,29000077,서울특별시 강북구 한천로 1182 3층체육관(수유동),복싱,127.0145908,37.6484167
키덜트골프클럽,25859710,서울특별시 서초구 남부순환로333길 32 B02(서초동),골프,127.0208512,37.4838565
키다리점핑운동,,서울특별시 성북구 보문로34가길 2 지하1층(동선동3가),기타종목,127.0200811,37.5915743
홍제미美탁구클럽,23958421,"서울특별시 서대문구 세무서7길 12-6 지하1층(홍제동, 대흥주택)",탁구,126.9465589,37.5916338
키노짐스포츠,29314040,서울특별시 성북구 정릉로52길 5 지하1층(종암동),농구,127.030242,37.6037836
다짐필라테스 신대방삼거리점,28153636,서울특별시 동작구 국사봉1길 11 다짐필라테스  신대방삼거리점,필라테스,126.929264,37.498998
클래식바디짐,27471622,"서울특별시 종로구 지봉로 87 지하1층 클래식바디짐(창신동, 창신3동주민센터)",헬스,127.0151761,37.5778443
홈핏,269588253,"서울특별시 마포구 백범로31길 21 609호, 서울창업허브 본관(공덕동)",헬스,126.9497275,37.5466767
크리드짐,,서울특별시 영등포구 당산로33길 9 4층 크리드짐(당산동3가),헬스,126.8956632,37.5271765
크로스핏 핏불 성수점,24991379,서울특별시 성동구 상원6길 14 상가건물 지하1층(성수동1가),크로스핏,127.0495662,37.5489071
달려라재활운동센터,234213337,서울특별시 중랑구 봉화산로 194 8층 810호(신내동),헬스,127.0947162,37.6064552
크로스핏 에이블 문정,24027668,서울특별시 송파구 동남로 108 지하1층 1호(문정동),헬스,127.1233728,37.4896516
크로스 복싱 클럽,23077982,서울특별시 은평구 은평로 46 크로스 복싱클럽 5층(신사동),복싱,126.9131123,37.5983117
CBS 기독교방송 종합문화센터,226507034,서울특별시 양천구 목동서로 159-1 CBS기독교방송 9층(목동),기타종목,126.8749907,37.5282318
당고개점핑,,서울특별시 노원구 덕릉로112길 42 3층(상계동),기타종목,127.0798879,37.6663622
스포니스 양재역점,,서울특별시 서초구 강남대로 267 지하1층 스포니스 양재역점(서초동),헬스,127.0323343,37.4871648
더리햅 맞춤재활운동센터,29093493,서울특별시 성북구 월계로40길 7 센트럴타운4층(장위동),기타종목,127.048374,37.6229606
거산MMA태권도장,232751212,서울시 서대문구 세검정로 89 MKA빌딩 2층,태권도,126.9486773,37.5957705
코리아탁구체육관,24728500,서울특별시 강동구 구천면로 304 5층 코리아탁구체육관(천호동),탁구,127.1348298,37.5467197
호림합기도,29970871,서울특별시 도봉구 도봉로125길 75 3층 호림합기도(쌍문동),합기도,127.0368419,37.6558441
용인대 국가대표 태권도장,226657989,서울특별시 강서구 마곡중앙5로 81 에스비타운 9층 901호(마곡동),태권도,126.8185936,37.567121
코리아블랙벨트센터,23730892,서울특별시 마포구 월드컵북로 496 2층 코리아블랙벨트센터(상암동),태권도,126.8801491,37.5848727
코리아 탑클래스태권도,236669950,서울특별시 구로구 서해안로 2293 리더원빌딩 204호 코리아 탑클래스태권도(오류동),태권도,126.8397451,37.491483
거원태권도,24041888,서울특별시 송파구 양산로4길 13 우토파크빌딩 5층 거원태권도(거여동),태권도,127.1447458,37.490006
대박점핑,28358481,서울특별시 영등포구 도신로15길 37 타원밸라움 203호(도림동),기타종목,126.8962141,37.5082578
코끼리아동청소년발달센터구로,226371032,"서울특별시 구로구 구로중앙로 134 리치몰 2층 코끼리아동청소년발달센터(구로동, 신구로자이나인스에비뉴)",기타종목,126.8846199,37.4999176
코끼리아동청소년발달센터강서지점,226667942,서울특별시 강서구 공항대로 190 푸리마타워 5층 501호 코끼리아동청소년발달센터(마곡동),기타종목,126.8286371,37.5590423
코끼리아동청소년발달센터,28932808,서울특별시 금천구 시흥대로 399 5층 515호 코끼리아동청소년발달센터(독산동),기타종목,126.8970019,37.4693592
코끼리아동청소년발달센터,29776136,서울특별시 중랑구 동일로 933 2층 코끼리아동청소년발달센터(묵동),기타종목,127.0765736,37.6137336
코끼리아동청소년발달센터,28420275,"서울특별시 동작구 보라매로5가길 16 6층 610호,613호(신대방동, 보라매아카데미타워)",기타종목,126.9240749,37.4913263
케이짐,247907975,"서울특별시 은평구 통일로89길 12-13 1층 101호(갈현동, 수아채)",기타종목,126.9188684,37.6251068
대우체육관,29982238,서울특별시 도봉구 덕릉로63가길 42 3층대우체육관(창동),태권도,127.0380907,37.643261
대우태권도,28884777,"서울특별시 관악구 관악로30길 27 관악푸르지오 상가 2층 206호(봉천동, 관악푸르지오)",태권도,126.9608925,37.487304
DMC파크뷰자이아파트입주자대표회의,244372404,"서울특별시 서대문구 가재울미래로 2 1단지 커뮤니티센터 지하1층(남가좌동, DMC파크뷰자이)",종합체육시설,126.9176129,37.5728378
호림태권도,254788877,서울특별시 관악구 광신길 154 3층 호림태권도(신림동),태권도,126.9270406,37.4655226
대조합기도,23513401,서울특별시 은평구 연서로18길 14 B1 대조합기도(대조동),합기도,126.9190192,37.6121253
혜인아동청소년발달센터,24328961,서울특별시 중랑구 망우로 262 3층(상봉동),기타종목,127.0817635,37.5950869
대치통합발달심리센터,,서울특별시 강남구 선릉로 320 성진빌딩 지하1층,기타종목,127.0522104,37.4982857
커브스장지클럽,220471278,서울특별시 송파구 충민로 52 BF1063호(문정동),헬스,127.1225323,37.4776993
현중무관 백호합기도,23514288,서울특별시 은평구 연서로3길 40 B1 현중무관 백호합기도(역촌동),합기도,126.9113307,37.6030554
커브스월곡클럽,29092230,서울특별시 성북구 오패산로 98 104호(하월곡동),헬스,127.0356515,37.6108526
커브스아현클럽,23933031,서울특별시 서대문구 북아현로 2 4층커브스(북아현동),헬스,126.9564199,37.557727
커브스석관클럽,269564230,서울특별시 성북구 돌곶이로 75 5층(석관동) 커브스석관클럽,에어로빅,127.0574858,37.6100929
커브스망원클럽,23329930,서울특별시 마포구 월드컵로 94 9층 커브스망원클럽(서교동),에어로빅,126.9094796,37.5571205
커브스까치산클럽,220653360,서울특별시 강서구 강서로 36 3층 커브스까치산(화곡동),헬스,126.8473882,37.5311832
커브스길음클럽,29427130,서울특별시 성북구 길음로 20 4층커브스(길음동),에어로빅,127.023066,37.6047272
커브스 행당클럽,222973070,서울특별시 성동구 행당로 87 대림리빙프라자 506호(행당동),기타종목,127.0285419,37.5573015
커브스 전농클럽,222163030,"서울특별시 동대문구 사가정로 148 sk아파트 스포츠상가 310호(전농동, 전농 SK아파트)",헬스,127.060549,37.5769111
커브스 상암클럽,269222230,서울특별시 마포구 월드컵북로 434 214호 커브스 상암클럽(상암동),헬스,126.8859573,37.5816533
커브스 상봉클럽,24358230,서울특별시 중랑구 망우로 305 6층(상봉동),헬스,127.0861833,37.5968772
대한합기도,28625753,"서울특별시 구로구 가마산로 280 201호(구로동, 구로2차순영웰라이빌)",합기도,126.8915795,37.4960691
커브스 면목클럽,24371330,서울특별시 중랑구 면목로 305 6층(면목동),헬스,127.0874615,37.5797018
종로구민회관,236722530,서울특별시 종로구 지봉로5길 7-5 종로구민회관(창신동),헬스,127.0144451,37.573459
캐롬빌리지,7042333949,서울특별시 영등포구 여의대방로65길 6 센터빌딩 지하2층(여의도동),기타종목,126.9305418,37.5191892
더리핏,220880787,서울특별시 동작구 상도로 360 지하1층(상도동),복싱,126.9530498,37.4965065
카이로스,24568885,서울특별시 광진구 용마산로 45 3층 비룡체육관(중곡동),합기도,127.0877132,37.5575945
종로구시설관리공단 종로문화체육센터,27329393,서울특별시 종로구 인왕산로1길 21 종로문화체육센터(사직동),수영,126.9646648,37.5742531
건강더하기헬스,28492831,서울특별시 영등포구 도신로 227 4층 건강더하기헬스(신길동),헬스,126.9162603,37.5121385
0211필라테스 개봉 평생교육원,,"서울특별시 구로구 고척로 85 아파트상가 2층, 0211필라테스(개봉동, 거성푸르뫼1차아파트)",필라테스,126.843584,37.5010811
충무스포츠센터,222808400,서울특별시 중구 퇴계로 387 충무스포츠센터(흥인동),기타종목,127.0148052,37.5659304
현대태권도장태권도,24469433,서울특별시 광진구 자양로15길 59 2층 현대태권도장(자양동),태권도,127.0804313,37.5351205
현대태권도,236635673,"서울특별시 강서구 양천로 507 상가3층 현대태권도(가양동, 강나루현대아파트)",태권도,126.8569326,37.5608928
더리햅 맞춤재활운동센터,29093493,서울특별시 성북구 월계로40길 7 414호(장위동),기타종목,127.048374,37.6229606
위너짐,29369696,서울특별시 노원구 동일로 1665 대은빌딩5층(상계동),헬스,127.0550064,37.6771528
올림픽기념국민생활관,27456701,서울특별시 종로구 성균관로 91 올림픽기념국민생활관(혜화동),수영,126.9988244,37.5904911
더발라레필 발레학원,240929043,서울특별시 송파구 백제고분로41길 20 201호 더발라레필발레학원(송파동),무용(발레 등),127.1075986,37.507776
건대탁구클럽,260151952,서울특별시 광진구 아차산로 324 지하 101호 건대탁구클럽(자양동),탁구,127.0787669,37.537424
건민체육관,,"서울특별시 은평구 통일로 796 아파트상가 132호(불광동, 북한산 힐스테이트7차)",태권도,126.9264534,37.6160938
건영볼링센타,233995351,서울특별시 노원구 섬밭로 258 지하 2층 건영볼링센타(중계동),볼링,127.0648461,37.6388762
더본필라테스,,서울특별시 구로구 천왕로 36 203호(천왕동),필라테스,126.8393789,37.4808802
더블유에스복싱클럽,231470111,서울특별시 은평구 연서로 134 지하 1층(역촌동),복싱,126.9174382,37.6106754
더블유에스복싱클럽,27021282,서울특별시 용산구 만리재로 134 8층ws복싱클럽(서계동),복싱,126.9625769,37.5513395
더사랑아동발달센터,23047142,서울특별시 마포구 월드컵로36길 18 309호(성산동),기타종목,126.9034042,37.566244
더아이다움,27111998,서울특별시 용산구 효창원로66길 17 3층 더아이다움(효창동),기타종목,126.9629456,37.5409915
F4탁구장,,서울특별시 양천구 남부순환로57길 2 지하 F4탁구장(신월동),탁구,126.8309394,37.5330463
피트니스더블유,23039755,서울특별시 서대문구 증가로 133 3층(남가좌동),헬스,126.9226282,37.5773206
타워필라테스요가 신대방역점,,서울특별시 관악구 신사로 104-1 5층 517-4호 (중앙빌딩)(신림동),필라테스,126.9140692,37.4872353
최경훈탁구교실,226118437,서울특별시 구로구 고척로 229 4층(고척동),탁구,126.8584791,37.5062958
최강합기도,222471230,서울특별시 동대문구 장한로12길 48 2층(장안동),합기도,127.0702222,37.5649285
최강합기도,,서울특별시 노원구 동일로 1350 603호(상계동),합기도,127.0624191,37.6492333
검도교실경당,24826566,서울특별시 강동구 구천면로 267 검도교실경당(천호동),검도,127.1322074,37.5441337
더코어필라테스 회현점,237896488,"서울특별시 중구 퇴계로 72 SK리더스뷰남산 1층 109~110호 더코어필라테스 회현점(회현동1가, 리더스뷰남산)",필라테스,126.9808786,37.5592013
검수원검도관,23126343,서울특별시 서대문구 북아현로4길 2 지층(북아현동),검도,126.9568277,37.5592341
오늘의 GYM,,서울특별시 강동구 아리수로93나길 26 201호(강일동),헬스,127.1733282,37.5717707
격술원,,"서울특별시 노원구 노원로 29 상가305호(공릉동, 우성아파트)",태권도,127.0850708,37.6244827
경기검도관,24519112,서울특별시 강남구 개포로 615 B1 109호 경기검도관(개포동),검도,127.0756013,37.4926645
영앤짐 헬스&PT,258280801,서울특별시 양천구 공항대로 552 B109호 영앤짐(목동),헬스,126.8669562,37.5495586
데이빗복싱체육관,226121515,서울특별시 구로구 경인로47길 134 대화빌딩 3층(고척동),복싱,126.863305,37.5044715
데일리필라테스,226110414,서울특별시 구로구 경서로 53 2층(고척동),필라테스,126.8587804,37.5018236
혁짐,7041018296,서울특별시 구로구 서해안로 2108 5층(항동),헬스,126.8240092,37.4806109
도담도담 스포츠강남점,,서울특별시 강남구 개포로22길 98 정산빌(개포동),종합체육시설,127.0532304,37.4753569
도담도담SPORTS,269535995,서울특별시 성동구 독서당로 188 대옥빌딩 지하1층 도담도담스포츠(옥수동),기타종목,127.0121868,37.5422898
헬스장,,서울특별시 영등포구 경인로 775 지하 1층 149호 헬스보이짐(문래동3가),헬스,126.8975368,37.5147464
청운검도관,28773774,서울특별시 관악구 봉천로 385 경인빌딩지층(봉천동),검도,126.9427949,37.4834054
헬스보이짐  프리미엄 신촌점,23632003,서울특별시 서대문구 신촌로 109 지하4층 헬스보이짐(창천동),헬스,126.9381005,37.5557525
청우태권도장 서울본관,25774747,서울특별시 서초구 서초대로64길 50 B1(서초동),태권도,127.0211591,37.4934638
도림금강태권도장,269253335,"서울특별시 영등포구 도영로 66 상가209,210,211호(도림동, 영등포아트자이아파트)",태권도,126.8998823,37.5108017
도봉구시설관리공단쌍문종합체육센터,29025210,서울특별시 도봉구 시루봉로 42 3층 사무실(쌍문동),수영,127.0283993,37.6544236
도봉동실내스포츠센터,29015124,서울특별시 도봉구 마들로 805 (도봉동),수영,127.0502724,37.6813444
청마검도관,319295977,서울특별시 성북구 종암로 113 지층 청마검도관(종암동),검도,127.0336637,37.6001446
청룡태권도,226933869,서울특별시 양천구 지양로 74 남영빌딩 3층 청룡태권도(신월동),태권도,126.8338237,37.5222657
독수리태권도,27013690,"서울특별시 용산구 백범로45길 9-11 (효창동, 한신아파트)",태권도,126.957751,37.54207
헬스119,28752119,서울특별시 관악구 광신길 104 산빌딩 3층 헬스119(신림동),헬스,126.9259993,37.4637619
헬슐랭피트니스,23531092,서울특별시 은평구 통일로 835 3층 헬슐랭피트니스(대조동),헬스,126.921746,37.6179188
동대문구민체육센터,222479772,서울특별시 동대문구 장안벚꽃로 67 (장안동),헬스,127.0734841,37.5665385
동대문시각특화장애인복지관,222443100,서울특별시 동대문구 장안벚꽃로7길 5 동대문시각특화장애인복지관(휘경동),기타종목,127.073216,37.5831557
경수태권도공부방스포츠클럽,226058880,서울특별시 강서구 까치산로 176 3층 경수태권도공부방스포츠클럽(화곡동),태권도,126.8534815,37.552723
천하태권도,28547972,서울특별시 금천구 독산로 306 2층(독산동),태권도,126.9035598,37.4740704
동방짐헬스피티,28711800,서울특별시 관악구 호암로26길 17 2층 동방짐(신림동),헬스,126.9346276,37.4707574
헬린 피트니스 마들역점,29311070,서울특별시 노원구 동일로 1529 5층(상계동),헬스,127.0573299,37.6651043
천마태권도장,23039930,서울특별시 은평구 은평터널로 145 2층(신사동),태권도,126.9061724,37.5921703
천마유도체육관,24338031,서울특별시 중랑구 면목로39길 23 지층(면목동),유도,127.0860682,37.5798103
챔피언탁구클럽,29990779,서울특별시 도봉구 우이천로32길 38 동주빌딩 3층(좌측) 챔피언탁구클럽(쌍문동),탁구,127.025261,37.6492222
경일아카데미체육관,24441912,서울특별시 광진구 자양로 317-1 경일태권도장2층(구의동),태권도,127.093644,37.5537911
GMT대동무예스쿨,24753577,서울시 강동구 천중로29길 32 2층,기타종목,127.1371344,37.5430691
창무관,29938811,서울특별시 도봉구 도봉로 517 선진빌딩 3층 창무관(쌍문동),기타종목,127.0361099,37.6516194
창동탁구클럽,29452430,서울특별시 도봉구 노해로63길 51 상아프라자 지하1층 창동탁구클럽(창동),탁구,127.044805,37.6526883
창동문화체육센터,29015039,서울특별시 도봉구 노해로69길 132 3층사무실(창동),헬스,127.0507056,37.6581175
창동 와우필라테스,29046668,"서울특별시 도봉구 마들로11가길 6-25 2층 와우필라테스(창동, 월가타워)",필라테스,127.0490676,37.6522164
참피온 탁구장,24917535,서울특별시 중랑구 망우로 469 3층 302호(망우동),탁구,127.1043296,37.600781
참조은고려태권도장,23562030,서울특별시 은평구 연서로41길 3 3층(불광동),태권도,126.9283459,37.6255838
동작구시설관리공단 사당종합체육관,,서울특별시 동작구 사당로27길 232 사당종합체육관(사당동),헬스,126.9697426,37.4928063
동작구시설관리공단흑석체육센터,28232273,서울특별시 동작구 현충로 73 흑석체육센터(흑석동),기타종목,126.963469,37.5100566
동작구청동작구민체육센터,28490100,서울특별시 동작구 여의대방로16길 53 동작구민체육센터(신대방동),수영,126.9167552,37.4947228
동작삼일수영장,25353341,서울특별시 동작구 사당로27길 지하 103 동작삼일수영장(사당동),수영,126.9574609,37.4949353
동작아동발달센터,263985999,"서울특별시 동작구 보라매로 89 2층,3층 동작아동발달센터(신대방동)",기타종목,126.9276576,37.4973748
차오름태권도장,29092820,서울특별시 노원구 광운로 43 2층 차오름태권도장(월계동),태권도,127.0590251,37.6213409
동천재활체육센터,29499114,서울특별시 노원구 노원로18길 41 동천재활체육센터(하계동),탁구,127.0728729,37.6445781
짱키드짐,,서울특별시 강동구 아리수로93나길 38 4층406호 짱키드짐(강일동),기타종목,127.1739317,37.5719496
짐스포츠,24707442,서울특별시 송파구 올림픽로47길 13 짐스포츠(풍납동),롤러인라인,127.1173266,37.5281319
럭키헬스,24325111,서울특별시 중랑구 중랑역로 51 5층 럭키헬스(중화동),헬스,127.0769269,37.5983784
짐스아동발달센터목동,226948881,서울특별시 양천구 오목로 181 신정빌딩B1(신정동),기타종목,126.8574704,37.5253759
짐스아동발달센터,25258886,서울특별시 서초구 사임당로 74 B1(서초동),기타종목,127.0180052,37.4892137
짐스아동발달센터,24238886,서울특별시 송파구 가락로 171 6층 짐스아동발달센터(송파동),기타종목,127.1139772,37.5042213
두산은가비태권도장,28833337,서울특별시 관악구 봉천로 391 두산A상가 4층 두산은가비태권도(봉천동),태권도,126.9432631,37.4834822
행복한백호태권도,,서울특별시 구로구 고척로21나길 42 2층(개봉동),태권도,126.8433725,37.5024473
두잉운동발달연구소,7086882042,"서울특별시 마포구 월드컵로 190 907,909호(성산동)",기타종목,126.903272,37.5641826
둔촌탁구교실,24773959,"서울특별시 강동구 명일로 113 상가지층 둔촌탁구교실(둔촌동, 둔촌하이츠아파트)",탁구,127.1422308,37.5294404
드라코짐,,"서울특별시 구로구 서해안로 2118 골든클래스 503,504(항동)",헬스,126.8247767,37.4812105
지음발달재활센터,264011004,"서울특별시 노원구 동일로 986 102동 211 A호(공릉동, 노원 프레미어스 엠코)",기타종목,127.076212,37.618481
행복한동행LTA남산태권도,222569444,서울특별시 중구 동호로7길 31 2층(신당동),태권도,127.0109087,37.552366
경찰 태권도  파워점핑,24081112,"서울특별시 송파구 오금로40길 40 대성빌딩 2층, 지층(가락동)",기타종목,127.1287934,37.4971975
지에이스포츠센터,7041119696,서울특별시 관악구 은천로 37 3층(봉천동),축구(풋살),126.9395881,37.4863545
경희대 대한태권도,29334848,서울특별시 노원구 한글비석로 474 보람아파트 2단지상가 308호(상계동),태권도,127.0654593,37.6648282
지성태권도,29817330,서울특별시 강북구 도봉로 143 2층 지성태권도(미아동),태권도,127.0277249,37.6215352
지성메디텍,222086667,서울특별시 중랑구 봉우재로 44 2층 지성재활운동센터(면목동),종합체육시설,127.0781017,37.5905087
서교휘트니스,23248776,서울특별시 마포구 잔다리로 78 지하1층 서교휘트니스(서교동),헬스,126.9164321,37.5545258
토브감각통합상담연구소송파지점,,서울특별시 송파구 송파대로27길 28 동원빌딩 2층(문정동),줄넘기,127.1161895,37.4910508
중화주짓수,,서울특별시 중랑구 동일로 802 403호 중화주짓수(중화동),주짓수,127.0797178,37.6020892
중앙태권도,290987898,서울특별시 노원구 상계로39길 34 3층(상계동),태권도,127.0813289,37.6714316
경희대 박병호 태권도,28824485,서울특별시 관악구 국회단지길 7 4층 경희대박병호태권도(봉천동),태권도,126.9392364,37.4866625
중랑스포츠사회적협동조합,,서울특별시 중랑구 봉화산로56길 99 2층(신내동),축구(풋살),127.0976373,37.6043719
디아필라테스 X 배리어프리,27900810,서울특별시 용산구 서빙고로 17 용산센트럴파크 해링턴스퀘어 Mall B동 2층 97호 디아필라테스(한강로3가),필라테스,126.9678526,37.5257664
중랑구시설관리공단중랑문화체육관면목7동,24369200,서울특별시 중랑구 사가정로72길 47 중랑문화체육관,기타종목,127.0957285,37.5793205
중랑구시설관리공단중랑구민체육센터,234231070,서울특별시 중랑구 신내로15길 197 4층   중랑구시설관리공단(묵동),기타종목,127.0869595,37.6153161
디어미피티,,서울특별시 서대문구 모래내로 221 3층 디어미피티(남가좌동),헬스,126.9236856,37.574185
디어필라테스,231020125,서울특별시 강서구 공항대로 38-4 4층(공항동),필라테스,126.8117603,37.5608514
디에이에프씨DAFC 더 쎄짐,318235842,서울특별시 강북구 한천로143길 22 건물( 2층 )  (수유동),기타종목,127.0241155,37.6407769
100일간의필라테스 군자점,234378818,서울특별시 광진구 천호대로 561 11층 100일간의필라테스 군자점(중곡동),필라테스,127.0806809,37.5571308
엘리트핏24 망원점,23357219,서울특별시 마포구 월드컵로 87 4층(망원동),헬스,126.9092474,37.5564763
디짐 D Gym PT,29559682,서울특별시 도봉구 마들로 624 2층 헬스장(방학동),헬스,127.0466493,37.6657881
디케이비 체육관,29031387,서울특별시 강북구 노해로23길 49 2층 201호(수유동),태권도,127.0205392,37.6453273
중랑구시설관리공단면목2동체육관,24955200,서울특별시 중랑구 신내로15길 197 중랑구 겸재로23길 27 4층(면목2동체육관),헬스,127.0869595,37.6153161
경희대 용호태권도,,서울특별시 동작구 양녕로30길 4 1층 경희대 용호태권도(상도동),태권도,126.9445135,37.4992634
따숨,,서울특별시 광진구 자양로 284 2층(구의동),기타종목,127.0918282,37.5511103
중랑검도관,234223331,서울특별시 중랑구 봉화산로 209 지층 중랑검도관(신내동),검도,127.0960925,37.6074427
에스랩,226527942,서울특별시 양천구 목동중앙로 89 신목로얄빌딩 지하1층 스윔랩목동센터(목동),수영,126.8719758,37.5373138
J댄스매니아,28242400,서울특별시 동작구 성대로 36 지하  J댄스매니아(상도동),댄스(줌바 등),126.9331833,37.4990608
뛰어놀자사회서비스센터,286152159,"서울특별시 강남구 개포로109길 9 대치종합상가 2층 201호(개포동, 대치아파트)",탁구,127.0755078,37.4946695
경희대 원도 태권도 체육관,29244330,"서울특별시 성북구 성북로4길 52 스(돈암동, 한신한진아파트)",태권도,127.0104756,37.5958787
라비필라테스,,서울특별시 강동구 아리수로93나길 54 경서프라자 504호(강일동),필라테스,127.174853,37.5722002
라스트점핑핏클럽,,서울특별시 도봉구 도당로13길 19 2층(방학동),기타종목,127.0351491,37.6655682
라스트핏 점핑,264014614,"서울특별시 노원구 동일로237길 40 202호(상계동, 대한빌)",기타종목,127.0530937,37.6736923
경희대 상경태권도,29393222,"서울특별시 노원구 동일로227길 26 상가동3층,학원동3층(상계동, 상계주공15단지아파트)",태권도,127.055611,37.6683012
디아필라테스,27900810,"서울특별시 용산구 서빙고로 17 용산센트럴파크 해링턴스퀘어 Mall B동, 2층 97호(한강로3가)",필라테스,126.9678526,37.5257665
경희대 석사 삼성 태권도,28689282,서울특별시 관악구 미성3길 4 2층 경희대 석사 삼성 태권도(신림동),태권도,126.9162584,37.4741936
라온탁구클럽,23840582,서울특별시 은평구 서오릉로 115 지하(역촌동),탁구,126.9192704,37.609786
경희대 석사 현대 태권도,28779001,"서울특별시 관악구 은천로 93 벽산블루밍아파트 101동 상가 412,413호(봉천동, 벽산블루밍아파트)",태권도,126.9450489,37.4895169
주아필라테스,,서울특별시 성북구 장월로38길 4 5층 주아필라테스(장위동),필라테스,127.0515499,37.6180026
라온태권도장,222091744,"서울특별시 중랑구 겸재로3길 54 2층, 라온태권도장(면목동)",태권도,127.0767807,37.588394
주식회사케이에스스포짐,27320020,서울특별시 종로구 삼봉로 95 B1 스포짐 종각점(견지동),헬스,126.9824621,37.5726226
해람무예원,28156102,서울특별시 동작구 현충로 153 한강현대종합상가 3층(흑석동),태권도,126.970642,37.5060207
라온필라테스,,서울특별시 영등포구 가마산로 449-1 4층(신길동),필라테스,126.9062965,37.5058079
필라테스더랩평생교육원,226480177,서울특별시 양천구 등촌로 32 501호(목동),필라테스,126.8641657,37.5328886
주식회사 하이파이브교육 문정지점,222831779,서울특별시 송파구 법원로 114 엠스테이트 EB215호(문정동),배드민턴,127.1206993,37.4857987
햇빛아동청소년발달센터,24840610,서울특별시 강동구 양재대로 1597 2층(천호동),기타종목,127.1432163,37.548215
해웃음,,서울특별시 강서구 방화대로 294 906호(마곡동),기타종목,126.8170516,37.5669962
주식회사 피프티핏,7086336674,서울특별시 영등포구 영등포로 420-6 1층(신길동),헬스,126.9242242,37.5125009
라이프휘트니스,220567782,"서울특별시 양천구 오목로 160 지하1층(신정동, 신호아파트)",헬스,126.8552338,37.5247036
라인짐휘트니스,226900609,"서울특별시 양천구 신정이펜2로 12 지하1층 라인짐 휘트니스 (신정동,이펜하우스타워)(신정동)",종합체육시설,126.8328206,37.5126032
NK번지필라테스,233585890,서울특별시 강동구 아리수로93나길 60 골드프라자 3층(강일동),필라테스,127.1751791,37.5722862
라인필라테스애오개점,23627200,서울특별시 마포구 마포대로 204 201호 라인필라테스(아현동),필라테스,126.9565447,37.5520276
바디짐휘트니스,28760331,서울특별시 관악구 양녕로 29 1층 카운터(봉천동),헬스,126.9464107,37.4846787
주식회사 에이치에스 우리사회서비스센터,220606046,서울특별시 구로구 경인로 290-42 대학본부 1층(개봉동),기타종목,126.8515462,37.4964113
라임댄스아카데미,222342028,서울특별시 중구 다산로24길 18 금호빌딩 지하(신당동),댄스(줌바 등),127.0135106,37.5576836
라파셀점핑운동 및 요가,,서울특별시 양천구 은행정로 16 2층(신정동),기타종목,126.8599516,37.5210776
주식회사 스포짐,27330114,서울특별시 종로구 사직로8길 34 경희궁의아침 3단지 오피스텔 지하 2층 스포짐 피트니스(내수동),헬스,126.9718471,37.5738724
라파엘발달지원센터,24459948,서울특별시 강남구 남부순환로 3318 강남주민편익시설 1층 라파엘발달지원센터(일원동),종합체육시설,127.0935988,37.4942316
주식회사 볼링사랑,24441100,서울특별시 광진구 강변역로 50 동서울터미널 빌딩 6층 그랜드볼링장(구의동),볼링,127.0942004,37.534538
경희대SKY체육관,24286777,서울특별시 강동구 고덕로80길 123 2층 경희대SKY체육관(상일동),태권도,127.165596,37.5509309
랠리포인트짐,,"서울특별시 도봉구 도봉로136가길 73 103동 203호 랠리포인트짐(창동, 북한산한신휴플러스아파트)",헬스,127.0427821,37.6559538
경희대mta태권도,23084376,서울특별시 서대문구 가재울미래로 11 금모래신협3층(남가좌동),태권도,126.9173777,37.5705398
러닝메이트 사회서비스센터,,서울특별시 동대문구 한천로11길 16 B1(답십리동),기타종목,127.0615172,37.5673576
주식회사 더 피앤피,25737706,서울특별시 서초구 청계산로 203 B1 2호 피앤피 스위밍풀(신원동),수영,127.0563097,37.4473274
주스포에듀,23555200,서울특별시 은평구 통일로 1010 로얄마린수영장(진관동),수영,126.9185713,37.6327972
주스포니스 신대방점,221354770,서울특별시 동작구 여의대방로22길 132 동화빌딩 3층 스포니스 신대방점(신대방동),헬스,126.927179,37.4981612
주스타칼리휘트니스,231414477,서울특별시 서대문구 연희로 82 브라운스톤 지하1층 스타칼리휘트니스(연희동),헬스,126.9302083,37.5652128
런 주짓수 종합격투기,262157585,서울특별시 강서구 공항대로 164 류마타워1차 210호(마곡동),주짓수,126.8255148,37.5593259
런공덕,282631157,서울특별시 마포구 백범로 178 지하1층 런공덕(공덕동),기타종목,126.950105,37.5438694
런광화문,282631157,서울특별시 종로구 새문안로3길 30 지하1층 런광화문(내수동),기타종목,126.9733705,37.5727373
런마곡,,서울특별시 강서구 마곡동로4길 23 지하1층 런마곡(마곡동),헬스,126.8361991,37.5596431
런서울대입구,,서울특별시 관악구 남부순환로 1832 지하1층(봉천동),기타종목,126.9535153,37.4807107
런합정,,서울특별시 마포구 독막로 18 지하2층 런합정(합정동),기타종목,126.9152457,37.5483282
레드복싱클럽,236633112,서울특별시 강서구 공항대로 290 순봉빌딩 305호(내발산동),복싱,126.8397804,37.5581233
레드점핑,239595780,서울특별시 동대문구 사가정로25길 42 2층 레드점핑(장안동),기타종목,127.0709716,37.5806955
레몬핏휘트니스,29399967,서울특별시 노원구 동일로 1673 5층레몬핏 휘트니스(상계동),헬스,127.0549716,37.6778534
1AND1 비대면 라이브 홈트 핏토,216664754,서울특별시 강남구 도산대로 458 3층(청담동),필라테스,127.0468799,37.5237774
레전드복싱체육관,222440012,서울특별시 동대문구 장한로26길 24 2층(장안동),복싱,127.0729639,37.5714899
주마이그라운드,29020123,서울특별시 강북구 도봉로 342 지하2층  강북롤러스케이트(번동),롤러인라인,127.0261456,37.6380351
경희대강한친구들,24448736,서울특별시 광진구 광나루로56길 34 현대2단지상가 3층(구의동),태권도,127.0966512,37.5381387
NTS태권도창동1호점,29925170,서울특별시 도봉구 도봉로110나길 36 3층 NTS태권도(창동),태권도,127.0353075,37.6476529
주리본필라테스 구로신도림,226338271,서울특별시 구로구 경인로 572 4층 401호(구로동),필라테스,126.8811111,37.5033033
경희대국가대표태권도,,서울특별시 도봉구 해등로 218 5층 경희대국가대표태권도장(쌍문동),태권도,127.0325391,37.6581634
해빛아동청소년발달센터,226061175,"서울특별시 강서구 강서로 210 4,6층(화곡동)",기타종목,126.8377007,37.5448063
렛츠킨더,,서울특별시 중랑구 용마산로129나길 61 B1(신내동),종합체육시설,127.0990253,37.6048182
해봄아동청소년발달센터,23525857,서울특별시 은평구 진관2로 29-21 드림스퀘어 802호 해봄아동청소년발달센터(진관동),기타종목,126.9193479,37.6357288
로드캐롬클럽,,"서울특별시 강북구 노해로 70 4층, 로드캐롬클럽(수유동)",당구,127.022674,37.6418315
주 플러스파인,264480480,서울특별시 서대문구 이화여대7길 36 (대현동)102호,필라테스,126.943544,37.5587969
좋은운동장 본점,27201002,서울특별시 성동구 고산자로 320 성동장애인자립생활센터 1층 주식회사 좋은운동장(마장동),기타종목,127.0373781,37.5681698
좋은습관 PT STUDIO 서대문점,,"서울특별시 종로구 송월길 99 상가동 2211호(홍파동, 경희궁자이 2단지)",에어로빅,126.9638823,37.5708754
좋은세상발달센터,263395553,서울특별시 양천구 목동로 173 4층 좋은세상발달센터(신정동),기타종목,126.8646483,37.5239959
로하필라테스,222153385,서울특별시 동대문구 망우로 122-1 거부빌딩 7층(휘경동),필라테스,127.0667795,37.5911581
경희대드림태권도,226850010,서울특별시 구로구 부일로15길 40 2층 경희대드림태권도(궁동),태권도,126.8330619,37.4946991
종합무예영무관,23836433,서울특별시 은평구 갈현로 276 2층(갈현동),합기도,126.916908,37.6215047
KTI한울태권도,220431232,"서울특별시 송파구 문정로 55 푸르지오 1차 상가 2층(문정동, 문정푸르지오아파트)",태권도,127.1276788,37.4869712
종암점핑,,"서울특별시 성북구 종암로24가길 53 sk아파트상가208호(종암동, 종암에스케이아파트)",기타종목,127.0365952,37.6015254
종로태권도아카데미,27222001,서울특별시 종로구 필운대로 116 2층 종로태권도아카데미(신교동),태권도,126.9700796,37.5836953
종로장애인복지관,263957060,서울특별시 종로구 자하문로 89 3층 종로장애인복지관(신교동),탁구,126.9698335,37.5840824
N점핑다이어트클럽,,서울특별시 노원구 한글비석로 415 3층  N점핑다이어트클럽(상계동),헬스,127.0705175,37.6614446
룩스빛아트컴퍼니 북아현지점,25334863,서울특별시 서대문구 북아현로4길 2 2층(북아현동),무용(발레 등),126.9568277,37.5592341
OB탁구회관,29317070,서울시 노원구 동일로 1370 현대프라자 지하 1층,탁구,127.0618793,37.6509222
종로당구클럽,222694939,서울특별시 종로구 종로 120 동영타워 지하2층(종로3가),당구,126.9909351,37.5700832
룩스필라테스요가 공릉역점,29729933,"서울특별시 노원구 동일로192길 46 3층, 5층(공릉동)",필라테스,127.0756027,37.6265255
종로구청 올림픽기념국민생활관,27456701,서울특별시 종로구 성균관로 91 (혜화동),수영,126.9988244,37.5904911
륜태권도,262087082,서울특별시 동작구 장승배기로 119 삼거리빌딩401호 륜태권도(노량진동),태권도,126.9398854,37.5082692
르엘 필라테스,,"서울특별시 중랑구 면목로 357 3층(면목동, 삼일빌딩)(면목동)",필라테스,127.0881539,37.5840015
종로구청 구민회관,236722530,서울특별시 종로구 지봉로5길 7-5 (창신동),헬스,127.0144451,37.573459
레벨업휘트니스,,서울특별시 양천구 남부순환로 341 5층(신월동),헬스,126.8282195,37.5366516
종로구시설관리공단 종로문화체육센터,27329393,서울특별시 종로구 인왕산로1길 21 종로문화체육센터(사직동),수영,126.9646648,37.5742531
리더스포츠,24072272,서울특별시 송파구 동남로 108 지하1층 B 102호 리더짐(문정동),농구,127.1233728,37.4896516
리더짐 어린이스포츠클럽,25013376,서울특별시 강남구 도곡로 409 타워엠프리스빌딩b101 리더짐어린이스포츠클럽(대치동),종합체육시설,127.055172,37.4974014
종로골프존,27470213,서울특별시 종로구 지봉로5길 7-5 지하1층 골프연습장(창신동)(창신동),골프,127.0144451,37.573459
해맑은필라테스,,서울특별시 서대문구 연희로 204 상가동104호(연희동),필라테스,126.9356043,37.575131
리메이크바디샵 PT필라테스 서초점,,서울특별시 서초구 서초대로40길 77 201호 리메이크바디샵(서초동),헬스,127.0087728,37.4882546
조이점핑 다이어트,,서울특별시 은평구 진흥로1길 4 2층 조이점핑 다이어트(역촌동),기타종목,126.9189676,37.6007252
경희대미션태권도,28860886,"서울특별시 금천구 시흥대로39길 45 , 2층(시흥동)",태권도,126.9007318,37.4465045
리베로탁구장,226548062,서울특별시 강서구 등촌로39길 6 지하리베로탁구장(등촌동),탁구,126.8620485,37.5455957
해맑은태권도장,220650887,서울특별시 강서구 강서로31길 52 2층 해맑은태권도장(화곡동),태권도,126.8387779,37.5393275
리비필라테스 평생교육원,25750717,"서울특별시 강남구 언주로 118 1층 126호(도곡동, 우성캐릭터199)",필라테스,127.0518632,37.4864448
쏭탁구클럽,298700296,서울특별시 노원구 상계로27길 7 지하(상계동),탁구,127.0705964,37.658919
리솜필라테스,27900311,서울특별시 용산구 이촌로29길 14 3층 리솜필라테스(한강로3가),필라테스,126.9597683,37.5243747
경희대백련태권도장,232178731,서울특별시 서대문구 연희로41길 71 2층(홍은동),태권도,126.9348088,37.5917437
삼양코리아탁구클럽,,서울특별시 강북구 솔샘로 254 307호(미아동),탁구,127.0207598,37.6193358
제일아이캔태권도장,260818045,서울특별시 관악구 신림로 129 3층 제일아이캔태권도장(신림동),태권도,126.9349431,37.4708683
리얼리티세븐댄스학원,29894111,서울특별시 강북구 도봉로13길 22 2층(미아동),댄스(줌바 등),127.0291986,37.615157
제이피티짐,260129949,서울특별시 중랑구 동일로 833 4층 제이피티짐(중화동),헬스,127.0785943,37.6047871
HJS헬스스튜디오,226156889,"서울특별시 구로구 천왕로 106 701,702호(천왕동)",헬스,126.8385603,37.4860388
리커버리휘트니스,226841456,서울특별시 구로구 중앙로14길 15-1 목양교회건물 5층(고척동),헬스,126.8617167,37.5070291
리케어짐,,서울특별시 도봉구 노해로70길 81 201호(창동),헬스,127.0525697,37.6488305
리코그 핏앤랩,29385949,서울특별시 노원구 덕릉로 725 3층(중계동),기타종목,127.0756239,37.662329
리틀타이거키즈골프스쿨,24812228,서울특별시 강동구 동남로71길 20 지층 리틀타이거키즈골프스쿨(명일동),골프,127.1551128,37.5519378
제이제이당구장,,서울특별시 양천구 목동중앙북로 95 4층  제이제이당구장(목동),당구,126.8738582,37.5463348
경희대석사 비룡태권도,220658164,서울특별시 양천구 신정로 312 뉴프라자 5층(신정동),태권도,126.8555404,37.5132891
제이에이치짐,,서울특별시 은평구 통일로 641 지하1층 제이에이치짐(녹번동),헬스,126.9345622,37.6040229
해뜰탁구장,243017007,서울특별시 구로구 경인로47길 45 B1(고척동),탁구,126.8655821,37.5010797
좋은습관 PT STUDIO 서대문,,"서울특별시 종로구 송월길 99 제상가동 2층 2211호(홍파동, 경희궁자이 2단지)",기타종목,126.9638824,37.5708754
필라테스엠고덕역점,234271777,서울특별시 강동구 동남로75길 13-15 4층 필라테스(명일동),필라테스,127.1555201,37.5536302
주식회사 하이파이브교육 방이지점,7075435006,서울특별시 송파구 양재대로71길 1-14 인수빌딩 B2층(방이동),기타종목,127.1258935,37.5096851
제이에이댄스JA DANCE,28333383,서울특별시 영등포구 가마산로 437-2 3층 JA DANCE studio (제이에이댄스 스튜디오)(신길동),댄스(줌바 등),126.905188,37.5053344
마루건강재활운동센터,23872357,서울특별시 은평구 통일로83길 18 2층(갈현동),요가,126.9180305,37.6209203
제기동아태권도전문체육관,29676291,서울특별시 동대문구 제기로 75-1 2층 동아체육관(청량리동),태권도,127.041589,37.5868527
정훈체육관,24642454,서울특별시 성동구 광나루로11길 36 지하(송정동),태권도,127.0676331,37.5508604
마블복싱스퀘어,27978865,서울특별시 용산구 이촌로 274 B1 마블복싱스퀘어(이촌동),복싱,126.9771184,37.5186983
정진MBA태권도장,28227053,서울특별시 동작구 양녕로26길 27 판매시설동 2층(상도동),태권도,126.9442773,37.4973937
대왕태권도체육관,24453434,서울특별시 강남구 헌릉로570길 34 리엔파크프라자 5층 대왕태권도체육관(세곡동),태권도,127.1034684,37.4631868
SBS당구클럽,,서울특별시 금천구 시흥대로71길 44 3층(시흥동),당구,126.8994473,37.4549954
마요재활트레이닝센터,,서울특별시 성동구 독서당로59길 84 신동아 상가  205호(행당동),헬스,127.0336747,37.5552743
명지아동발달센터,23537414,"서울특별시 은평구 연서로 149 갈현베르빌상가 203호(갈현동, 동광갈현베르빌)",기타종목,126.9168775,37.612241
마크짐 망원점,23323630,서울특별시 마포구 월드컵로 155 6층(망원동),헬스,126.9049244,37.5613848
경희대석사체육관,29991140,서울특별시 강북구 삼양로100길 20 3층(수유동),태권도,127.0172655,37.6395891
마음열기 태권도장,29790677,서울특별시 중랑구 공릉로12가길 41 3층 마음열기 태권도장(묵동),태권도,127.0816845,37.6175349
정상발달센터 잠실,24151275,"서울특별시 송파구 올림픽로35가길 10 서울특별시 송파구 올림픽로35가길 10, 잠실 더샵 스타파크 B동 6층 603호(신천동, 잠실 더샵스타파크)",기타종목,127.1018716,37.5168526
정상발달센터,7046421275,"서울특별시 서초구 서초대로74길 23 907호 정상발달센터(서초동, 서초타운트라팰리스)",기타종목,127.0271068,37.4956227
SK코리아태권도,29820123,서울특별시 강북구 솔샘로 184 주상가2층 213호SK코리아태권도(미아동),태권도,127.0129249,37.6199403
정무태권도 자양점,24581468,서울특별시 광진구 뚝섬로 688 4층 정무태권도(자양동),태권도,127.0858252,37.5325191
정무킥복싱합기도,29892379,서울특별시 강북구 월계로 53-3 체육관(미아동),합기도,127.0353539,37.6121313
마이더스주니어,25848464,서울특별시 서초구 방배로 196 지하 1층(방배동),종합체육시설,126.9918961,37.4910675
경희대석사태권도,27760791,서울특별시 용산구 후암로 47 (후암동),태권도,126.977122,37.5500564
정립회관,24461237,서울 광진구 워커힐로 93 정립회관,기타종목,127.0976313,37.5510878
SLT태권도,222097778,서울특별시 중랑구 면목로57길 43 3층(면목동),태권도,127.0859745,37.584698
JD풋볼아카데미,24037977,서울특별시 송파구 동남로 217 지하 jD풋볼아카데미(가락동),축구(풋살),127.1317563,37.4967731
해동검도 중랑천무관,24386261,서울특별시 중랑구 동일로 820 3층(중화동),검도,127.0793778,37.603646
경희대석사태권도장,25749888,서울특별시 서초구 태봉로 62 네이처프라자301호 경희석사태권도장(우면동),태권도,127.0250144,37.4640396
마인드인필라테스,23885116,"서울특별시 은평구 서오릉로 134 메디칼빌딩,8층, 마인드 인 필라테스(대조동)",필라테스,126.9181024,37.6110266
(주)무브먼트디자인,24650996,서울특별시 성동구 왕십리로14길 30-3 2층(성수동1가),헬스,127.0473449,37.5483776
마인핏필라테스,258379656,서울특별시 강서구 마곡중앙로 161-8 두산더랜드파크 B동 310호 311호(마곡동),필라테스,126.8273386,37.5688514
마장국민체육센터,222047641,서울특별시 성동구 마조로11길 6 마장국민체육센터(마장동),헬스,127.0407835,37.5621277
마장탁구클럽,260810840,서울특별시 성동구 마장로 284 3층(마장동),탁구,127.0412778,37.5653566
마카롱PT,227483103,서울특별시 서대문구 통일로35길 14-4 제니스오피스텔 B201호 마카롱PT(홍제동),헬스,126.9458643,37.5865622
마포구청 당구아카데미,231539874,서울특별시 마포구 월드컵로 212 11층 생활체육과(성산동),당구,126.901491,37.5663245
마포문화재단 마포아트센터,232748500,서울특별시 마포구 대흥로20길 28 마포아트센터(대흥동),수영,126.9455361,37.5498966
마포장애인종합복지관,23066212,서울특별시 마포구 성산로4길 35 1층 사무실(성산동),골프,126.9088693,37.5637934
마포푸르메스포츠센터,260709270,서울특별시 마포구 월드컵북로 494 지하1층 마포푸르메스포츠센터(상암동),수영,126.8805264,37.5846589
경희대석사흑룡태권도장,226985400,서울특별시 강서구 곰달래로 197 2층 흑룡태권도장(화곡동),태권도,126.8548913,37.5314876
맘결아동발달센터,,"서울특별시 강서구 마곡중앙1로 72 1동 3층 303호 맘결아동발달센터(마곡동, 마곡엠밸리10단지)",기타종목,126.8197352,37.5597332
점핑하니,,서울특별시 강북구 삼양로 625 2층(좌측)(우이동),기타종목,127.0135844,37.6586831
점핑플러스,,서울특별시 양천구 목동중앙북로12길 12 2층 점핑플러스(목동),기타종목,126.8708201,37.5462317
점핑클럽줄넘기전문교육관,,"서울특별시 강서구 공항대로 103 엠9타워 405호 점핑클럽(마곡동, 마곡 엠밸리 9단지)",줄넘기,126.8188663,37.5620748
점핑크럽유아체육,,서울특별시 구로구 서해안로 2108 403호 404호(항동),줄넘기,126.8240092,37.4806109
매직짐,,서울특별시 서대문구 통일로 484 유진상가2층 매직짐(홍제동),헬스,126.9429917,37.5915888
해동검도 서울시협회,24063705,서울특별시 송파구 새말로 154 4층 해동검도체육관(문정동),검도,127.1306209,37.4844002
KTC신성태권도,28740337,"서울특별시 관악구 서림길 22 3층, 신성태권도(신림동)",태권도,126.9377575,37.4751117
점핑위즈 줄넘기 클럽,24016126,서울특별시 송파구 위례광장로 199 306호(장지동),기타종목,127.1427874,37.4817002
SP탁구클럽,24023959,서울특별시 송파구 동남로 213 지하1층 SP탁구클럽(가락동),탁구,127.1314288,37.4965007
맹호태권도,24324002,서울특별시 중랑구 봉우재로 141 3층 맹호태권도(상봉동),태권도,127.088666,37.5933775
머슐랭가이드,24163040,서울특별시 송파구 오금로 247 B101(방이동),필라테스,127.1208949,37.5063635
머슬비치짐,,서울특별시 강동구 아리수로93나길 54 경서빌딩 3층 머슬비치짐(강일동),헬스,127.174853,37.5722002
영아체육관,25973000,서울특별시 동작구 사당로 170 2층(사당동),태권도,126.9677289,37.4866404
경희대스페셜태권도줄넘기,220660606,서울특별시 구로구 천왕로 36 304호 경희대스페셜태권도줄넘기(천왕동),태권도,126.8393789,37.4808802
머슬킹,24618234,서울특별시 광진구 면목로 126 3층머슬킹(중곡동),헬스,127.0807832,37.5644968
점핑 다이어트 조원점,,서울특별시 관악구 조원중앙로 50 3층 나호(신림동),기타종목,126.9076337,37.4834854
점핑 다이어트,,서울특별시 관악구 신림로17길 53 지하1층 점핑다이어트(신림동),댄스(줌바 등),126.9364205,37.4683607
메디컬필라테스PT,,"서울특별시 서대문구 홍제원길 15-6 102호(홍제동, 목련빌라)",필라테스,126.9476503,37.5871548
K용인대태권도,23913376,서울특별시 서대문구 홍은중앙로 89 3층(홍은동),태권도,126.9473706,37.5990313
경희대신화태권도,23030501,서울특별시 서대문구 응암로 61 4층(북가좌동),태권도,126.9101823,37.5787862
리커버리유 재활운동센터,,"서울특별시 송파구 올림픽로35길 93 지하 116호 리커버리유 재활운동센터(신천동, 더샾스타리버)",필라테스,127.1044332,37.5177325
플러스파인,290260480,서울특별시 서대문구 신촌역로 17 203호(대현동),필라테스,126.9424355,37.5582853
해가든짐,28136869,"서울특별시 동작구 서달로 150 지하 102호, 해가든짐(흑석동, 이랜드해가든)",헬스,126.9622064,37.5066681
경희대이화태권도,27623184,서울특별시 종로구 이화장길 20 1층 경희대이화태권도(이화동),태권도,127.0035955,37.5767316
점프스타 줄넘기,,서울특별시 동대문구 장한로18길 40 3층(장안동),줄넘기,127.071241,37.5675102
멘토태권키즈짐,24278585,서울특별시 강동구 상일로12길 99 리엔프라자 303(강일동),태권도,127.1729373,37.5568528
명륜태권도체육관,27650772,서울시 종로구 혜화로 9길 4 창성빌딩 지층 명류태권도,태권도,126.9996143,37.5878951
명문헬스클럽,28140579,서울특별시 동작구 상도로 399 삼호아파트 상가2동 202호(상도동),헬스,126.9562364,37.4938176
피트니스에스,24766988,"서울특별시 강동구 천호대로 1239 상가동 지하1층(길동, GS강동자이아파트)",헬스,127.1486156,37.5374563
명성태권도,226667989,서울특별시 강서구 개화동로23길 94 2층 명성태권도(방화동),태권도,126.8104718,37.5654472
경희대정석태권도,,서울특별시 양천구 신정로7길 60-14 대승프라자4층 402호(신정동),태권도,126.8392709,37.5125524
Sky 점핑다이어트,,서울특별시 노원구 덕릉로 779 상가 2층(상계동),댄스(줌바 등),127.0782275,37.6668168
명지대 박사 합기도 연무관,23033436,서울특별시 서대문구 응암로 68 2층(북가좌동),합기도,126.9109041,37.5789927
경희대중앙태권도,23831113,서울특별시 은평구 역말로 37 201호(역촌동),태권도,126.9143559,37.6059802
명품태권도,226997730,서울특별시 양천구 월정로 179 2층 명품태권도(신월동),태권도,126.8353536,37.5345973
장안퍼펙트 볼링장,233945822,서울특별시 동대문구 장한로2길 33 지하 1층 볼링장(장안동),볼링,127.0672283,37.5622999
모두모아발달체육센터,29981253,서울특별시 도봉구 도봉로 508 우덕빌딩 4층 모두모아발달체육센터(창동),기타종목,127.0362918,37.650665
경희대청무체육관,24700430,서울특별시 강동구 구천면로 258 3층 경희대청무체육관(천호동),태권도,127.1319219,37.5432302
장안굿점핑,,서울특별시 동대문구 장한로 180 3층 301호 장안굿점핑(장안동),기타종목,127.0724071,37.5764428
리메이크바디샵 필라 앤 바레,,서울특별시 관악구 남부순환로 1724 6층(봉천동),필라테스,126.9416417,37.4821833
목동 고고점핑다이어트,,서울특별시 양천구 은행정로2길 5 2층 고고점핑다이어트(신정동),기타종목,126.8605947,37.5206636
목동문화체육센터,220621862,서울특별시 양천구 목동중앙본로 73 목동문화체육센터(목동),기타종목,126.8691104,37.5428045
목동클라이밍센터,23648848,서울특별시 양천구 공항대로 596 호용빌딩 지층 목동클라이밍센터(목동),클라이밍(암벽등반),126.87092,37.5472967
잠실 유도관,24240715,서울특별시 송파구 올림픽로12길 54 b01(잠실동),유도,127.0832361,37.5068347
경희대최강태권도,220571323,서울특별시 서초구 헌릉로8길 9-8 2층 경희대최강태권도(내곡동),태권도,127.0599237,37.4567153
삼성피트니스,216709699,"서울특별시 강남구 봉은사로 474 B1 삼성피트니스(삼성동, 쌍용 플래티넘)",헬스,127.0519533,37.5123688
합기도 유락관 호신술,24941394,서울특별시 중랑구 용마산로 563 진일빌딩5층(신내동),합기도,127.1002144,37.6012584
경희대태권도,23755777,서울특별시 은평구 갈현로1길 24 2층 경희대태권도(신사동),태권도,126.9076399,37.5994943
잇요가,,서울특별시 노원구 섬밭로 258 5층 잇요가(중계동),요가,127.0648461,37.6388762
몽키즈클라이밍 신내점,234233423,서울특별시 중랑구 신내로17길 39 진로아파트 7단지 상가 지하 1층(신내동),클라이밍(암벽등반),127.0937728,37.6151541
S요가플라잉 은평구파발점,,"서울특별시 은평구 진관3로 37 306,307호(진관동)",요가,126.9204567,37.6404027
몽키즈클라이밍 중계점,260800017,서울특별시 노원구 한글비석로 359 지하1층(중계동),클라이밍(암벽등반),127.0747733,37.6577322
임팩트탁구클럽,,서울특별시 노원구 상계로23길 4 덕원빌딩 지하1층(상계동),탁구,127.0692843,37.6585595
상도스포츠클럽,28262500,서울특별시 동작구 성대로2길 11 1층 상도스포츠클럽(상도동),헬스,126.9313793,37.4991123
임용지 탁구클럽,24993959,서울특별시 광진구 군자로 100 5층 임용지탁구클럽(군자동),탁구,127.0714623,37.5519405
무도체육관,24342211,서울특별시 중랑구 면목로 362 명동빌딩 301호(면목동),합기도,127.0885949,37.5842596
경희대태권스쿨,28123255,"서울특별시 동작구 등용로 127 대방동 현대아파트 103동 상가 3층 경희대태권스쿨(대방동, 대방동현대아파트)",태권도,126.9306713,37.5129359
포스축구아카데미,,서울특별시 영등포구 디지털로 401 지하 1층 포스축구아카데미(대림동),축구,126.903243,37.4926229
무브웰,24008594,서울특별시 송파구 법원로 90 파트너스2 302호(문정동),필라테스,127.1213418,37.4833873
바디에프오낙성대점,28834533,서울특별시 관악구 남부순환로 1951 3층 바디에프오(봉천동),헬스,126.9660937,37.476396
인터벌다이어트핏,28880998,서울특별시 관악구 신림로 90 5층 인터벌다이어트핏(신림동),필라테스,126.9393754,37.4709434
문성길복싱클럽,226617988,서울특별시 강서구 양천로 104 지층  문성길복싱클럽(방화동),복싱,126.8154176,37.5732435
문필라테스,226652224,서울특별시 강서구 공항대로 32 2층 문필라테스(공항동),필라테스,126.8107236,37.5610338
타이거복싱체육관,28837080,서울특별시 관악구 양녕로 13 3층 타이거복싱체육관(봉천동),복싱,126.9463088,37.4832657
광진발달장애인평생교육센터,24551221,서울특별시 광진구 아차산로 390 제일빌딩 3-4층(자양동),볼링,127.0861555,37.5369205
필라테스더랩,226480177,서울특별시 양천구 등촌로 32 501호(목동),필라테스,126.8641657,37.5328886
미래태권도체육관,29714332,서울특별시 노원구 동일로 1032 2층 미래태권도(공릉동),태권도,127.0744312,37.6223201
경희삼선체육관,27439158,서울특별시 성북구 보문로29다길 7 3층 경희삼선체육관(삼선동3가),태권도,127.0133605,37.5855426
미르태권도,,서울특별시 강북구 삼양로77가길 6 2층  미르태권도(수유동),태권도,127.0170607,37.6298191
트레인스토밍,27065019,서울특별시 마포구 독막로 264 지층(대흥동),헬스,126.9425692,37.5459037
더채움 발달센터,27336219,"서울특별시 마포구 모래내로1길 4 1동 201호,202호(성산동,마포상암시티프라디움리버)(성산동)",기타종목,126.904422,37.5644337
경희아이레포츠 관악지점,28881012,서울특별시 관악구 은천로25길 63 205호(봉천동),종합체육시설,126.9486424,37.4888441
태권박사&스포츠짐,264053023,"서울특별시 동작구 상도로34길 36-10 지2층(상도동, 대흥빌딩근생및도시형주택(원룸))",태권도,126.9447745,37.5036619
제인필라테스,,서울특별시 은평구 은평로 210 AGM빌딩 2층 제인필라테스(응암동),필라테스,126.9311399,37.6010249
민앤마이노,233946070,서울특별시 성동구 천호대로 424 4층 민앤마이노(용답동),유도,127.0660181,37.5609457
해솔태권도장,29568575,서울특별시 도봉구 방학로 223 2층 205호(방학동),태권도,127.0275081,37.6613238
Adapfit 어댑핏스튜디오 서울점,266774545,서울특별시 강서구 마곡중앙8로5길 53 3층(마곡동),헬스,126.8378071,37.5658426
함께가자아동발달센터,263497575,서울특별시 도봉구 방학로 165 3층 운동실(방학동),기타종목,127.0338319,37.6622097
함께가자아동발달센터,263267575,서울특별시 강북구 한천로 1108-1 은승빌딩4층(수유동),기타종목,127.0210433,37.6444276
경희탁구장,222446554,서울특별시 동대문구 경희대로3길 21 3층 경희탁구장(회기동),탁구,127.0512642,37.5926818
(비대면)키핏,20000000,서울특별시 강남구 선릉로 428 WEWORK 14층(대치동),기타종목,127.0498757,37.5033533
(주)HSSA 서울한영대점,220606046,서울특별시 구로구 경인로 290-42 대학본부 1층(개봉동),기타종목,126.8515463,37.4964113
경희태권도,29646801,"서울특별시 동대문구 제기로 131 한신상가 5층(청량리동, 한신아파트)",태권도,127.0494012,37.5881072
팀키스,222350904,"서울특별시 성동구 동호로 100 상가4층 팀키스(금호동3가, 두산아파트)",헬스,127.0164657,37.5506428
MTA 광진 태권도,,서울특별시 광진구 능동로 374 301호 MTA 광진테권도(중곡동),태권도,127.0827337,37.5625576
TOP용인대박사태권도장,28981551,"서울특별시 금천구 한내로 62 독산한신아파트상가 3층 TOP용인대박사태권도(독산동, 한신아파트)",태권도,126.8897219,37.4558526
SRC스포츠센터,28718232,서울시 관악구 보라매로 44 2층,수영,126.9274006,37.4931756
한체대중앙체육관유아체육,24535355,서울특별시 광진구 답십리로82길 18 2층(중곡동),태권도,127.0825297,37.5705965
공릉동 올탁구클럽,220390161,서울특별시 노원구 동일로 1051 5층(공릉동),탁구,127.0732779,37.6238176
가온길태권도,222093666,서울특별시 중랑구 봉화산로 243 2층(신내동),태권도,127.0996582,37.608336
거북이스포츠클럽,236658910,서울특별시 강서구 화곡로 376 3층(등촌동),기타종목,126.8532809,37.5569895
한체대길태권스쿨,29640888,"서울특별시 동대문구 한천로58길 107 상가3층 태권도장(이문동, 현대아파트)",태권도,127.0701993,37.6012805
인조이골프스쿨,24684006,서울특별시 성동구 뚝섬로 389 (성수동2가),골프,127.0540877,37.5392424
인왕체육관,23911984,서울특별시 서대문구 통일로 410 3층(홍제동),태권도,126.9473403,37.5862113
한체대국일태권도,28656205,서울특별시 구로구 구로동로40가길 27-3 2층(구로동),태권도,126.8843387,37.4953021
인앤아웃 라이프 밸런스 트레이닝 교육 센터,,서울특별시 서대문구 연세로5길 26-17 4층 1호(창천동),요가,126.9348022,37.5568212
한진 태권도 체육관,29848109,"서울특별시 강북구 오현로 156 해모로아파트 상가 2층 한진 체육관(번동, 해모로아파트)",태권도,127.0375124,37.62658
경희키즈태권짐,29891045,서울특별시 강북구 오현로32길 28 2층(번동),태권도,127.0406846,37.6280232
한준특공무술,226059736,서울특별시 양천구 오목로 41 명수프라자 지하(신월동),합기도,126.8422117,37.522201
한울효체육관,247263243,서울특별시 중랑구 봉화산로 81 2층(중화동),태권도,127.083407,37.6019554
경희대상현태권도,28224625,"서울특별시 동작구 상도로 346-1 2층 단지내상가 201호 태권도(상도동, 힐스테이트 상도 센트럴파크)",태권도,126.9511563,37.4958315
플로어엑스,,서울특별시 중랑구 봉우재로 113 지하1층(상봉동),기타종목,127.0855889,37.5927271
인더비기닝 재활운동센터,220882786,서울특별시 강남구 도곡로 419 2층 인더비기닝 서울본점(대치동),필라테스,127.0563325,37.4976776
이화태권도,264096459,서울특별시 구로구 고척로27길 107 2층(개봉동),태권도,126.8451884,37.5064921
동삼체육관,23093726,서울특별시 서대문구 명지대길 41 2층(남가좌동),태권도,126.9240986,37.5820049
강동어울림복지관,24780741,서울특별시 강동구 올림픽로 741 (천호동),기타종목,127.1262652,37.5475227
이호준탁구클럽,29861072,서울특별시 강북구 삼양로 361 3층 이호준탁구클럽(수유동),탁구,127.0171011,37.6357618
한울림탁구클럽,29836258,서울특별시 강북구 도봉로 280 4층 한울림탁구클럽(미아동),탁구,127.0237468,37.6333865
이지EG심리감각운동발달센터,220662680,서울특별시 구로구 중앙로 64 2층 이지심리감각운동발달센터(고척동),기타종목,126.8627487,37.5037585
다미안요,222085190,서울특별시 중랑구 겸재로 187 3층(면목동),필라테스,127.0883647,37.5888011
나라찬태권도,27137500,서울특별시 마포구 토정로 233 2층 나라찬태권도(신수동),태권도,126.9365712,37.5441498
모던폴스튜디오,,서울특별시 강북구 도봉로 63 지하1층(미아동),기타종목,127.0297051,37.6147772
이재일탁구클럽,220691400,서울특별시 영등포구 영중로 131-10 2층 이재일탁구클럽(영등포동8가),탁구,126.9045739,37.5283899
이음태권도장,,"서울특별시 동작구 동작대로29길 77 102호 이음태권도장(사당동, 두성 상가 아파트)",태권도,126.9778256,37.4886358
한양체육관3관,29811596,서울특별시 강북구 오현로31길 75 2층 한양 태권도(번동),태권도,127.0368309,37.6314959
이음감각통합 발달센터,226660107,서울특별시 강서구 마곡중앙1로 10 한일노벨리아 707~710호(마곡동),기타종목,126.8257069,37.5584775
한양체육관,24384000,서울특별시 중랑구 봉화산로30길 26 2층(중화동),태권도,127.0851157,37.6011902
더샾필라테스&요가 송파점,24208252,서울특별시 송파구 오금로 247 건양빌딩 지층(방이동),필라테스,127.1208949,37.5063635
대가유도관,,서울특별시 강동구 진황도로 4-7 3층 대가유도관 (천호동),유도,127.1280805,37.5397672
다짐필라테스 신대방삼거리역점,28153636,서울특별시 동작구 국사봉1길 11 4층 다짐필라테스(상도동),필라테스,126.929264,37.498998
이소영탁구교실,28147110,"서울특별시 동작구 여의대방로 22 상가동 145, 146호(신대방동, 우성아파트)",탁구,126.9115325,37.4920816
한양대용호태권도,29752004,서울특별시 노원구 동일로 1279 비이상가 2층 208호 한양대용호태권도(중계동),태권도,127.0640186,37.6430723
사우스포스포츠,,"서울특별시 노원구 광운로 44 준빌딩3층, 사우스포 복싱클럽(월계동)",복싱,127.0595003,37.6213407
이문체육문화센터,29630536,서울특별시 동대문구 한천로58길 81-49 이문체육문화센터 1층 사무실(이문동),종합체육시설,127.0686973,37.6022444
고고점핑,266788181,"서울특별시 구로구 구로중앙로 134 B1 고고점핑(구로동, 신구로자이나인스에비뉴)",기타종목,126.8846199,37.4999176
더리핏,220880787,서울특별시 동작구 상도로 360 지하1층(상도동),기타종목,126.9530498,37.4965065
서강탁구클럽,,서울특별시 마포구 대흥로 100-1 지하(대흥동),탁구,126.9430483,37.5486357
스퀘어짐 가좌점,264940251,서울특별시 서대문구 수색로 18 B1층 스퀘어짐(남가좌동),헬스,126.9165989,37.5689576
한양대엘리트태권도장,29392442,서울특별시 노원구 덕릉로 740 정진빌딩 6층 한양대엘리트태권도(상계동),태권도,127.0764125,37.6636595
함께가자아동발달센터,263267575,강북구 한천로 1108-1 은승빌딩 4층,기타종목,127.0210433,37.6444276
수유더쎄짐 무에타이킥복싱다이어트,260123426,서울특별시 강북구 한천로143길 22 2층(수유동),기타종목,127.0241155,37.6407769
이룸케어재활운동센터,263480408,"서울특별시 강서구 마곡중앙1로 72 엠타워 408호(마곡동, 마곡엠밸리10단지)",기타종목,126.8197352,37.5597332
이룸발달지원센터,29426473,서울특별시 성북구 오패산로10길 30 4030호(하월곡동),기타종목,127.038457,37.6051346
이룸기구필라테스 증산,23057778,서울특별시 은평구 증산로 325 3층 이룸기구필라테스(증산동),필라테스,126.9111104,37.5856519
다짐필라테스 대방역점,232802299,서울특별시 동작구 노량진로 4 (대방동),필라테스,126.9262531,37.5124098
이로움필라테스,,"서울특별시 중랑구 양원역로 92 상가9호 이로움필라테스(망우동, LH서울양원1단지)",필라테스,127.1062377,37.608592
이너라인GYM월곡점,,서울특별시 성북구 장월로1길 57 3층(상월곡동),헬스,127.045215,37.6059999
이끌림아동발달센터,29940300,서울특별시 도봉구 덕릉로 264 4층(창동),기타종목,127.0403903,37.6407487
대호골프스쿨,23562346,"서울특별시 은평구 불광로 90 대호프라자 상가 지하 1층(불광동, 대호프라자아파트)",골프,126.933098,37.6148717
의천관 중앙본부도장,24267179,서울특별시 강동구 상암로 195 4F 의천관 중앙본부도장(명일동),기타종목,127.1441985,37.5466253
은호펜싱클럽,25956754,서울특별시 서초구 방배로 165 제지층 1호(방배동),펜싱,126.9928333,37.4882806
은평햇살아동발달센터,263487575,서울특별시 은평구 증산로 395-16 증산로 371 은평신협 4층,기타종목,126.912887,37.5918344
은평칠텐볼링센터,23838000,"서울특별시 은평구 서오릉로 94 지하101호 은평칠텐볼링센터(대조동, 삼성타운아파트)",볼링,126.9217895,37.6088158
은지아동발달센터,29561723,"서울특별시 도봉구 도봉로154길 23 (도봉동, 신성빌딩) 신성빌딩 4/5층",태권도,127.045434,37.6714115
요가문서울 차오름 평생교육원,27027502,서울특별시 서대문구 연세로5길 26-17 4층(창천동),요가,126.9348022,37.5568212
마크짐휘트니스,23323630,서울특별시 마포구 월드컵로 155 6층 마크짐(망원동),헬스,126.9049244,37.5613848
국가대표튼튼태권도,23913376,서울특별시 서대문구 홍은중앙로 89 3층 국가대표튼튼태권도(홍은동),태권도,126.9473706,37.5990313
엔핑탁구클럽,29300979,"서울특별시 노원구 덕릉로 780 동아불암아파트상가 2층 201호(상계동, 동아불암아파트)",탁구,127.0799007,37.6670475
고려금메달펀태권도,,서울특별시 송파구 위례순환로 478 센트라포레504(장지동),태권도,127.1340858,37.4775714
드림유어바디,,"서울특별시 강북구 도봉로15길 11 3,4층(미아동)",필라테스,127.0291318,37.6163599
TIA 태권도,226968374,서울특별시 강서구 화곡로 270 2층(화곡동),태권도,126.8472336,37.5486387
라인점핑,269567372,서울특별시 중랑구 공릉로2길 46 2층 라인점핑(묵동),기타종목,127.0804153,37.6120269
유일탁구클럽,,서울특별시 은평구 연서로 91 지층(역촌동),탁구,126.914984,37.6073218
한성탁구클럽,28080169,서울특별시 금천구 독산로 56 3층 한성탁구클럽(시흥동),탁구,126.9062441,37.4523798
유연필라테스,226067382,서울특별시 강서구 강서로 177 6층 601호(화곡동),필라테스,126.8395042,37.5421838
박현미탁구클럽,7042259277,서울특별시 중랑구 동일로 937 5층 박현미탁구클럽(묵동),탁구,127.0764923,37.6140011
룩스필라테스 봉천점,256631333,서울특별시 관악구 남부순환로 1724 6층(봉천동),필라테스,126.9416417,37.4821833
백운룡태권도,29927761,서울특별시 강북구 삼양로149길 16-10 2층 백운룡태권도(우이동),태권도,127.0121575,37.6545349
유씨 UC PT  YOGA,,서울특별시 강동구 명일로 200-33 3층,요가,127.1475255,37.5370707
국심검도관,25846820,서울특별시 동작구 사당로16길 7 4층 국심검도관(사당동),헬스,126.9741008,37.4830479
15gym,,서울특별시 은평구 연서로29길 24 4층(갈현동),헬스,126.9177721,37.6196278
유니버설 피트니스,,"서울특별시 성북구 성북로6길 12 204호 유니버설 피트니스(성북동, 성북동 근생·도시형생활주택)",헬스,127.0051529,37.5899628
마포구민체육센터,23247800,서울특별시 마포구 월드컵로25길 190 1층 관리사무실(망원동),헬스,126.8969649,37.5567653
삼성2동복합문화센터,221760671,서울특별시 강남구 봉은사로 419 4층 삼성2동복합문화센터(삼성동),헬스,127.04595,37.5112
고려태권도,23521550,서울특별시 은평구 연서로18가길 16 1층 고려태권도(대조동),태권도,126.9204023,37.6134785
사단법인 한국평생스포츠코칭협회,220399554,"서울특별시 강서구 마곡서로 133 713동 903호(마곡동, 마곡엠밸리7단지)",필라테스,126.8229812,37.5651924
비전태권도장,226087789,서울특별시 강서구 곰달래로49길 29 3층 비전태권도(화곡동),태권도,126.8575932,37.5329383
위키즈아동운동발달센터,226624754,"서울특별시 강서구 공항대로 103 업무상가동 308호(마곡동, 마곡 엠밸리 9단지)",기타종목,126.8188663,37.5620748
위캔발달지원센터,220430670,"서울특별시 송파구 동남로18길 51 2, 3층(가락동)",기타종목,127.1352615,37.492462
사단법인 룩스빛아트컴퍼니,25334863,서울특별시 동작구 사당로13길 36 지층(사당동),댄스(줌바 등),126.9721187,37.4856576
위드특수체육수영센터,,서울특별시 송파구 가락로 272 지하1층(방이동),수영,127.1196663,37.5120894
위드유짐,223441322,"서울특별시 강동구 천호대로 1055 태영아파트102동 상가B01호 위드유짐(천호동, 천호태영아파트)",헬스,127.1299457,37.5384706
The 조은태권도,28567066,서울특별시 금천구 독산로80길 10 2층(독산동),태권도,126.9036867,37.471046
한국시각장애인복지관,24405200,서울특별시 강동구 구천면로 645 한국시각장애인복지관(상일동),기타종목,127.1692908,37.5511185
강북웰빙스포츠센터,29442918,서울특별시 강북구 오현로31길 51 3층 사무실(번동),수영,127.0378089,37.6304351
한성복싱짐,27661511,서울특별시 성북구 창경궁로 326 지하1층(삼선동1가),복싱,127.0058269,37.5880625
한빛탁구교실,25250279,서울특별시 서초구 반포대로 93 지하 1층 (서초동),탁구,127.0087448,37.4884576
고아동발달센터,269526979,"서울특별시 중랑구 동일로 932 (묵동, 묵동자이아파트 202동 202호)",필라테스,127.0776974,37.6138821
위너스스포츠센터,28912747,서울특별시 금천구 시흥대로 296 볼링장 1층(독산동),볼링,126.899285,37.4596887
바디그램 답십리점,222442540,서울특별시 동대문구 전농로 91 5층 바디그램(답십리동),헬스,127.0570221,37.573302
박재현재활운동센터,29518868,"서울특별시 노원구 동일로 986 (공릉동, 노원 프레미어스 엠코)102동 2층 213호",기타종목,127.076212,37.618481
바디멀티기구필라테스,23037111,서울특별시 마포구 월드컵로36길 14 208호 바디멀티필라테스(성산동),필라테스,126.9030647,37.5659538
바디멀티필라테스 상일동역점,,서울특별시 강동구 고덕로83길 14 3층 바디멀티필라테스(고덕동),필라테스,127.1689299,37.55775
바디멀티필라테스 아차산점,24553205,서울특별시 광진구 천호대로 677 세진빌딩4층(구의동),필라테스,127.0907297,37.5508158
웰케어 발달센터,221359791,"서울특별시 강남구 선릉로 571 4층, 웰케어 발달센터(역삼동)",기타종목,127.0439661,37.5093284
VIP business club,,서울특별시 영등포구 양산로 53 (양평동3가),기타종목,126.8889554,37.5256528
바디복싱짐,29560227,서울특별시 도봉구 도봉로150길 27 4층(방학동),복싱,127.0447629,37.666184
성수체육관,29823317,서울특별시 강북구 도봉로67길 29 2층 성수태권도(미아동),태권도,127.0227704,37.6302891
바디샵필라테스피티,261041253,서울특별시 양천구 중앙로 280 4층(신정동),필라테스,126.85274,37.5213805
바디앤짐 마포구청역점,,서울특별시 마포구 월드컵로 155 6층 바디앤짐(망원동),헬스,126.9049244,37.5613848
한미태권도 신월지점,226022670,서울특별시 양천구 오목로 75 2층 한미태권도(신월동),태권도,126.8458382,37.5230689
바디인필라테스,,서울특별시 서대문구 응암로 66 6층(북가좌동),필라테스,126.9108113,37.5788504
바디체크짐동대문구,,서울특별시 동대문구 한빛로 20 오피스텔 지하1층 바디체크짐(헬스)(신설동),헬스,127.0254846,37.5773796
원필라테스 스튜디오 영등포점,226480102,서울특별시 영등포구 도영로22길 38 4층 원필라테스(영등포동),필라테스,126.903404,37.5102667
원투체육관,29911282,서울특별시 도봉구 도봉로125길 77 4층 401호 원투체육관(쌍문동),복싱,127.0369953,37.6560856
골든에이지축구교실,24351010,서울특별시 중랑구 망우로 412 지층1 골든(망우동),축구(풋살),127.0979518,37.5990039
바른걸음 심리놀이운동센터,264346157,"서울특별시 강북구 삼양로139가길 43 101호 바른걸음(우이동, 샤인빌)",기타종목,127.0120154,37.6511075
바른본 PT,24001756,서울특별시 송파구 오금로 404 원일빌딩 402호 바른본 PT(가락동),헬스,127.135139,37.497597
바른선필라테스,,서울특별시 중랑구 겸재로 118 201호(면목동),필라테스,127.0810209,37.5866768
고점핑,,서울특별시 동대문구 이문로 88-17 지하1층(이문동),기타종목,127.0601251,37.5949277
한미태권도,29617730,서울특별시 동대문구 이문로1길 25 2층 한미태권도(회기동),태권도,127.0528581,37.5892881
원알엠피트니스,222772229,서울특별시 종로구 종로 120 지하1층(종로3가),기타종목,126.9909351,37.5700832
바른체형 필라테스플라잉요가,272653004,서울특별시 강북구 도봉로 295 스타타워 13층(수유동),요가,127.0229467,37.6349587
바몰리필라테스,247882281,"서울특별시 용산구 백범로99길 40 상가 101동  201호(한강로2가, 용산 베르디움 프렌즈)",필라테스,126.9715459,37.5355645
바시필라테스 마곡점,231132811,서울특별시 강서구 마곡서로 56 3층 바시필라테스 마곡점(마곡동),필라테스,126.8239138,37.558992
고척체육센터,221282310,서울특별시 구로구 경인로 430 고척체육센터(고척동),수영,126.8671719,37.4982889
원광장애인종합복지관,24382691,서울특별시 중랑구 신내로 56 원광장애인종합복지관(신내동),댄스(줌바 등),127.0960121,37.6044209
원 탑 태권도,24829386,서울특별시 강동구 천중로17길 37 2층 원 탑 태권도(천호동),태권도,127.1308512,37.5465377
워크어게인 재활헬스케어센터,,서울특별시 금천구 범안로 1130 디지털엠파이어 203호(가산동),기타종목,126.8876739,37.4655207
박사 경희대 태권도,220655599,서울특별시 강서구 까치산로10길 73 2층(화곡동),태권도,126.847853,37.5408868
박성천탁구교실,23060791,서울특별시 은평구 증산서길 107 (증산동)박성천탁구교실 지층,탁구,126.9085724,37.5855233
좋은운동장 장애인스포츠 본점,27201002,서울특별시 종로구 사직로8길 34 (내수동)420호,기타종목,126.9718472,37.5738725
박진우탁구클럽,23962586,서울특별시 서대문구 모래내로 347-2 2층 박진우탁구클럽(홍은동),탁구,126.9348181,37.5811579
요가문 서울 차오름 평생교육원,,서울특별시 서대문구 연세로5길 26-17 창천빌딩 4층 1호(창천동),기타종목,126.9348022,37.5568212
운동하는여자,,서울특별시 송파구 백제고분로7길 6-15 3층(잠실동),크로스핏,127.0796032,37.5097721
운동하기 좋은 날,23368280,서울특별시 서대문구 연희로 181 지하1층(연희동),헬스,126.9353243,37.573198
운동공간유인,,서울특별시 종로구 필운대로 15-10 1층(필운동),헬스,126.9691175,37.5778793
발리짐 노원역점,262326733,서울특별시 노원구 상계로 64 가동 6층(상계동),헬스,127.0622973,37.6558003
우성거룡체육관,222480425,"서울특별시 동대문구 사가정로 190 상가3층 연세거룡태권도(전농동, 전농우성아파트)",태권도,127.0647699,37.5772801
배봉탁구클럽,,서울특별시 동대문구 장한로 173 4층(장안동),탁구,127.0717449,37.575917
배봉태권도,222465777,서울특별시 동대문구 사가정로25길 23 3층(장안동),태권도,127.0704022,37.5799736
배틀샷그라운드 사격,7087233219,서울특별시 양천구 목동중앙북로 16-1 5층 배틀샷그라운드(목동),기타종목,126.8655295,37.5482438
우리언어치료실,24357595,서울특별시 중랑구 봉우재로 118 4층(면목동),기타종목,127.0861376,37.5924085
한국체대 용호 태권도,28133667,서울특별시 동작구 양녕로30길 4 한국체대 용호 태권도(상도동),태권도,126.9445135,37.4992634
한누리고려대중태권도장,28047772,"서울특별시 금천구 탑골로 30 2,3층(시흥동)",태권도,126.9123909,37.4517693
킨더윌 언어심리 전문센터,29393421,"서울특별시 노원구 상계로23다길 13-8 107호(상계동, 노원 아이파크)",기타종목,127.0694006,37.6598913
백두산 체육관,29491717,서울특별시 노원구 동일로198길 36 삼부빌딩 2층(공릉동),태권도,127.0736546,37.6290323
백두산K타이거즈태권도,262213030,서울특별시 강북구 한천로105길 33 유치원상가 2층 백두산K타이거즈태권도(번동),태권도,127.0458623,37.6255267
우리마음심리상담소,262216544,서울특별시 노원구 동일로204가길 34 씨앤미빌딩 207호(중계동),기타종목,127.06816,37.6407272
우리들탁구클럽,29350725,서울특별시 노원구 동일로228길 35 청수빌딩 자하1층(상계동),탁구,127.0590562,37.6679537
골든에이지축구교실,24351010,서울특별시 중랑구 망우로 412 지하1층 골든에이지축구교실(망우동),축구(풋살),127.0979518,37.5990039
우리들언어체육발달센터,220608075,서울특별시 구로구 오리로 1298 궁전빌딩 4층(궁동),기타종목,126.829555,37.4972916
우리동작장애인자립생활센터,28122536,"서울특별시 동작구 상도로 43 지하 1층(대방동, 정원빌딩)",기타종목,126.9254658,37.5000145
백호합기도1관,24073230,서울특별시 송파구 성내천로 77 2층(오금동),합기도,127.1382604,37.5016151
밸런스 필라테스,,"서울특별시 금천구 시흥대로 291 310동 216호 밸런스필라테스(독산동, 금천롯데캐슬골드파크3차)",필라테스,126.8972935,37.459981
우리다움 아동발달연구소,220659701,"서울특별시 양천구 은행정로 49 1층, 2층 우리다움 아동발달연구소(신정동)",헬스,126.8591518,37.5241794
짐스아동발달센터,24238886,서울특별시 송파구 가락로 171 송파빌딩 6층 짐스아동발달센터(송파동),기타종목,127.1139772,37.5042213
수탁구클럽,247051164,서울특별시 은평구 은평로 5 3층 탁구장(신사동),탁구,126.9092234,37.5967735
곰돌이발달지원센터,226422144,서울특별시 양천구 은행정로 5 에벤에셀프라자314호(신정동),헬스,126.859586,37.5202096
한국체대하늘태권도장,23090805,"서울특별시 마포구 월드컵북로 502 402호,403호(상암동)",태권도,126.8798702,37.5850443
베스트플러스,,서울특별시 은평구 불광로 54 지하1층 베스트 플러스(불광동),유도,126.9315014,37.6118226
에코플러스 평생교육원,222072470,서울특별시 중랑구 망우로 192 3층 에코필라테스 플러스(상봉동),필라테스,127.0741597,37.5931968
YM복싱클럽,24426383,서울특별시 강동구 양재대로 1564 4층(명일동),복싱,127.1430656,37.5450987
SDTA태권도교육관,234110712,서울특별시 강남구 양재대로55길 31 동성빌딩5층(일원동),태권도,127.0870125,37.4929303
용탁구클럽,236657942,서울특별시 강서구 공항대로41길 44 지하 1층(등촌동),탁구,126.8459992,37.5597251
한국체대용무태권도장,,서울특별시 마포구 마포대로11길 46 2층 용무태권도장(공덕동),태권도,126.9517142,37.5493989
공릉탁구클럽,29717400,서울특별시 노원구 동일로 1106 B1층 공릉탁구클럽(공릉동),탁구,127.0718226,37.6287602
한국체대수태권도장,23514731,서울특별시 은평구 갈현로 108 2층 한국체대 수 태권도장(역촌동),태권도,126.9109197,37.6074308
보나필라테스,228422772,서울특별시 구로구 개봉로23가길 31 6층 보나필라테스(개봉동),필라테스,126.8580866,37.4953022
한국체대석사태풍태권도,24705877,서울특별시 강동구 양재대로116길 95 2층(길동),태권도,127.1457382,37.5376716
청솔태권도장,23723851,서울특별시 서대문구 증가로24바길 70 2층 청솔태권도(북가좌동),태권도,126.9192123,37.5829685
보담 운동발달센터,269540110,서울특별시 강서구 마곡서로 101 815호(마곡동),기타종목,126.8236057,37.5626708
보답아동발달센터,292372640,서울특별시 관악구 보라매로 12 3층 303호(봉천동),기타종목,126.9277574,37.4904929
보라매 쉐르빌 탁구장,,"서울특별시 동작구 보라매로5길 43 지하 1층 쉐르빌 탁구장(신대방동, 보라매삼성쉐르빌)",탁구,126.9234164,37.4914777
보라매댄스스포츠학윈,,서울특별시 영등포구 여의대방로 87 대신빌딩3층(신길동),댄스(줌바 등),126.9163222,37.4971809
보라매태권도,28459877,서울특별시 영등포구 대방천로 194 2F 보라매태권도(신길동),태권도,126.9124458,37.4988993
보라매휘트니스,232808657,서울특별시 동작구 보라매로 59 4층(신대방동),헬스,126.927057,37.4946715
보람핫점핑,29394562,서울특별시 노원구 한글비석로52길 20 3층  보람핫점핑(상계동),기타종목,127.0665814,37.6654151
용인대한울태권도,226477824,서울특별시 양천구 목동중앙북로7길 5 3층 용인대한울태권도(목동),태권도,126.8669885,37.5483786
용인대한양태권도장,29367766,서울특별시 노원구 동일로242길 51 대산빌딩 3층 용인대한양태권도장(상계동),태권도,127.0582372,37.675005
보성태권도,262231533,"서울특별시 성북구 종암로27길 37 3층(종암동, 삼성 래미안아파트)",태권도,127.0305744,37.6021271
복당구교실,7076172213,서울특별시 도봉구 해등로 123 삼성프라자 2층 201호 복당구교실(창동),당구,127.0405107,37.6545237
한국체대 한성태권도,,서울특별시 성동구 금호산길 42 2층 한국체대 한성태권도(금호동2가),태권도,127.0195156,37.552005
용인대한미태권도,23130032,"서울특별시 중구 중림로 10 (중림동, 중림동 삼성 사이버 빌리지)",태권도,126.9648749,37.558579
한국체대 태평양 태권도장,23754629,서울특별시 서대문구 거북골로 182 지층 태평양 태권도장(북가좌동),태권도,126.9105572,37.5774329
복싱타임,24348212,서울특별시 중랑구 동일로 802 401호 복싱타임(중화동),복싱,127.0797178,37.6020892
복싱팩토리짐,7089595425,서울특별시 노원구 한글비석로23길 2 3충  복싱팩토리짐(상계동),복싱,127.071247,37.6607212
용인대팀타이거태권도장,28167474,서울특별시 동작구 만양로 12 201호 용인대팀타이거태권도장(상도동),태권도,126.9472177,37.5057386
꿈빛마을 발달센터,277310880,서울특별시 성북구 솔샘로17길 8 벧엘교회 내 1층(정릉동),기타종목,127.0057424,37.61281
나루탁구클럽,,서울특별시 마포구 삼개로 21 지하(도화동),탁구,126.9476133,37.5384105
용인대태풍태권도,226067766,서울특별시 강서구 가로공원로76길 38 2층 용인대태풍태권도(화곡동),태권도,126.8373359,37.5353394
용인대태권도체육관,29030676,서울특별시 강북구 한천로124길 25 2층 용인대태권도체육관(번동),태권도,127.0327954,37.6376308
힐링타임,256539007,서울특별시 양천구 목동중앙남로7길 12 힐링타임(목동),기타종목,126.8660457,37.5376007
용인대태권도,25798080,서울특별시 서초구 동산로 62 3층 (양재동),태권도,127.0455991,37.4717665
한국체대 정진태권도,28058050,"서울특별시 금천구 벚꽃로 73 상가 208호(독산동, 금천현대아파트)",태권도,126.8902351,37.4625026
고려서진태권도,29188048,서울특별시 성북구 솔샘로4길 26 2층 고려서진태권도(정릉동),태권도,127.0062293,37.6085493
체육진흥팀(국민체육),24101295,서울특별시 송파구 올림픽로 424 비즈홀(방이동),검도,127.122959,37.520934
팩토리짐독산점,220989679,서울특별시 금천구 두산로 70 A동 T-B201호(독산동),헬스,126.8956207,37.4689627
용인대탑태권도,28226888,서울특별시 동작구 흑석한강로 2 상가402(흑석동),태권도,126.9665178,37.5065984
한국체대 우신태권도,28364567,서울특별시 영등포구 신길로 184 2층 우신태권도(신길동),태권도,126.9111031,37.5086247
볼링스테이션2쌍문점,29028080,"서울특별시 도봉구 도당로 6 지하1층(쌍문동, 쌍문동 LG트윈빌2)",볼링,127.035364,37.6587348
관악구민종합체육센터,28707600,서울특별시 관악구 낙성대로3길 37 관악구민종합체육센터(봉천동),헬스,126.9603185,37.4730839
메이저피트니스,514669260,부산광역시 중구 대청로 109 3층 메이저피트니스(대청동1가),헬스,129.0320292,35.1030676
대산태권도장,517245777,부산광역시 기장군 기장읍 차성남로 5 상가3층(스카이아트빌아파트),태권도,129.2087048,35.2416288
부산광역시국민체육센터,22435959,부산광역시 서구 대신로 150 부산국민체육센터(서대신동3가),수영,129.0157781,35.1173274
비룡체육관,512547709,부산광역시 중구 흑교로 78 2층,태권도,129.0235913,35.1062983
장산아이즈연구소,517027585,부산광역시 해운대구 해운대로 814 세종월드프라자 B동 4층(좌동),기타종목,129.1776672,35.169587
야무진태권도,517282888,부산광역시 기장군 정관읍 정관로 489 제일프라자 5층 503호 504호 야무진태권도,태권도,129.1703607,35.3263845
양정유도관,518680284,부산광역시 부산진구 동평로 362 지하1층 양정유도관(양정동),유도,129.0647102,35.1745736
라틴피버,518023699,부산광역시 부산진구 서면로 4 2층(부전동),댄스,129.0581347,35.1509356
이너멜필라테스,,부산광역시 부산진구 중앙대로 790 5층 이너멜필라테스(전포동),필라테스,129.0631126,35.1621639
강서구국민체육센터,517173555,부산광역시 강서구 공항로811번길 10 (대저2동),수영,128.9569124,35.1803559
은산재검도장,519165179,부산광역시 연제구 중앙대로 1231 5층(거제동),검도,129.0789996,35.1973035
대세태권도장,518510145,부산광역시 연제구 거제천로 112 3층(연산동),태권도,129.07476,35.183911
럭스댄스스튜디오,,부산광역시 북구 시랑로 42-1 24시빨래방지하(구포동),댄스(줌바 등),129.0045209,35.2018562
바름아동센터 부산센터,,부산광역시 동구 부산진성공원로 7 2층 바름아동센터 부산센터(범일동),기타종목,129.06026,35.1373689
대신더댄스무용교습소,519118741,부산광역시 서구 보수대로 248 3층(동대신동3가),무용(발레 등),129.0177173,35.1162203
대연우리아이태권도,,"부산광역시 남구 진남로36번길 50 상가2층(대연동, 대연극동아파트)",태권도,129.0918399,35.1405427
대연킴스볼링,26258704,부산광역시 남구 석포로 116 대연킴스볼링장(대연동),볼링,129.0911815,35.1276846
점핑운동 힐링다이어트,,부산광역시 해운대구 반송로828번길 2 2층 점핑운동(반송동),기타종목,129.1468354,35.2272964
부산곰두리스포츠센터,25036363,부산광역시 연제구 화지로 109 부산곰두리스포츠센터(거제동),수영,129.0657322,35.1852386
우서혁,,부산광역시 사하구 다송로 71 세인트마린 6층 아르테 유소년 축구교실(다대동),축구(풋살),128.9841927,35.0619727
케이엔빌리어드,516386688,부산광역시 부산진구 신암로 34 108동B101호(범천동),당구,129.0562133,35.1450932
점프키즈센터,515822569,부산광역시 금정구 금샘로 561-1 ,수영,129.0848365,35.2725516
청운태권도,516358961,"부산광역시 남구 우암로 40-1 청운태권도 1층,2층(감만동)",태권도,129.0819474,35.1140847
프레야필라테스,,부산광역시 동래구 금강로 7 5층(온천동),필라테스,129.0719966,35.2125432
승리마루백양태권도장,513310030,"부산광역시 북구 덕천로276번길 60 316호(만덕동, 백양산동문굿모닝힐)",태권도,129.032675,35.207631
세렌디언어심리운동센터,518055896,부산광역시 부산진구 중앙대로 790 삼영빌딩2층 세렌디언어심리운동센터(전포동),기타종목,129.0631126,35.1621639
연제구국민체육센터,516655125,부산광역시 연제구 쌍미천로 132 연제구국민체육센터(연산동),요가,129.0874303,35.1842151
금정국민체육센터,515194841,부산광역시 금정구 서부로 109 (부곡동) 부산 금정구 서부로 109,헬스,129.0960171,35.219499
국제박창용태권도,516313395,"부산광역시 남구 석포로 34 상가동  201(감만동, 국제아파트)",태권도,129.0851197,35.1223265
연지청운태권도장,518029004,부산광역시 부산진구 성지로 54 2층 청운태권도장(연지동),태권도,129.0549191,35.1754368
우리태권도장,517839090,부산광역시 해운대구 재반로 76 3층 우리태권도(재송동),태권도,129.1260398,35.185453
연지체육관,518043203,부산광역시 부산진구 성지로 30-1 2층(연지동),태권도,129.055123,35.1734793
코리아짐,513385026,부산광역시 북구 함박봉로7번길 49 2층,유도,129.0227081,35.211166
거제국민체육센터,516655351,부산광역시 연제구 법원남로9번길 17 2층 거제역(거제동),헬스,129.0742898,35.1895111
연지탁구클럽,,부산광역시 부산진구 연지로 7 2층 탁구장(연지동),탁구,129.0506189,35.1707937
일광 박종우태권도,517101410,부산광역시 기장군 일광읍 해빛5로 25 (삼성리) 센트럴타워 5차 4층 박종우태권도,태권도,129.2218535,35.260501
연지하이태권도,517910242,"부산광역시 부산진구 성지로 37 1동상가 204(연지동, 래미안어반파크)",태권도,129.0511581,35.1750215
연천LG체육관,517560334,"부산광역시 연제구 고분로 200 연산LG종합상가 401호(연산동, 연산엘지아파트)",태권도,129.1031995,35.18486
성찬미탁구교실,518162007,부산광역시 부산진구 동평로 221 원심빌딩지하 1층(연지동),탁구,129.0513737,35.1695694
연천태권도,,부산광역시 연제구 고분로 116 1층 연천태권도(연산동),태권도,129.0948893,35.1856598
성지다이어트복싱클럽,28052008,부산광역시 부산진구 성지로 151 601호 성지다이어트복싱클럽(초읍동),복싱,129.0479738,35.1816713
가평태권도장,,"부산광역시 북구 구포만세길 163 201호(구포동, 어반빌리지)",태권도,129.0000772,35.2080543
유림엘리트태권도,513345775,부산광역시 북구 낙동북로 736 상가동 3층 유림엘리트태권도(구포동),태권도,129.0021948,35.1970464
포천태권도,23418905,부산광역시 북구 시랑로 134 1층 동아대포천태권도(구포동),태권도,129.0099662,35.1953094
메디앤컬필라테스 초량점,24423340,부산광역시 동구 중앙대로 258 2층 메디앤컬필라테스 초량점(초량동),필라테스,129.0425462,35.1196563
인지태권도,515256645,"부산광역시 해운대구 선수촌로 122 부산 해운대구 선수촌로 122 (반여동, 아시아선수촌아파트)",태권도,129.1215293,35.203005
대천체육관,513653040,부산광역시 북구 양달로 70 대광빌딩 5층 대천태권도(화명동),태권도,129.0208005,35.2439965
성영헌태권도스쿨,515128956,부산광역시 금정구 범어천로38번길 4 3층 성영헌태권도스쿨(남산동),태권도,129.0900714,35.2694964
커브스화명,513611881,부산광역시 북구 금곡대로303번길 2 603호  커브스(화명동),헬스,129.0134842,35.2356469
메디앤컬필라테스 사상점,23173340,부산광역시 사상구 새벽로 230 2층 메디앤컬필라테스 사상점(괘법동),필라테스,128.9845261,35.1615648
형제3태권도,516287070,"부산광역시 남구 용호로198번길 39 동방파크상가 301호 형제3태권도(용호동, 동방파크맨션)",태권도,129.1082351,35.114948
메디앤컬필라테스 명륜점,515573340,"부산광역시 동래구 동래로 25 , 9층 메디앤컬필라테스(온천동)",필라테스,129.0783424,35.2125513
J스포츠스쿨,246174656,부산광역시 사상구 엄궁로 95 4층 J스포츠스쿨(엄궁동),축구(풋살),128.9752635,35.124704
대한공수도Karate,517448890,부산광역시 해운대구 좌동순환로 506 501호(중동),기타종목,129.1687362,35.1661755
대한국술합기도KK합기도,28914530,부산광역시 부산진구 대학로 11-9 2층(가야동)(가야동),합기도,129.0377657,35.1542828
승리마루미래태권도장,517551458,부산광역시 수영구 연수로416번길 32 승리마루미래태권도장(광안동),태권도,129.1130524,35.1668503
승리마루 광안도장,517517333,부산광역시 수영구 과정로85번길 54 상가1층(망미동),태권도,129.1035539,35.1787481
한스필라테스,,"부산광역시 해운대구 해운대로 663 상가A동 207호 208호(우동, 해운대비스타동원)",필라테스,129.1621496,35.1660123
투혼 팀스피릿,,부산광역시 기장군 정관읍 모전1길 20-30 2F,복싱,129.1670953,35.3351888
부산STAPS,,부산광역시 수영구 수영로 658-4 B1(광안동),기타종목,129.114764,35.164266
코리아짐,517034445,부산광역시 해운대구 양운로 121-1 5층(좌동),기타종목,129.1727209,35.1733481
모라검도관대한검도회,23056070,부산시 사상구 모라동 1367번지 3층/4층 모라검도관,검도,128.9905195,35.1871636
메디앤컬 필라테스 사직점,515073033,부산광역시 동래구 사직북로 4 자이언츠파크 502호(사직동),필라테스,129.0613598,35.1962582
누리찬태권도,513631271,부산광역시 북구 만덕3로16번길 92 2층 누리찬태권도(덕천동),태권도,129.0205927,35.2121789
성무관,515163698,부산광역시 금정구 수림로75번길 2 부산광역시 금정구 수림로 75번 길2 (장전동)(장전동),유도,129.0840027,35.2398432
포유저 부산국제승마장,,부산광역시 기장군 장안읍 기장대로 1647-149 부산국제승마장,승마,129.2408405,35.3388078
별하합기도대신무림관,512420187,부산광역시 서구 망양로33번길 7 1층(서대신동3가),합기도,129.0133272,35.1136127
대한웰니스협회,517108558,"부산광역시 연제구 고분로 21-2 (연산동) 4,5층(통천한의원)",댄스(줌바 등),129.0849189,35.1859105
남천탁구장,516234499,부산광역시 수영구 황령대로 491 프라자빌딩 4층 남천탁구장(남천동),탁구,129.1077521,35.1384334
성룡태권도,25166696,부산광역시 금정구 팔송로 15 2층(남산동),태권도,129.0908417,35.2720637
함께짐,513640027,부산광역시 북구 화명대로 15 하이페리온 타워 3층 301호 함께짐(화명동),헬스,129.0098825,35.235447
커브스 좌동클럽,517049001,부산광역시 해운대구 좌동순환로 176 장산빌딩3층 커브스 좌동클럽(좌동),기타종목,129.175297,35.177565
마루치 복싱줄넘기,,부산광역시 해운대구 좌동순환로 310 8층(좌동),복싱,129.1825351,35.1684763
케이브짐,,부산광역시 사하구 낙동대로519번길 8 B1 케이브짐(하단동),기타종목,128.9649577,35.1104209
중구 웰빙체육관,24646565,부산광역시 중구 영주로 89 중구웰빙체육관,헬스,129.0316368,35.1148136
국제무용학원,,부산광역시 강서구 명지국제2로28번길 3 동건프라자7층(명지동),무용(발레 등),128.9076702,35.0940846
커브스 명지국제클럽,512041330,부산광역시 강서구 명지국제8로 243 3층 301호(명지동),헬스,128.9195119,35.098413
이윤정 요가공간,,부산광역시 연제구 토곡로 25 2층(연산동),요가,129.1046865,35.18207
화신체육관,516327585,부산광역시 남구 고동골로 78 2층 화신체육관(문현동),태권도,129.0715415,35.1437802
성공태권스쿨,518061686,부산광역시 부산진구 동성로112번나길 5 4층 성공태권스쿨(전포동),태권도,129.067959,35.1635613
성공태권도장,519722225,부산광역시 강서구 과학산단로334번길 13 녹산상가2층(지사동),태권도,128.8326794,35.1501399
무일체육관,517465263,부산광역시 해운대구 우동1로 82 2층 무일테권도(우동),태권도,129.1565529,35.1684807
정관춤터무용아카데미학원,27276787,부산광역시 기장군 정관읍 정관로 395 금양프라자 603,댄스(줌바 등),129.1660003,35.3341599
미라클랜드 휘트니스,517833151,부산광역시 해운대구 재반로 239 3층 미라클랜드 휘트니스(반여동),헬스,129.1310654,35.1986393
백마체육관,23125666,부산광역시 사상구 대동로 107 4층 백마체육관(학장동),태권도,128.9792176,35.1390184
1on1뉴힐링라이프 재활운동센터 부산점,517119867,부산광역시 동구 중앙대로196번길 6-5 4층 402호 뉴힐링라이프재활운동센터부산점(초량동),기타종목,129.0400422,35.1139602
이지태권도장,513333525,부산광역시 북구 덕천로 308 3층(만덕동),태권도,129.0376286,35.2092797
우리아이태권도,,부산광역시 부산진구 가야대로 607 7층(가야동),태권도,129.0384038,35.1553468
스트릿짐,515217200,"부산광역시 해운대구 선수촌로 122 정문 상가동2층 스트릿짐(반여동, 아시아선수촌아파트)",헬스,129.1215293,35.203005
카라스댄스컴퍼니,518664262,부산광역시 기장군 정관읍 정관로 578 11층 1102 호 카라스댄스컴퍼니 정관점,요가,129.176812,35.3207405
일광명문유도관,,부산광역시 기장군 일광읍 해빛로 5 남조타워 601호,유도,129.2273279,35.2659532
칠보체육관,27213341,부산광역시 기장군 기장읍 대청로 6 3층,태권도,129.2106546,35.2377642
대호II체육관,,부산광역시 남구 용호로110번길 33 2층(용호동),태권도,129.1103335,35.1223937
피크원,,부산광역시 부산진구 성지로 112 성원빌딩 3/4층(초읍동),헬스,129.0519077,35.1801172
용호아동발달센터,519072339,부산광역시 남구 용호로 127 4층 용호아동발달센터(용호동),기타종목,129.1123892,35.1207875
영도국민체육센터,514050050,부산광역시 영도구 함지로79번길 6 영도국민체육센터,수영,129.0663893,35.0752297
충효체육관,,부산광역시 해운대구 신반송로 208 7층(반송동),태권도,129.1575904,35.2307114
불독짐,517276900,부산광역시 기장군 정관읍 모전1길 14 2층 불독짐,헬스,129.1665269,35.3354096
제이지스포츠재활운동센터,516117772,부산광역시 남구 못골로 49 글로리빌딩 3층 jg스포츠재활운동센터(대연동),기타종목,129.0877512,35.1359574
댄스온컴퍼니 위드온필라테스,519008509,부산광역시 부산진구 동평로 94-1 3층(당감동),필라테스,129.0399357,35.1654189
댄스헌터 주식회사,233221776,부산광역시 부산진구 동평로420번길 18 (B1 댄스헌터)(양정동),댄스(줌바 등),129.0697613,35.1727615
영선레포츠,25552002,부산광역시 동래구 금정마을로 135-11 1층(온천동),주짓수,129.067962,35.2129329
국제기구필라테스오션점,512948002,부산광역시 강서구 명지오션시티4로 65 7층 국제기구필라테스오션점(명지동),필라테스,128.9039136,35.0832861
더 마스터 태권도,512710999,부산광역시 강서구 명지오션시티5로 10 광명빌딩2층(명지동),태권도,128.9042085,35.0834908
맨하탄휘트니스피티,515819711,"부산광역시 금정구 중앙대로1841번길 23 7,8층(구서동)",헬스,129.0905196,35.2486095
주식회사숨숨체형교정연구소,515057800,부산광역시 동래구 아시아드대로 214 3층 숨체형교정연구소(온천동),기타종목,129.0667236,35.2030767
국제기구필라테스 재송점,,부산광역시 해운대구 재반로 78-1 3층(재송동),필라테스,129.1259446,35.1857099
충렬탁구교실,,부산광역시 동래구 명장로20번길 84 삼성타운상가401호(명장동),탁구,129.1004615,35.2025131
포엠필라테스,517140503,부산광역시 해운대구 좌동순환로 505 604호 포엠필라테스(중동),필라테스,129.1682073,35.165667
코어운동센터,515057800,부산광역시 동래구 아시아드대로 214 3층 (코어운동센터)(온천동),기타종목,129.0667236,35.2030767
건강더함 바른운동센터,517101712,부산광역시 북구 화명신도시로 127 5층 건강더함 바른운동센터(화명동),헬스,129.0106119,35.2353428
EG태권도,23333525,부산광역시 북구 덕천로 308 농협3층MTA E.G태권도,태권도,129.0376286,35.2092797
어울림특수체육,517512722,"부산광역시 연제구 명륜로2번길 7 B1, 어울림특수체육(거제동, 삼익퓨쳐타워아파트)",배드민턴,129.0812825,35.1952609
스텝업무용학원,512666143,부산광역시 사하구 다대로 613 4층 스텝업무용학원(다대동),무용(발레 등),128.9711117,35.0515574
구포검도장 합기도,23345084,부산광역시 북구 시랑로83번길 99 1층,합기도,129.0111226,35.1962686
춤서리댄스학원,512622627,부산광역시 사하구 다대로 535 1.2층 오리진댄스학원(다대동),기타종목,128.9718688,35.0582644
부광테바짐,519091472,부산광역시 부산진구 중앙대로909번길 11 3층(양정동),복싱,129.0693616,35.1715272
오늘더가꿈필라테스,,부산광역시 해운대구 해운대로483번길 8 3층 오늘더가꿈필라테스(우동),필라테스,129.1465192,35.1631093
동아스포츠아카데미,,부산광역시 북구 금곡대로550번길 30 3층 동아스포츠아카데미(금곡동),롤러인라인,129.0135246,35.2562837
JS운동발달센터,28075511,부산광역시 부산진구 성지로 30-1 4층(연지동),기타종목,129.055123,35.1734793
춤그리다무용학원,,부산광역시 해운대구 해운대로 802 웅신시네아트 b동 5층 춤그리다(좌동),무용(발레 등),129.1766569,35.1691635
서진헬스,22940360,부산광역시 사하구 감천로 52 3층 서진헬스(감천동),헬스,128.9982207,35.0903093
테넌짐,518070234,부산광역시 부산진구 당감로 104 협성프라자 4층(부암동),헬스,129.0383326,35.1708846
비바스포츠클럽,513381700,부산광역시 북구 은행나무로 10 2층 비바스포츠 클럽(만덕동)(만덕동),종합체육시설,129.0373002,35.2086752
부산광역시 남구 시설관리사업소,516076364,부산광역시 남구 백운포로 110 남구국민체육센터(용호동),기타종목,129.1081414,35.1039604
SO클라이밍,513614443,부산광역시 북구 금곡대로303번길 61 2층 SO클라이밍짐(화명동),클라이밍(암벽등반),129.0102903,35.2356442
현대태권도,,부산광역시 기장군 기장읍 기장대로 563 b상가 3층 301호 현대태권도(기장현대아파트),태권도,129.2200797,35.245172
모동체육관,513015328,부산광역시 사상구 모라로192번길 32 4층 모동체육관(모라동),태권도,129.0013948,35.1844178
해동검도 북부산,513352019,부산광역시 북구 금곡대로 280-4 3층 해동검도(화명동),검도,129.0138378,35.2332116
더미라클짐,512427878,부산광역시 중구 광복중앙로 34 시티프라자 4층 더미라클짐(대청동2가),헬스,129.0311448,35.102413
부곡우리아이태권도,,"부산광역시 금정구 동부곡로15번길 76 201(부곡동, 롯데캐슬디아망)",태권도,129.0942582,35.2295175
더바른태권도,512663884,부산광역시 사하구 다대로497번길 9 3층(다대동),태권도,128.9753664,35.0606551
아유르요가테라피,,부산광역시 사상구 백양대로 955-9 2층(모라동),요가,128.9914512,35.1916051
포고클라임,513044150,부산광역시 사상구 사상로 415 2층 포고클라임(모라동),기타종목,128.9855415,35.1817913
부곡명문유도관,515147888,"부산광역시 금정구 부곡로 28 B층 101호(부곡동, 온천리젠시타워아파트)",유도,129.0880057,35.2193045
트윈스짐,513389679,부산광역시 북구 만덕대로 52 3층 트윈스짐(덕천동),헬스,129.0104993,35.2111606
강지성프로9단바둑학원,517013279,부산광역시 해운대구 세실로 87 502호강지성바둑학원(좌동),기타종목,129.1760483,35.1722169
현대체육관,515061775,부산광역시 연제구 법원북로3번길 7 남강빌딩 4층(거제동),태권도,129.0674018,35.1934996
최준환탁구클럽,517153349,부산광역시 해운대구 구남로29번길 26 지하1층 최준환탁구클럽(중동),탁구,129.1619558,35.1622657
화명디케이짐,,부산광역시 북구 화명신도시로 234 2층 체육관(금곡동),합기도,129.0113914,35.2447904
화명 자바클라이밍센터,,부산광역시 북구 양달로 40 101호(화명동),클라이밍(암벽등반),129.0180528,35.2428454
주풀숲,,부산광역시 동구 초량상로79번길 33-7 1층 풀숲힐링스튜디오(초량동),필라테스,129.0363765,35.1191676
레벨업점핑다이어트,517278455,부산광역시 기장군 정관읍 정관로 391 하나프라자 301호,기타종목,129.1658195,35.3344963
건우태권도,,부산광역시 북구 금곡대로 230 303-1호건우태권도(화명동),태권도,129.0130677,35.2287367
반송월드태권도,515435658,"부산광역시 해운대구 신반송로 171 삼한그린타운 상가동 205호(반송동, 삼한그린타운)",태권도,129.1607169,35.2276246
최성준태권스쿨,514051163,부산광역시 영도구 중리로 46-11 일성빌딩3층(동삼동),태권도,129.0688958,35.0751527
이미은 필라테스,513151091,부산광역시 강서구 명지오션시티4로 81 503호(명지동),필라테스,128.9039617,35.0816871
엄궁체육관,513221504,부산광역시 사상구 낙동대로776번길 40 515-5    1층엄궁체육관(엄궁동),태권도,128.973141,35.1289079
오름동행 발달특수체육연구소,517104265,부산광역시 기장군 정관읍 정관6로 46 3층 오름동행 발달특수체육연구소,기타종목,129.178676,35.3188642
바이탈필라테스 해운대점,517479007,부산광역시 해운대구 좌동순환로433번길 30-1 힐스테이트위브 상가 3층 303호 바이탈필라테스(중동),필라테스,129.1798461,35.1625239
송무인신금체육관,513611962,부산광역시 북구 효열로 77 5층 송무인신금체육관(금곡동),태권도,129.013612,35.2529196
하토르요가필라테스,,부산광역시 연제구 법원남로16번길 24 302호(거제동),필라테스,129.0752715,35.1915362
메디앤컬필라테스 연산점,518647999,부산광역시 연제구 중앙대로 1091 901호 메디앤컬필라테스 연산점(연산동),필라테스,129.0806502,35.1854186
아이꿈언어심리발달센터,,부산광역시 부산진구 동평로 82 3층(당감동),기타종목,129.0384067,35.1651447
더스피닝,517578881,부산광역시 연제구 과정로 190 4층 더스피닝(연산동),헬스,129.1064605,35.1880378
인재태권도스쿨,,부산광역시 해운대구 재반로 183 3층(반여동),태권도,129.130249,35.1938384
녹명태권도,,"부산광역시 강서구 화전산단4로 74 212동 125호, 126호(화전동, 우방아이유쉘)(화전동, 우방아이유쉘)",태권도,128.8867252,35.1100848
서부안심생존센터,512931119,부산광역시 사하구 원양로 379 별관(감천동),수영,129.0057742,35.0842382
서부산권장애인스포츠센터,512037780,부산광역시 사하구 낙동남로1233번길 20 서부산권장애인스포츠센터,수영,128.9469,35.1094432
서면체육관,518047753,부산광역시 부산진구 새싹로58번길 11 서면체육관 2층(범전동),태권도,129.0559172,35.1627796
장전도란언어심리센터,515835514,부산광역시 금정구 금강로 361 4층 장전도란언어심리센터(장전동),요가,129.0862679,35.2403442
김옥련발레학원,516269486,부산광역시 남구 유엔평화로 128 2층(용당동),무용(발레 등),129.0959019,35.1247124
일신체육관,514162462,부산광역시 영도구 조내기로 40 일신체육관(청학동),태권도,129.063689,35.0863325
맑은샘헬스클럽,513388801,부산광역시 북구 시랑로79번길 17 1222-24(구포동),헬스,129.0071777,35.1990771
맑은누리태권도장,513318842,부산광역시 북구 시랑로94번길 14 2층(구포동),태권도,129.0064666,35.1967966
(주)다비드짐,519882114,부산광역시 북구 덕천로281번길 12 2층 다비드짐(만덕동),헬스,129.0350988,35.2101945
춤그리다 무용학원,,부산광역시 해운대구 양운로42번길 18 204호(좌동),발레,129.1775036,35.1685132
서구장애인복지관,512423930,부산광역시 서구 보수대로154번길 36 서구장애인복지관(동대신동1가),기타종목,129.023522,35.1106711
제이케이JK 태권도,,부산광역시 금정구 금샘로 561-1 1층 제이케이 태권도(남산동),태권도,129.0848365,35.2725516
서구유소년축구단,,"부산광역시 서구 구덕로 275-3 202(서대신동1가, 용문아파트)",축구(풋살),129.0183589,35.1085749
효승태권도,515838399,"부산광역시 금정구 부곡로42번길 25 상가 201동 103~105호(부곡동, 온천장역동원로얄듀크)",태권도,129.0895193,35.2203075
플럼이스튜디오,,부산광역시 수영구 광남로48번길 17 4층(남천동),필라테스,129.1127761,35.14645
부산시설공단(휘트니스_두구동),215770880,부산광역시 금정구 체육공원로399번길 324 부산시설공단 스포츠센터(두구동),헬스,129.1051659,35.2918295
코리아짐,513385026,부산광역시 북구 함박봉로7번길 49 2층(덕천동),유도,129.0227081,35.211166
민락탁구장,,부산광역시 수영구 광안해변로277번길 7 팔성빌딩 3층 민락 탁구장(민락동),탁구,129.123833,35.1563105
분더필라테스,516220247,부산광역시 남구 유엔평화로 32 1동 3층 분더필라테스(대연동),필라테스,129.091786,35.1322763
제이당구클럽,,부산광역시 해운대구 양운로80번길 20 6층(좌동),당구,129.1754302,35.1715323
오케이탁구,518045555,부산광역시 수영구 수영로 486 오케이탁구(남천동),탁구,129.1110277,35.1490807
오티티탁구장,513633137,부산광역시 북구 와석장터로 8 새마을금고 2층 (오티티탁구클럽)(화명동),탁구,129.0150437,35.2349278
해동검도 신평도장,512083155,부산광역시 사하구 장평로 287 올마켓 위 큰나무정형외과 內 (신평동),검도,128.9728172,35.0919991
금곡동대체육관,513624600,부산광역시 북구 금곡대로616번길 41 오성빌딩4층 동대태권도(금곡동),태권도,129.0162686,35.2623744
점핑운동 힐링다이어트,,부산광역시 해운대구 반송로828번길 2 2층점핑운동(반송동),기타종목,129.1468354,35.2272964
해동검도 연제본관,518681870,부산광역시 연제구 거제대로 199 2층 검도장(거제동),검도,129.0713675,35.1861987
새반송태권도,515442600,"부산광역시 해운대구 신반송로 163 남흥아파트상가 3층 새반송태권도(반송동, 남흥아파트)",태권도,129.1622689,35.2275082
더짐 피트니스,513389119,부산광역시 북구 백양대로 1017 한성빌딩 5층(구포동),헬스,128.9945319,35.1967405
새론스포텍스쿼시,513315608,부산광역시 북구 금곡대로303번길 61 새론타워 7층(화명동),스쿼시,129.0102903,35.2356442
원호태권도,517825493,부산광역시 해운대구 재반로256번길 32 원호태권도(반여동),태권도,129.1333036,35.1997874
용마검도관,512572300,부산광역시 서구 구덕로 262 3층 용마검도관(동대신동1가),검도,129.0200449,35.1080503
새로운우리세상부영체육관,22938827,"부산광역시 사하구 감천로21번길 35 상가 303호 부영태권도(감천동, 부영벽산파라빌)",태권도,128.9956938,35.0940161
새꿈아동발달상담센터,517100008,"부산광역시 연제구 거제대로 296 (거제동) 3, 4층",기타종목,129.0789154,35.1921533
초원체육관,516455878,부산광역시 동구 망양로 897 초원체육관(범일동),태권도,129.0494994,35.1401476
스타키즈,515149007,부산광역시 금정구 부곡로 140 지하1층 스타키즈 수영장(부곡동),수영,129.0923194,35.2282591
놀이야언어발달심리센터,514668900,부산광역시 동구 고관로 46 6층(초량동),기타종목,129.0434544,35.1233389
검무관,517581012,부산광역시 수영구 수영로545번길 21 유원빌딩402호(광안동),합기도,129.1109948,35.1545351
둘리당구클럽,517019653,부산광역시 해운대구 양운로42번길 16 2층 둘리당구장(좌동),기타종목,129.1776233,35.1683342
유강체육도장,23174356,부산광역시 사상구 양지로30번길 4 3층(주례동),태권도,129.0036462,35.1540818
마카라멀티짐,246568423,"부산광역시 부산진구 서면로 56 3층, 마카라멀티짐(부전동)",헬스,129.0581477,35.1556682
한걸음재활연구소,,부산광역시 부산진구 중앙대로824번길 1 601호(전포동),기타종목,129.0656459,35.1645928
바디코어운동센터,513618918,부산광역시 북구 금곡대로303번길 35 해경타워빌딩 5층 501호,기타종목,129.011669,35.2354784
올데이짐,518668834,부산광역시 연제구 과정로 256 3층 올데이짐(연산동),헬스,129.0993641,35.1880102
금강태권도,517832926,부산광역시 해운대구 재반로 200-1 반여2동 1291-803번지 3층 금강태권도(반여동),태권도,129.1308324,35.1951307
용호한빛태권도장,516253833,부산광역시 남구 용호로197번길 58 굿모닝빌딩 301호(용호동),태권도,129.1142733,35.1146176
초량성민태권도,514681550,부산광역시 동구 초량상로 123-1 2층(초량동),태권도,129.0401091,35.1225825
이룸특수체육연구소,517820977,부산시 해운대구 재반로79 4층,기타종목,129.12565,35.1854419
상무유도관,516325350,부산광역시 남구 고동골로78번길 46 지하층 상무유도관(문현동),유도,129.0740585,35.143795
제이앰JM운동센터,517311933,부산광역시 해운대구 좌동순환로 473 나아짐 운동센터(중동),기타종목,129.1696297,35.1634756
황형범 당구 아카데미,,부산광역시 해운대구 세실로27번길 21-1 6층 황형범당구아카데미(좌동),당구,129.1778748,35.1687498
금광스크린골프연습장,27572141,부산광역시 연제구 과정로 169 금광스크린골프연습장(연산동),골프,129.1068696,35.1865373
구서유도관,515125888,부산광역시 금정구 금강로 442-1 지하 구서유도관(구서동),유도,129.0891313,35.247129
예승합기도,519419258,부산광역시 강서구 과학산단2로 12 굿프라임빌딩 3층 예승합기도(지사동),합기도,128.8309594,35.1499799
현대유성태권도,518969264,"부산광역시 부산진구 복지로 70 개금아이파크 주상가 2층 209호(개금동, 개금아이파크)",태권도,129.0186104,35.1478547
장정구복싱,513317980,부산광역시 북구 만덕3로 58 2층 장정구복싱(만덕동),복싱,129.0292985,35.2109846
승리마루 유원태권도장,513255757,부산광역시 사상구 사상로336번길 9 2층,태권도,128.9855943,35.1745259
누리태권도,519127676,"부산광역시 수영구 광일로 63 광원아파트 상가3층 누리태권도(광안동, 광원아파트)",태권도,129.1070876,35.1624121
태랑회밝은빛,23339119,"부산광역시 북구 덕천로 182 202동 510호(만덕동, 벽산라인타운)",태권도,129.0240278,35.2105821
태들보신호태권도,518320333,부산광역시 강서구 신호산단2로 29 신호프라자302호(신호동),태권도,128.8778156,35.0863074
덕천생활체육공원,23094885,부산광역시 북구 낙동대로1570번길 33 북구청 북구체육회(덕천동 457-49),기타종목,128.990181,35.1972644
제이엠드림핏,517517910,부산광역시 연제구 과정로 180 엠타워상가 3층 제이엠드림핏 헬스(연산동),헬스,129.1074319,35.1875404
프라이빗빌리존,,부산광역시 연제구 월드컵대로 141 지하1층(연산동),기타종목,129.0805481,35.1861321
태들보비전태권도,512631191,부산광역시 사하구 서포로30번길 9 더스퀘어빌딩5층 태들보비전태권도(구평동),태권도,128.9859911,35.0823715
아리랑 멋 퍼니태권도장,512540474,부산광역시 서구 꽃마을로 43-1 2층 아리랑 멋 퍼니태권도장(서대신동3가),태권도,129.0117229,35.1177981
제이케이필라테스,,부산광역시 수영구 광남로 214 4층 제이케이필라테스(민락동),필라테스,129.1221006,35.1586387
해심검도관,515571112,동래구 충렬대로 125번길 6 지하1층 해심검도관,검도,129.0745626,35.2061257
현대레포션볼링센타,513333500,부산광역시 북구 덕천로 253 지하 볼링장(만덕동),볼링,129.0319342,35.2107361
G9탁구교실,518654321,"부산광역시 연제구 과정로344번길 43 지하,  G9탁구교실(연산동)",탁구,129.0921454,35.1920158
백의태권도장,513157901,부산광역시 사상구 백양대로 490 주례1차동일아파트 상가 3층(주례동),태권도,128.9988096,35.1534829
한겨레태권도,512919415,"부산광역시 사하구 하신번영로 365 가락타운1단지 146동상가3층 한겨레태권도(하단동, 가락타운1단지)",태권도,128.9590502,35.1127384
별하번지스튜디오,,부산광역시 사하구 다송로72번길 22 2층 별하번지스튜디오(다대동),요가,128.9826352,35.0610958
볼스퀘어,516283305,"부산광역시 남구 분포로 145 B101(용호동, 더블유)",볼링,129.1126448,35.1337125
이룸생활건강센터,,"부산광역시 연제구 중앙대로1124번길 15 102동 402호(연산동, 연산동 에스케이 뷰)",기타종목,129.0819937,35.1886393
에덴놀이센터,,부산광역시 강서구 명지국제1로 56-1 1103호 에덴놀이센터(명지동),무용(발레 등),128.9053736,35.0936865
도담도담인지발달센터,25151030,부산광역시 금정구 금강로709번길 24 (남산동),기타종목,129.0876362,35.270936
아리랑 멋 제일태권도장,515452600,부산시 해운대구 윗반송로 77번지 3층,태권도,129.1572069,35.2309052
환생짐,,부산광역시 남구 수영로266번길 6 3층 환생짐(대연동),기타종목,129.0956662,35.1352388
재송체육관,517820861,부산광역시 해운대구 재송2로 30 3층(재송동),태권도,129.1303982,35.1921365
주장돌,516280558,부산광역시 남구 수영로219번길 29 2층(대연동),헬스,129.0903127,35.136556
미필라테스 동래점,515522776,부산광역시 동래구 충렬대로237번길 143 2층(명륜동),필라테스,129.0822531,35.2072602
잼피티,,부산광역시 연제구 연수로 150 3층 잼피티(연산동),헬스,129.0872011,35.174409
도담아동발달센터,295955642,부산광역시 해운대구 우동3로11번길 15 도담아동발달센터(우동),기타종목,129.1621289,35.1681392
부산지방공단스포원(휘트니스),215770880,부산광역시 금정구 체육공원로399번길 324 부산지방공단스포원 스포츠센터(두구동),헬스,129.105186,35.293216
정관아이비스포츠,27271977,부산광역시 기장군 정관읍 정관중앙로 45 6층 602호,기타종목,129.1782764,35.3211949
하랑음악줄넘기,,부산광역시 강서구 명지국제6로 254 3층 하랑음악줄넘기(명지동),기타종목,128.9233442,35.0980439
도담태권도,512660612,부산광역시 사하구 다대로429번길 1 3층(다대동),태권도,128.9801535,35.0646543
삼성태권도체육관,512919750,부산광역시 사하구 감천로21번길 3 3층 삼성태권도(감천동),태권도,128.9952664,35.0917909
삼성탁구장,,부산광역시 사하구 감천로43번길 20 지하1층. 삼성탁구장(감천동),탁구,128.9983892,35.0916924
우리들체육관,513238481,부산광역시 사상구 백양대로 513 벽산신화아파트 상가3층 우리들테권도(주례동),태권도,128.9962013,35.154337
정도K타이거즈태권도장,512310888,부산광역시 서구 대영로74번길 40 송림빌딩2층(동대신동1가),태권도,129.0199739,35.1087822
이루다필라테스스튜디오,516326333,부산광역시 남구 고동골로 46-1 2층 이루다필라테스(문현동),필라테스,129.0712834,35.1410474
옳음필라테스,,"부산광역시 연제구 좌수영로 225 상가 105호(연산동, 센텀리버 SK VIEW 아파트)",필라테스,129.1138974,35.1828935
살사핏댄스학원,518023699,부산광역시 부산진구 중앙대로680번길 680 2층(부전동),댄스(줌바 등),129.0595001,35.1535033
뉴점핑다이어트,,"부산광역시 부산진구 가야대로 635-13 후문상가 지하1층 뉴점핑(당감동, 당감동태화현대2차아파트)",기타종목,129.0404356,35.1567924
제이엔비당구클럽,,부산광역시 해운대구 양운로80번길 20 6층(좌동),기타종목,129.1754302,35.1715323
바이탈필,,부산광역시 남구 전포대로 104 1층(문현동),필라테스,129.0671011,35.14607
보림태권도,512612777,"부산광역시 사하구 하신중앙로 2 119동601호 보림태권도(장림동, 동원로얄듀크)",태권도,128.9648456,35.0781485
마인드 휘트니스 부산명지점,517150797,부산광역시 강서구 명지국제8로10번길 38 마인드 휘트니스 부산명지점(명지동),헬스,128.9034505,35.0944004
고구려태권도,515218234,"부산광역시 해운대구 삼어로 77 상가3층 고구려태권도(반여동, 일동미라주아파트)",태권도,129.1177576,35.2048721
요가,,부산광역시 동구 수정중로11번길 2 2층 조소현이지무브학원(무용.요가.필라테스.댄스)(수정동),필라테스,129.0436958,35.1297328
오케이피트니스,516368674,부산광역시 부산진구 신암로 9 3층 오케이피트니스(범천동),헬스,129.0556914,35.1428932
이든태권도장,,"부산광역시 사하구 다대로429번길 20 상가동 3층 이든태권도(다대동, 삼환아파트)",태권도,128.9809653,35.0621262
우렁찬태권도,512933111,부산광역시 사하구 낙동대로 154 상록빌딩 4층(괴정동),태권도,128.9991228,35.1030801
명지배움유도관,512716560,부산광역시 강서구 명지국제9로 38 7층 702~3호 명지배움유도관(명지동),유도,128.9214924,35.0982213
아리랑 멋 태권도장,512413252,"부산광역시 서구 충무대로 24 208호 아리랑 멋 태권도장(암남동, 송도혜성주상복합빌딩)",태권도,129.016374,35.0774937
W태권도,517551118,부산광역시 수영구 광안로 50 (광안동),태권도,129.1175222,35.1549899
힘찬태권도,517279949,부산광역시 기장군 정관읍 산단4로 161 정원타워 5층 힘찬태권도,태권도,129.1911097,35.3209079
별난 예인라틴댄스학원,,부산광역시 부산진구 중앙대로 681 5층 별난 예인라틴댄스 학원(부전동),댄스(줌바 등),129.058892,35.153523
기장비호체육관,517227179,부산광역시 기장군 기장읍 차성로326번길 12 농협3층,태권도,129.215194,35.2464935
국술합기도무림체육관,238478200,부산광역시 사상구 사상로277번길 33 4층(삼락동),합기도,128.9805506,35.1697857
돌핀어린이수영장,,부산광역시 북구 금곡대로 222 동원아쿠아2층 돌핀어린이수영장(화명동),수영,129.0124277,35.227993
동광체육관,513050113,부산광역시 사상구 덕상로 10 오양힐타운 상가4층 동광태권도(덕포동),태권도,128.9889833,35.1722739
한성태권도,,부산광역시 북구 만덕2로44번길 79 2층 한성태권도(만덕동),태권도,129.0333279,35.2106975
원바디 필라테스,,부산광역시 해운대구 좌동순환로 74 1층 원바디필라테스(좌동),필라테스,129.1674811,35.1728809
리핏,517414321,부산광역시 해운대구 해운대로383번길 47 3층(우동),기타종목,129.1393025,35.171137
히트킥복싱,,부산광역시 서구 대영로 17 4층 히트킥복싱(서대신동2가),기타종목,129.0138364,35.1103139
주루트컴퍼니 펀펀짐 유소년스포츠센터 연제점,518686115,부산광역시 연제구 월드컵대로 54 힐링메디파크4층 펀펀짐(연산동),롤러인라인,129.084852,35.1793942
효성검도관,517227104,부산광역시 기장군 기장읍 차성로344번길 13 상가 지하 효성검도관(한신아파트),검도,129.2153968,35.2494955
고당산 충효태권도,513331012,부산광역시 북구 함박봉로140번길 8 (만덕동),태권도,129.0327608,35.2047113
스타체육관,515318747,부산광역시 해운대구 반여로 131 상가동 412호 스타체육관(반여동),태권도,129.1234496,35.2034393
가야화랑태권도,518930205,"부산광역시 부산진구 가야대로 635-12 상가 3층 301호(당감동, 금호그랜드타운)",태권도,129.0416314,35.1563596
에이스스크린골프연습장,516327272,부산광역시 동구 자성로133번길 10 천일빌딩3층(범일동),골프,129.0649548,35.1381144
주례명문유도관,,부산광역시 사상구 냉정로 41 지하1층 주례명문유도관(주례동),유도,129.0046265,35.1489171
신정체육관,512084052,부산광역시 사하구 사리로 53 301호(괴정동),태권도,128.998424,35.1045726
비룡체육관,516341887,부산광역시 부산진구 엄광로 500 2층(범천동),태권도,129.0502716,35.1443156
제이쿠아핏 수중운동재활센터,,"부산광역시 금정구 금샘로245번길 11 2단지 상가 1층(구서동, 구서에스케이뷰2단지)",수영,129.0844316,35.2451088
리복싱 스포츠센터,517241279,"부산광역시 기장군 기장읍 차성로 332 (동부리, 애견사랑) 3층",복싱,129.2139765,35.2471115
이너멜 필라테스,,부산광역시 부산진구 중앙대로 790 5층 이너멜 필라테스(전포동),필라테스,129.0631126,35.1621639
바이스앤,25058332,부산광역시 동래구 사직로 58 4층 바이스앤(사직동),골프,129.0593627,35.1956668
리요가앤핏,517589933,부산광역시 연제구 과정로 144 미소메디컬6층(연산동),요가,129.1074059,35.1842747
동래구국민체육센터,515037612,부산광역시 동래구 미남로 110 2층(온천동),수영,129.0698392,35.2036114
스마트 헬스케어센터,519995294,부산광역시 사상구 백양대로700번길 140 신라대학교 종합강의동 2층 208호 스마트 헬스케어센터(괘법동),기타종목,128.9977086,35.1682791
성장운동&심리발달센터,515021857,부산광역시 동래구 석사로 35 보현타워 601호(사직동),기타종목,129.0631396,35.1999824
박정호태권도,,부산광역시 연제구 해맞이로67번길 16 2층 박정호태권도(거제동),태권도,129.0675273,35.180402
천지연사우나헬스,512629326,부산광역시 사하구 다대로227번길 48 천지연사우나헬스(장림동),헬스,128.9782078,35.0804191
주다울푸른도장,513621249,부산광역시 북구 효열로 39 401호(금곡동),태권도,129.0143965,35.2495472
재부산광역시사회체육센터,517441181,부산광역시 해운대구 APEC로 68 (우동),종합체육시설,129.1376836,35.167448
감성키즈피트니스,,부산광역시 기장군 정관읍 정관7로 33-8 5층 감성키즈피트니스,헬스,129.1781402,35.3223582
사신나는사상스포츠클럽,23197330,부산광역시 사상구 가야대로 196번길 51 다누림센터,배드민턴,128.9950795,35.1473936
꿈공작소,23331700,부산광역시 북구 화명대로 15 7층 꿈공작소(화명동),기타종목,129.0098825,35.235447
천무KTA태권도,518185700,부산광역시 부산진구 성지로 102 명지빌딩5층  천무태권도(초읍동),태권도,129.0527034,35.179484
후니,,부산광역시 해운대구 재반로27번길 38-12 후니스포츠(재송동),축구(풋살),129.1254961,35.1827862
스마일키즈스포츠센터,238470609,부산광역시 금정구 윤산로 2 대신빌딩 2층 스마일키즈(부곡동),기타종목,129.0925139,35.235306
서부산권장애인스포츠센터,512037780,부산광역시 사하구 낙동남로1233번길 20 서부산권장애인스포츠센터(하단동),수영,128.9469415,35.1094203
사하아동심리발달센터,7076261375,부산광역시 사하구 하신번영로167번길 50 2층 사하아동심리발달센터(신평동),기타종목,128.9572852,35.0977893
인리치짐,25588421,부산광역시 동래구 명륜로 105 동일빌딩 402호(명륜동),헬스,129.0829263,35.2033924
동래스포츠클럽,515037612,부산광역시 동래구 미남로 110 (온천동),수영,129.0698392,35.2036114
동삼태권도,514035969,부산광역시 영도구 동삼로59번길 2 동삼태권도(동삼동),태권도,129.0699725,35.0788959
사상태권도장,513232463,부산광역시 사상구 사상로250번길 25 2층(괘법동),태권도,128.9838152,35.1670964
사상주짓수,,부산광역시 사상구 운산로 27 5층(삼락동),주짓수,128.9798588,35.1690023
제이원탁구클럽,,부산광역시 기장군 정관읍 정관7로 33-8 지하1층 제이원탁구클럽,탁구,129.1781402,35.3223582
유엔탁구장,516250501,부산광역시 남구 유엔평화로 35-1 2층 유엔탁구장(대연동),탁구,129.0923061,35.1317758
구덕레포츠,512463003,부산광역시 서구 구덕로333번길 33 구덕레포츠(서대신동3가),기타종목,129.0145195,35.1127245
동아대 이지태권도,517282799,부산광역시 기장군 정관읍 정관2로 9 이지더원2차 아파트 213동 상가 B107~109호(이지 더원 2차 아파트),태권도,129.1635624,35.3340688
하바스다이어트스쿨,,부산광역시 동래구 금강로 79 온천빌딩1층 하바스다이어트스쿨(온천동),헬스,129.0778852,35.2162762
탑텐탁구클럽,516465100,"부산광역시 남구 석포로 7 지하1층 1~2호(자유4차 상가)(감만동, 우암 자유 4차 아파트)(감만동, 우암 자유 4차 아파트)",탁구,129.0815298,35.1223424
동아대 태권도,23359978,부산광역시 북구 학사로17번가길 30 삼일빌등 2층 동아대태권도(화명동),태권도,129.0085046,35.2233492
동아대 한울태권도,513346611,부산광역시 북구 덕천로281번길 16 2층(만덕동),태권도,129.0350309,35.210373
웰니스랩,512032242,부산광역시 사하구 하신번영로 324 3층(하단동),기타종목,128.9591786,35.1098766
동아대mba태권도,28517300,"부산광역시 연제구 연수로 130 상가B동 206,207(연산동, 연산더샵)",태권도,129.0845103,35.1736243
동아대박사한결태권도,518532372,부산광역시 부산진구 동평로 350 7층 동아대박사한결태권도(양정동),태권도,129.0632545,35.1745373
동아대부산체육관 괴정2동,512912876,부산광역시 사하구 까치고개로 5 3층(괴정동),태권도,129.0032064,35.1034206
북구국민체육센터,513657070,부산광역시 북구 화명대로94번길 83 (화명동),헬스,129.0177529,35.2318692
정아동발달센터,517547413,부산광역시 수영구 수영로 577 8층(광안동),기타종목,129.1127221,35.157337
사단법인부산탁구스포츠클럽,514059881,부산광역시 영도구 해양로301번길 36 1층(동삼동),탁구,129.0779467,35.0787447
동아대태권도장,518067676,부산광역시 부산진구 동성로 37 2층 동아대태권도장(전포동),태권도,129.0681847,35.1537503
구경서댄스학원,519399174,부산광역시 북구 금곡대로285번길 62 스카이타워빌딩 5층(화명동),댄스(줌바 등),129.0100891,35.2344542
버킷스포츠아카데미,298333835,부산광역시 기장군 정관읍 정관중앙로 45 12층 버킷스포츠아카데미,축구(풋살),129.1782764,35.3211949
창진체육관,23257997,"부산광역시 사상구 낙동대로1210번길 34 사상강변 동원아파트 상가2층 창진체육관(괘법동, 사상강변동원아파트)",태권도,128.9781335,35.1675597
에이토탈피트니스,512020550,"부산광역시 사하구 사하로 182 (괴정동) 아델하임3층 에이토탈피트니스(괴정동, IDS 아델하임)",헬스,128.9944528,35.0980131
창준당구클럽,,부산광역시 동래구 명장로20번길 98 (명장동) 5층,당구,129.1000133,35.2019713
정아동발달센터 해운대점,517476413,부산광역시 해운대구 좌동순환로 11 4층(중동),기타종목,129.1670042,35.1675204
주식회사 레인보우에프씨 축구아카데미,218336460,부산광역시 사하구 장림로 78-23 3층 레인보우축구아카데미(장림동),축구(풋살),128.9617586,35.079903
미라클점핑체온다이어트,,"부산광역시 동래구 충렬대로 487 상가동 216호(안락동, 안락 SK아파트)",댄스(줌바 등),129.1115735,35.1959826
사단법인 한국스포츠교육진흥원,,부산광역시 연제구 과정로 256 형제타일 5층(연산동),롤러인라인,129.0993641,35.1880102
용인대석사대호태권도,512913018,부산광역시 사하구 하신번영로 326 상가4층(하단동),태권도,128.9592104,35.110005
위즈포레,23240940,부산광역시 사상구 모라로110번길 25 3층(모라동),기타종목,128.9924533,35.1852877
주식회사 킴스발달전문기관,22317582,"부산광역시 서구 흑교로 113 2층(킴스아동발달센터)(부용동1가, 신화킹덤)",필라테스,129.0205175,35.1074168
동아태권도,515299648,부산광역시 동래구 명서로 116 .(명장동),태권도,129.1002388,35.2118667
아라한태권도,515026535,"부산광역시 동래구 아시아드대로 234 오피스텔동307-1호(온천동, 온천동반도보라스카이뷰)",태권도,129.0686636,35.204255
민턴하라스킬트레이닝센터,512031028,부산광역시 강서구 신호산단3로 48 2층 민턴하라스킬트레이닝센터(신호동),배드민턴,128.8781658,35.087161
동양체육관,,"부산광역시 부산진구 신암로 32 108동 상가 301,302,303호(범천동, 범천경남아파트)",태권도,129.0564749,35.1452362
고당산체육관,29731405,부산광역시 강서구 공항로1309번길 160-1 고당산,태권도,128.9801277,35.2156333
몽탁구장,,부산광역시 영도구 동삼로 56 한나타워10층 1001호(동삼동),탁구,129.0709519,35.0783879
백호태권도,518689624,부산광역시 연제구 신촌로 51-1 3층 백호태권도(거제동),태권도,129.0732843,35.1842799
골든태권도장,515545550,부산광역시 동래구 금강로 15 4층 골든태권도장(온천동),태권도,129.0727082,35.2127795
더밸런시드스파인,,부산광역시 기장군 일광읍 해빛6로 81-13 3층 더밸런시드스파인,기타종목,129.2257177,35.264768
미르태권도아카데미,,"부산광역시 사하구 다대로227번길 37 상가3층 미르태권도(장림동, 장림3차 동원아파트)",태권도,128.9794752,35.0811265
사단법인 수영구 스포츠클럽,517154211,부산광역시 수영구 광남로257번길 12 수영구민체육센터(민락동),헬스,129.1269854,35.1608639
용호동탁구클럽,273308959,"부산광역시 남구 동명로92번길 91 상가동 b층 01호(용호동, 미주아파트)",탁구,129.1083867,35.1166006
gym of 영웅,516214566,부산광역시 남구 용호로 132 2층 영웅짐(용호동),헬스,129.1118658,35.1206275
사단법인 빛을나누는사람들,,부산광역시 남구 유엔평화로 16 지하 1층(대연동),기타종목,129.0917344,35.1336438
원동체육관,,부산광역시 사하구 장평로41번길 42 2층 원동태권도(장림동),태권도,128.9713865,35.0703572
더스포츠센터,515217100,"부산광역시 해운대구 선수촌로 122 상가동 지하1층(반여동, 아시아선수촌아파트)",수영,129.1215293,35.203005
정의검도관,516284925,부산광역시 남구 용호로 54 A동 201호(용호동),검도,129.1096584,35.1261619
차오름한얼태권도,513122558,부산광역시 사상구 백양대로 880 우신프라자 상가 3층 301호,태권도,128.9915986,35.1843799
명성체육관,513337967,부산광역시 북구 모분재로 15 2층(구포동),태권도,129.0063798,35.2059564
은산재검도장,519165179,부산광역시 연제구 중앙대로 1231 5층(거제동),검도,129.0789996,35.1973035
한마음,513012201,부산광역시 사상구 대동로 322-10 1층(감전동),골프,128.9878106,35.1559526
기장 차오름 태권도,517239944,부산광역시 기장군 일광읍 해빛로 41 5층 차오름태권도,태권도,129.2235412,35.2670557
미필라테스,515522776,부산광역시 동래구 충렬대로237번길 143 2층(명륜동),필라테스,129.0822531,35.2072602
차오름 신천태권도,288682793,부산광역시 북구 시랑로 84-1 (구포동),태권도,129.0060294,35.1981764
메리엘요가,,부산광역시 사하구 제석로 70 2층 메리엘요가(당리동),요가,128.9754861,35.1066513
정인체육관,515816890,부산광역시 금정구 금강로 644 2층,태권도,129.088811,35.2648198
국술원현무8관,515027006,부산광역시 동래구 아시아드대로195번길 21 2층 국술원 현무8도장(사직동),합기도,129.0643223,35.2021261
WE토탈휘트니스,513322000,부산광역시 북구 만덕2로 28 우리마트 2층 WE토탈휘트니스(만덕동),헬스,129.0375096,35.2106972
팬덤핏컴퍼니,518678578,"부산광역시 연제구 거제천로 94 6,7층(연산동)",헬스,129.0737149,35.1824451
정철합기도 하남5관,512635100,부산광역시 사하구 다대낙조1길 51 6층(다대동),합기도,128.9694597,35.0499336
정탁구교실,,부산광역시 기장군 기장읍 청강로 99 모임빌딩4층,탁구,129.2207835,35.2403606
퍼스트태권도,,부산광역시 부산진구 대학로 10-11 2층 퍼스트태권도(가야동),태권도,129.0367853,35.1542804
행복한태권도2관,517229616,부산광역시 기장군 기장읍 기장대로 85 2층 행복한태권도2관,태권도,129.2059783,35.2048128
행복한태권도,513433750,부산광역시 북구 덕천로234번길 41 상가4층 행복한태권도(만덕동),태권도,129.0290902,35.209086
용인대W복싱짐,513610977,부산광역시 북구 금곡대로 344 지하1층 W복싱짐(화명동),복싱,129.0144372,35.2391147
롯데블루태권도,512661666,부산광역시 사하구 다송로 15 2층 (다대동),태권도,128.9814265,35.0659845
롯데월드태권도,518686477,"부산광역시 연제구 세병로 44 상가2층(거제동, 거제동 롯데캐슬아파트)",태권도,129.0837989,35.1930988
사계절태권도,,부산광역시 북구 만덕2로44번길 79 상가2층사계절태권도(만덕동),태권도,129.0333279,35.2106975
OK오케이헬스클럽 덕천점,519320233,부산광역시 북구 금곡대로20번길 56 4층 헬스장(오케이헬스클럽)(덕천동),헬스,129.0078742,35.2123875
으뜸아동청소년발달센터,,부산광역시 부산진구 백양산로53번길 12 으뜸아동청소년발달센터 7층(부암동),기타종목,129.0305398,35.1736015
명성제1체육관,515022171,"부산광역시 동래구 쇠미로129번길 62-12 새별프라자404호(온천동, 새온천화신동영아파트)",태권도,129.0600376,35.2057268
쉬즈필라테스,517037271,부산광역시 해운대구 해운대로 814 B동6층 쉬즈필라테스(좌동),필라테스,129.1776672,35.169587
다빈치당구클럽,7073374505,"부산광역시 중구 중구로 13 4층, 다빈치당구클럽(부평동1가)",당구,129.0274706,35.0989902
다빼점핑다이어트,,부산광역시 해운대구 선수촌로 97 지하1층(반여동),기타종목,129.1192348,35.2025827
명성바른자세태권도,517828745,"부산광역시 해운대구 재반로 141 상가나동,4층 명성바른자세태권도(재송동, 금호아파트)",태권도,129.1272119,35.1912554
천하체육관,518932958,부산광역시 부산진구 엄광로 62 3층 천하태권도(개금동),태권도,129.02293,35.147883
하나둘아동발달상담센터,23630215,부산광역시 북구 만덕3로 8 3층(만덕동),기타종목,129.0249017,35.2127037
새화랑태권도장,518647463,부산광역시 연제구 쌍미천로 11 2135-3(연산동),태권도,129.0919636,35.1746934
룡상합기도,513430337,부산광역시 북구 시랑로 88 3층(구포동),합기도,129.0062281,35.1979416
아리랑멋제일태권도장,515452600,부산광역시 해운대구 윗반송로 77 3층 아리랑멋제일태권도장(반송동),태권도,129.1572069,35.2309052
지천태송천태권도장,514045562,부산광역시 영도구 동삼동로 5 2층(동삼동),태권도,129.0713161,35.0815926
복천태권도,515582422,"부산광역시 동래구 복천로5번길 34 상가 104호 복천태권도(복천동, 우성베스토피아)",태권도,129.0878941,35.2067496
지젤피트니스클럽,513650060,부산광역시 북구 화명대로 32 다운타운프라자8층(화명동),헬스,129.0115023,35.234567
국술원 현무2도장,513229471,"부산광역시 사상구 동주로 24 국술원 현무2도장 2,3층(주례동)",기타종목,129.0004737,35.1461518
수호태권스쿨,513384441,부산광역시 북구 효열로 228 육화빌딩 2층 수호태권스쿨(금곡동),태권도,129.0200711,35.2640668
용호체육관,516248833,부산광역시 남구 동명로170번길 95 3층 용호체육관(용호동),태권도,129.1145674,35.1145951
위드큐특수체육연구소,512662161,부산광역시 사하구 다대로 626 기영빌딩1층(다대동),기타종목,128.9700777,35.0508761
미필라테스,,"부산광역시 부산진구 동평로 106 9층 903,4호(당감동)",필라테스,129.0411348,35.1655911
엘리트체육관,518975722,"부산광역시 부산진구 당감로 79 화승삼성아파트 상가4층 402호(부암동, 화승삼성아파트)",태권도,129.0375119,35.169001
전사체육관,,부산광역시 북구 만덕대로 164 3층 전사핏(덕천동),복싱,129.0226325,35.2131004
아트댄스스포츠학원,516212789,부산광역시 해운대구 해운대로 802 b동 5층 523호(좌동),댄스,129.1766569,35.1691635
용인대마스터진태권도,,부산광역시 사하구 다대낙조2길 3 4층 용인대 마스터진 태권도(다대동),태권도,128.9658735,35.0504008
사하구국민체육센터,22023800,부산광역시 사하구 감천로 68 사하구국민체육센터(감천동),헬스,128.9988349,35.0895016
공감발달특수체육센터,,부산광역시 사하구 하신중앙로 318 4층(하단동),기타종목,128.9653777,35.1045073
남광유도관,517835961,"부산광역시 해운대구 재반로 39 5층 남광유도관(재송동, 향기빌딩)",유도,129.1263951,35.1821985
토현탁구교실,252250062,부산광역시 연제구 고분로236번길 86 지하1층 토현탁구교실(연산동),탁구,129.1077408,35.1805659
빌캐어 작당 당구클럽,517283930,부산광역시 기장군 정관읍 정관중앙로 45 8층 작당당구장,당구,129.1782764,35.3211949
마린핏아카데미,517421351,부산광역시 해운대구 마린시티3로 23 511 마린핏 아카데미(우동),댄스(줌바 등),129.1469306,35.1566471
보답피트니스,518678578,"부산광역시 연제구 거제천로 94 6,7층 보답피트니스(연산동)",헬스,129.0737149,35.1824451
경호태권스쿨,28975847,부산광역시 부산진구 당감로 108 협성피닉스타운 112-308(부암동),태권도,129.0379699,35.1713902
경희1체육관,518976995,부산광역시 부산진구 백양순환로 25 3층(당감동),태권도,129.0328644,35.1671103
전진체육관,516113292,부산광역시 남구 유엔평화로 45 5층 전진태권도(대연동),태권도,129.0924008,35.1308466
수영탁구교실,517520055,부산광역시 수영구 연수로416번길 17 3층(광안동),탁구,129.1138065,35.1672454
오케이피트니스 범천점,516368674,부산광역시 부산진구 신암로 9 범천빌딩 3층 오케이 피트니스(범천동),헬스,129.0556914,35.1428932
지아필라테스,,부산광역시 사하구 다송로72번길 63 3층 지아필라테스(다대동),필라테스,128.9809176,35.0600625
ITN평생교육원,515291110,부산광역시 금정구 개좌로 141-9 ITN평생교육원(금사동),기타종목,129.1158868,35.2250919
괴정탁구장,512014749,부산광역시 사하구 낙동대로 237 4층(괴정동),탁구,128.9911562,35.0992947
ITN평생교육원,515291110,부산광역시 금정구 개좌로 141-9 ITN평생교육원(금사동),기타종목,129.1158868,35.2250919
다송MTA태권도,512666544,부산광역시 사하구 다대로381번길 94 상가동 3층 다송MTA태권도(다대동),태권도,128.9854169,35.0640435
The자람운동발달센터,,"부산광역시 북구 덕천로281번길 24 5층, 더자람운동발달센터(만덕동)",기타종목,129.0350052,35.2108033
마린당구클럽,,부산광역시 사하구 다송로 71 세인트마린 4층 마린당구클럽(다대동),당구,128.9841927,35.0619727
주식회사 바이탈필라테스,518089005,"부산광역시 부산진구 중앙대로666번길 50 1층301호(부전동, 더샵 센트럴스타)",필라테스,129.0609104,35.1519683
기품 태권도,519737002,부산광역시 강서구 신호산단2로27번길 3 2층 기품 태권도(신호동),태권도,128.8777908,35.0866907
그로우온 특수체육센터,,부산광역시 강서구 명지국제2로28번길 26 402-403호(명지동),기타종목,128.9092325,35.0933131
드림태권도장,513311199,부산광역시 북구 함박봉로140번가길 6 4층 드림태권도장(만덕동),태권도,129.0330581,35.2033026
이루다필라테스스튜디오,516326333,부산광역시 남구 고동골로 46-1 2층 이루다필라테스스튜디오(문현동),필라테스,129.0712834,35.1410474
강호합기도,,부산광역시 연제구 월드컵대로 44 강호합기도 4층(연산동),합기도,129.0852305,35.1785474
All바른 하선생 운동센터,516127555,부산광역시 남구 수영로 233 803호 올바른하선생운동센터(대연동),기타종목,129.092185,35.1354275
이루어GYM,282853175,"부산광역시 동구 자성로133번길 6 , 103동 3105호(범일동, 진흥 마제스타워 범일)",기타종목,129.0651896,35.1374175
경희복싱클럽,516279333,부산광역시 남구 수영로 315 유진빌딩3층(대연동),복싱,129.1003757,35.1377214
1004당구클럽,267751594,부산광역시 해운대구 좌동순환로 11 4층 1004 당구클럽(중동),기타종목,129.1670042,35.1675204
해송스크린골프연습장,517837778,부산광역시 해운대구 재송1로60번길 36 3층 해송스크린골프연습장(재송동),골프,129.1238909,35.1860426
한성기린스크린골프,517910707,"부산광역시 동구 중앙대로 514 202호(범일동, 한성기린프라자)",골프,129.0569388,35.1389969
차오름태권도,317024666,부산광역시 해운대구 좌동순환로 301 금강빌딩 7층 차오름태권도(좌동),태권도,129.1832772,35.1691765
수영박창용태권도,517553185,부산광역시 수영구 과정로 46 smc빌딩 4층(망미동),태권도,129.1078086,35.1754068
꽃뿌리아동발달센터초량점,24421516,부산광역시 동구 중앙대로296번길 3-7 8층 꽃뿌리아동발달센터초량점(초량동),종합체육시설,129.0447332,35.1234296
행복요가원,517232320,부산광역시 기장군 기장읍 차성동로 171 행복요가원,요가,129.2170273,35.253256
중앙태권도장,517532872,부산광역시 수영구 수영로 561 3층 중앙태권도장(광안동),태권도,129.1124249,35.1558749
잭슨파이브,516285200,"부산광역시 남구 분포로 145 지하1층 B105(용호동, 더블유)",롤러인라인,129.1126448,35.1337125
윤기봉헬스아카데미,,부산광역시 남구 수영로 163 7층 윤기봉헬스아카데미(대연동),헬스,129.0844327,35.1349506
수영구 국민체육센터,517112340,부산광역시 수영구 수영로521번길 77 수영구 국민체육센터(광안동),수영,129.1074595,35.1529382
주식회사 제너럴피트니스,7075222872,부산광역시 연제구 월드컵대로 225-1 2층 제너럴피트니스(거제동),헬스,129.0720774,35.1890926
힘찬태권도,515824521,부산광역시 금정구 금강로 492 3층 힘찬태권도(구서동),태권도,129.0879918,35.2512588
아덴필라테스자이로토닉,,부산광역시 남구 진남로127번길 8 3층(대연동),필라테스,129.0808921,35.1385714
아더필라테스플라잉요가 당감점,28978785,부산광역시 부산진구 당감서로 84 6층(당감동),필라테스,129.0371291,35.1677325
월드주감태권도,513137337,부산광역시 사상구 양지로 42 동일2차 상가 3층 월드주감태권도(주례동),태권도,129.001862,35.1538431
팰리스피트니스,,부산광역시 북구 만덕2로44번길 57 6층팰리스피트니스(만덕동),헬스,129.0344572,35.2104839
루키즈 스포츠센터 토곡점,517612739,부산광역시 연제구 고분로235번길 65 2층(연산동),롤러인라인,129.1077351,35.1875231
어울림특수체육센터,27512722,"부산광역시 연제구 명륜로2번길 7 삼익퓨처타워 상가 지하, 어울림특수체육센터",야구,129.0812825,35.1952609
km복싱,,부산광역시 금정구 금강로 405 2층 km복싱(구서동),복싱,129.0874868,35.2439278
한스필라테스,,"부산광역시 해운대구 해운대로 663 A상가 2층 204호(우동, 해운대비스타동원)",필라테스,129.1621496,35.1660123
만세탁구장,23031080,부산광역시 사상구 덕상로 22 지하 일부(덕포동),탁구,128.9896353,35.1734293
아더 스피닝필라테스 연산점,,부산광역시 연제구 반송로 33 3층 아더스피닝/필라테스(연산동),필라테스,129.0840961,35.1883317
윤건우검도관,512087238,부산광역시 강서구 명지국제8로 229 902호903호(명지동),검도,128.917995,35.0985822
밸런스브레인 부산시청센터,518527889,부산광역시 부산진구 동평로405번길 130 2층 밸런스브레인(양정동),기타종목,129.0734162,35.178687
사단법인해운대구스포츠클럽,517173445,부산광역시 해운대구 반송로 853 해운대구건강증진센터(반송동),헬스,129.1478997,35.2300562
아더스피닝 필라테스 시청점,518659995,부산광역시 연제구 중앙대로 1036 3층(연산동),필라테스,129.0778333,35.1808442
레츠롤주짓수,,부산광역시 연제구 과정로 95 2층(연산동),주짓수,129.1068854,35.1799821
패밀리클라이밍센터,7082798746,부산광역시 동래구 석사로 42-1 성광메모리얼빌딩 1지하(사직동),클라이밍(암벽등반),129.0640855,35.2001115
다온합기도주짓수,513147586,부산광역시 사상구 엄궁로 95 1층 체육관(엄궁동),합기도,128.9752635,35.124704
서부산권장애인스포츠센터,512037780,부산광역시 사하구 낙동남로 1233번길 20 서부산권장애인스포츠센터,수영,128.9469415,35.1094203
명지점핑다이어트,285195826,부산광역시 강서구 명지오션시티4로 81 세정프라자 4층 명지점핑다이어트(명지동),기타종목,128.9039617,35.0816871
서부산권장애인스포츠센터,512037780,부산광역시 사하구 낙동남로1233번길 20 서부산권장애인스포츠센터(하단동),수영,128.9469,35.1094432
행복부부MBA태권도,517274434,부산광역시 기장군 정관읍 방곡로 29 앞 상가2층 행복부부MBA태권도(이지더원5차),태권도,129.1884448,35.3278122
골프이야기,517580094,부산광역시 연제구 과정로 137 골프이야기 지하1층(연산동),골프,129.1067663,35.1835898
비바점핑다이어트,517579081,부산광역시 연제구 토곡로 21 2층비바점핑다이어트(연산동),기타종목,129.1051001,35.1821712
부산한마음스포츠센터,517090700,"부산광역시 해운대구 세실로 175 (좌동, 한마음스포츠센터) 한마음스포츠센터",종합체육시설,129.1766873,35.1803978
쌍용체육관,512470358,부산광역시 서구 천해로 14 (남부민동),태권도,129.0173614,35.0835609
신평언어심리발달센터,512927787,"부산광역시 사하구 하신중앙로 170 4층 신평언어심리발달센터(신평동, 신평현대아파트)",기타종목,128.9644237,35.0947239
신평감각통합 운동발달센터,,"부산광역시 사하구 하신중앙로 170 상가동 403,406(신평동, 신평현대아파트)",기타종목,128.9644237,35.0947239
브이아이피VIP휘트니스,515246651,부산광역시 해운대구 선수촌로 88 농협건물 2층3층(반여동),헬스,129.1194177,35.2015821
명륜체육관,515581519,부산광역시 동래구 시실로 54 4층 명륜태권도(명륜동),태권도,129.0884795,35.2149283
파워업점핑다이어트,517276866,부산광역시 기장군 정관읍 정관로 702 홍림프라자 501호,기타종목,129.1896923,35.3209492
강호합기도실내체육,,부산광역시 남구 진남로 210 3층 강호합기도(문현동),합기도,129.0764767,35.1446428
자연체육관,514684105,부산광역시 동구 초량중로 78 3층 자연태권도장(초량동),태권도,129.0393062,35.1186188
빈댄스스포츠학원,7073486652,"부산광역시 금정구 금강로 758 남화기수상가 7층 801호 빈댄스스포츠학원(청룡동, 남화기수타워)",댄스,129.0892314,35.2750068
파워업점핑다이어트,517276866,부산광역시 기장군 정관읍 정관로 702 5층 501호 파워업점핑다이어트,기타종목,129.1896923,35.3209492
신정태권도장,,부산광역시 사하구 사리로 53 3층 301호(괴정동),태권도,128.998424,35.1045726
하이짐아동발달상담센터,518531004,"부산광역시 부산진구 중앙대로 966 2층 상가(전체)(양정동, 엘리시아)",기타종목,129.0736702,35.1755358
그로우온특수체육센터,,부산광역시 강서구 명지국제2로28번길 26 402-403호(명지동),기타종목,128.9092325,35.0933131
(주)하루하루움직임연구소,517461152,부산광역시 해운대구 마린시티2로 2 1907호(우동),기타종목,129.1442096,35.15934
런투유점핑다이어트,,부산광역시 북구 양달로4번길 17 3층 점핑(화명동),기타종목,129.014709,35.2408834
송무인현대태권도,515295740,"부산광역시 금정구 옥봉로13번길 6 현대아파트 상가2층(서동, 현대아파트)",태권도,129.1084693,35.2112241
아더 스피닝 필라테스 광안점,517569995,부산광역시 수영구 수영로 568 2층 아더 스피닝 필라테스 광안점(광안동),종합체육시설,129.1131651,35.1563613
브리즈필라테스,513389119,부산광역시 북구 백양대로 1017 한성빌딩4층(구포동),필라테스,128.9945319,35.1967405
키워구봉체육관,514693035,부산광역시 동구 홍곡로58번길 3 2층(수정동),태권도,129.0413997,35.1245849
송무인행복태권도,518519923,"부산광역시 연제구 거제천로 233 월드메르디앙 부상가2층 송무인행복태권도(거제동, 거제동월드메르디앙아파트)",태권도,129.0827415,35.1927316
나라찬i태권도장,,부산광역시 금정구 금강로 529 3층 나라찬i태권도장(구서동),태권도,129.0875311,35.2547055
박종우태권도,513623388,"부산광역시 북구 화명신도시로 209 화명뜨란채상가2층(금곡동, 화명뜨란채아파트)",태권도,129.0112628,35.242677
송무인영광태권도,517277757,부산광역시 기장군 정관읍 가동3로 10 송무인영광태권도3층,태권도,129.1799845,35.3283648
합기도검웅체육관,512635710,부산광역시 사하구 다송로 4 3층(다대동),합기도,128.9803345,35.0665809
신암태권도체육관,516432381,부산광역시 부산진구 신암로 74 항도타워 아파트 상가 A동 301호(범천동),태권도,129.0542803,35.1481448
킴스아동발달센터,22317582,"부산광역시 서구 흑교로 113 2층 (킴스아동발달센터)(부용동1가, 신화킹덤)",필라테스,129.0205175,35.1074168
송무인동명태권도,518643505,부산광역시 연제구 연제로8번길 54 정수빌딩2층(연산동),태권도,129.0801179,35.1779547
일랑태권도예절관,,부산광역시 부산진구 백양순환로28번길 31 2층,태권도,129.0344063,35.1677927
윤건우검도관,512087238,"부산광역시 강서구 명지국제8로 229 902호,903호(명지동)",검도,128.917995,35.0985822
MTA태권도,517515244,부산광역시 수영구 수미로 59 3층 MTA태권도(망미동),태권도,129.117189,35.173375
자이메트로체육관,516127676,"부산광역시 남구 분포로 113 lg메트로시티 주2상가 4층 408호 409호(용호동, 엘지메트로시티)",태권도,129.1095709,35.129786
라임키즈수영장,517110916,부산광역시 사하구 사리로 106 괴정한신더휴아파트 상가동1층 106호(괴정동),수영,128.9993148,35.1071283
개금유도클럽,519155548,부산광역시 부산진구 백양대로208번길 90 한진상가 302호(개금동),유도,129.0254604,35.1618047
아쿠아대중탕헬스,,부산광역시 동래구 충렬사로 62 아쿠아대중탕헬스,헬스,129.0994377,35.2041047
다한태권도장,,"부산광역시 서구 부용로 15 2층 다한태권도장(서대신동1가, 유니온캐슬1차)",태권도,129.0172046,35.1085265
다함께차차차특수체육센터주,,부산광역시 남구 수영로 300 5층 다함께차차차특수체육운동발달센터(대연동),기타종목,129.0992454,35.1366658
송도 대림볼링센터,512455530,"부산광역시 서구 충무대로 133 상가 지하1층 송도대림볼링센터(남부민동, 대림비치아파트)",볼링,129.0245385,35.0820335
엠브이클럽부산대점,515168831,"부산광역시 금정구 중앙대로1685번길 24 b상가지하2층 MV휘트니스(부곡동, 경남한신아파트)",스쿼시,129.0897745,35.2363668
라테니스존,,부산광역시 해운대구 해운대로 802 A동 3층 312호 라테니스존(좌동),테니스,129.1766569,35.1691635
개금탁구,245800889,"부산광역시 부산진구 개금본동로 42 상가건물 4층(개금동, 반도보라아파트)",탁구,129.0212505,35.1596159
엠쓰리스포츠 M3sport,,부산광역시 해운대구 해운대로 1250 스포츠(송정동),기타종목,129.2061886,35.1964138
꿈땅아동발달상담센터,,부산광역시 강서구 명지국제2로 27 대산골든스퀘어 3층 312호,기타종목,128.9061493,35.0941549
부산탁구체육관,514059881,부산광역시 영도구 해양로301번길 36 1층사무실(동삼동),탁구,129.0779467,35.0787447
몬스터짐,515817990,부산광역시 기장군 정관읍 정관덕산길 29 5층 몬스터짐,복싱,129.1830872,35.323022
엠지골프아카데미 덕천점,513380087,부산광역시 북구 만덕대로 86 북부산새마을 금고5층 엠지골프 아카데미(덕천동),골프,129.0144589,35.2119587
점핑전문센터,512021980,부산광역시 사하구 하신번영로201번길 11 3층(신평동),기타종목,128.9575626,35.0989104
안민태권도장,515283205,부산광역시 동래구 안남로 23 402호(낙민동),태권도,129.0948221,35.194646
싱싱탁구장,513381595,부산광역시 북구 함박봉로 25 101호 싱싱탁구장(덕천동),탁구,129.0223053,35.2102601
부산탁구클럽,,부산광역시 동구 범일로102번길 13 5층 부산탁구클럽(범일동),탁구,129.0610487,35.1392228
라온태권도,516368866,"부산광역시 남구 수영로 135 B상가 2층 202호~204호  라온태권도(대연동, 대연롯데캐슬레전드)",태권도,129.0811361,35.1363591
박창용태권도,517577885,부산광역시 연제구 토곡로 42 2층 박창용태권도(연산동),태권도,129.1029397,35.1821242
제이앤비(J&B)당구클럽,,부산광역시 해운대구 양운로80번길 20 6층(좌동),기타종목,129.1754302,35.1715323
MG골프아카데미,513380087,부산광역시 북구 만덕대로 86 5층 MG골프아카데미(덕천동),골프,129.0144589,35.2119587
장림태권도장,512611718,"부산광역시 사하구 장평로 119 상가 501호(장림동, 장림윌더하임아파트)",태권도,128.9716663,35.076862
그레이시스스포츠,519717907,부산광역시 기장군 기장읍 차성서로101번길 12-5 그레이스스포츠센터,배드민턴,129.2088105,35.2427367
OK오케이헬스클럽 구포점,513342956,부산광역시 북구 낙동북로681번길 23 3층 OK 헬스클럽(구포동),헬스,128.9994237,35.201677
바다필라테스평생교육원,512440777,부산광역시 서구 대티로 179 구광빌딩2층 바다필라테스(서대신동3가),필라테스,129.0121703,35.1116454
토닥토닥발달센터,517147018,부산광역시 해운대구 좌동순환로 506 12층 토닥토닥 발달센터(중동),기타종목,129.1687362,35.1661755
플럼 이스튜디오,,부산광역시 연제구 신금로 25 224(연산동),필라테스,129.0943758,35.1916067
팀원짐,512924733,"부산광역시 사하구 낙동대로216번길 3 1층 팀원짐(괴정동, 신화프라자)",헬스,128.9927104,35.1005403
낭만태권도,512042285,부산광역시 사하구 다대로 24 2층 낭만태권도(당리동),태권도,128.9764463,35.1002305
하단 펑키락 볼링센터,22916114,부산광역시 사하구 낙동대로 487 영진빌딩 3층 펑키락 볼링장(하단동),볼링,128.966954,35.107905
거명체육관,518676403,부산광역시 연제구 연수로 206 3층 거명체육관 (연산동),기타종목,129.093234,35.1736407
손민영 탁구 클럽,,"부산광역시 북구 은행나무로 10 ,  88빌딩 4층(만덕동)",탁구,129.0373002,35.2086752
장산당구클럽,517039077,부산광역시 해운대구 세실로69번길 15 8층 장산당구클럽(좌동),당구,129.1760043,35.1714558
해피지나점핑다이어트클럽,517551215,부산광역시 연제구 안연로 38 그린빌딩2층(연산동),기타종목,129.0999658,35.1908015
전일3체육관,518182768,부산광역시 부산진구 진남로356번길 122 2층(전포동)(전포동),태권도,129.0706395,35.1607703
나사함발달장애인복지관,516278523,부산광역시 남구 못골번영로 70 나사함(대연동),종합체육시설,129.0890676,35.14137
김관장박사장,272479107,부산광역시 해운대구 해운대로76번길 48-6 2층  재송주짓수(재송동),주짓수,129.1177268,35.1901363
헐리우드 당구장,517010718,부산광역시 해운대구 세실로27번길 17 5층 헐리우드 당구장(좌동),당구,129.1781708,35.1682951
당감명문유도관,518948878,부산광역시 부산진구 백양순환로 123-1 지하(부암동),유도,129.040674,35.169603
동래구국민체육센터,515046641,부산광역시 동래구 미남로 110 동래구국민체육센터(온천동),수영,129.0698392,35.2036114
부산탁구마트희망탁구장,25241601,"부산광역시 금정구 공단로49번길 13 3층,4층(금사동)",탁구,129.1124964,35.2186068
박진태권도장,25149324,부산광역시 금정구 범어천로 52 남산빌딩 2층 박진태권도장(남산동),태권도,129.0894567,35.2707628
국가대표독수리태권도,517273217,부산광역시 기장군 정관읍 정관로 569 1004호,태권도,129.1762601,35.321684
가평키즈태권도장,513380806,부산광역시 북구 시랑로79번길 18 가평키즈태권도장3층(구포동),태권도,129.0070411,35.1985748
점프윙스 기장점,,"부산광역시 기장군 기장읍 차성동로 182 3층, 점프윙스 기장점",줄넘기,129.217323,35.2540817
연산장원태권도,28683688,부산광역시 연제구 중앙천로 20 상가 3층,태권도,129.0837004,35.1767413
라메르폴댄스,244672296,부산광역시 기장군 일광읍 해빛로 39-8 삼진타워 501호,댄스(줌바 등),129.2234156,35.2665512
센텀영어태권도,517555008,부산광역시 수영구 수영로 757 유니온코지 빌딩 3층(수영동),태권도,129.1219977,35.1674594
연산한일태권도,518623594,부산광역시 연제구 쌍미천로 106 1층 한일태권도(연산동),태권도,129.0875574,35.181951
대교태권도장,514164567,부산광역시 영도구 대교로2번길 46-1 3층 대교태권도장(봉래동3가),태권도,129.0452681,35.0949717
팀레전드부부동네헬스,517473700,"부산광역시 수영구 수영로 621 팀레전드부부동네헬스(광안동, 부광)",헬스,129.1136204,35.1612582
부산챔프복싱클럽,512559980,부산광역시 중구 광복중앙로 25 (신창동1가) 우신골등빌딩 9층 부산챔프복싱클럽,복싱,129.0306833,35.1015498
쉼 운동센터,,부산광역시 해운대구 선수촌로21번길 21 (반여동) 2층 12호 쉼 운동센터,필라테스,129.117237,35.1960929
주식회사 명윤스포츠컨설팅,515021857,"부산광역시 동래구 석사로 35 601호(사직동, 보현타워)(사직동)",기타종목,129.0631396,35.1999824
NS필라테스,,부산광역시 북구 만덕1로 13 3층(만덕동),필라테스,129.0360323,35.213999
하단유심유도관ㆍ장림점,517118342,부산광역시 사하구 다대로277번길 32 지하1층(장림동),유도,128.9786492,35.0768356
부산동구국민체육문예센터,516046000,부산광역시 동구 구청로 8 동구국민체육문예센터(수정동),헬스,129.0447756,35.1289241
라온태권도,519609411,부산광역시 수영구 과정로41번길 65 (망미동),태권도,129.1038196,35.1751348
국민태권도,515248833,부산광역시 동래구 명안로86번길 29 3층 국민태권도(명장동),태권도,129.106009,35.2040559
해운대청소년수련관,517801800,부산광역시 해운대구 재반로 151-21 해운대청소년수련관(재송동),수영,129.1270946,35.1921877
중구웰빙체육관,516004124,부산광역시 중구 영주로 89 웰빙체육관(영주동),헬스,129.0316368,35.1148136
부산중구스포츠클럽,514656565,부산광역시 중구 영주로 89 부산중구스포츠클럽(영주동),기타종목,129.0316368,35.1148136
국술원 현무5도장,515568556,부산광역시 동래구 금강로8번가길 23 2층 국술원(온천동),기타종목,129.0729387,35.2117361
부산아동인지상담센터,518687177,"부산광역시 연제구 교대로 3 ST빌딩 3층,5층 부산아동인지상담센터(거제동)",기타종목,129.0794812,35.1951948
남구국민체육센터백운포,516268200,부산광역시 남구 백운포로 110 남구국민체육센터(용호동),수영,129.1081414,35.1039603
김대현태권도,513043435,부산광역시 사상구 사상로 476 명진빌딩 3층 김대현태권도(모라동),태권도,128.9875298,35.186932
쿠사쿠라유도아카데미,512311555,부산광역시 동구 고관로 143 2층(좌천동),유도,129.0485857,35.131033
대기구 필라테스 청담,28615556,부산광역시 부산진구 중앙대로 900 7층 필라테스(양정동),필라테스,129.0696782,35.1704677
부산시설공단,515501400,부산광역시 금정구 체육공원로399번길 324 부산시설공단 스포츠센터(두구동),헬스,129.1051659,35.2918295
거산체육관,515446001,부산광역시 해운대구 아랫반송로 64 3층(반송동),태권도,129.1511877,35.2222256
센트럴탁구장,5146428766,부산광역시 기장군 정관읍 정관8로 28 네오코아빌딩 4층,탁구,129.1788653,35.322286
에스짐,513434111,부산광역시 북구 의성로 91 3층(덕천동),헬스,129.0107133,35.2125365
시안아동발달상담센터,519370207,부산광역시 동래구 충렬대로 118 5층 시안아동발달상담센터(온천동),기타종목,129.0733562,35.2061117
센텀강변골프연습장,516430707,부산광역시 수영구 좌수영로 153 2층 센텀강변 골프연습장(망미동),골프,129.1173578,35.1776698
점프윙스 줄넘기클럽,517024666,부산광역시 해운대구 좌동순환로 301 7층 점프윙스 줄넘기클럽(좌동),기타종목,129.1832772,35.1691765
Adapfit 어댑핏스튜디오 부산점,517461152,"부산광역시 금정구 금샘로 361 3층, 4층(구서동)",기타종목,129.08441,35.2554458
금광스크린골프연습장,517572141,부산광역시 연제구 과정로 169 지하1층 금광스크린골프연습장(연산동),골프,129.1068696,35.1865373
대림e편한태권도체육관,,부산광역시 수영구 좌수영로 175 4층 대림태권도(망미동),태권도,129.1167373,35.1795037
해운대구건강증진센터,27173445,부산광역시 해운대구 반송로 853 해운대구건강증진센터(반송동),종합체육시설,129.1478997,35.2300562
주식회사 더나아짐,515588823,부산광역시 동래구 명륜로112번길 108 1층2층3층,합기도,129.088744,35.2024051
코리아짐해운대,27034445,부산광역시 해운대구 양운로 121-1 혜성빌딩5층(좌동),유도,129.1727209,35.1733481
런투유점핑다이어트,,부산광역시 북구 양달로4번길 17 3층 런투유점핑다이어트(화명동),기타종목,129.014709,35.2408834
부산디케이짐 합기도주짓수킥복싱,513623799,부산광역시 북구 효열로 226 원상빌딩4층 부산디케이짐(금곡동),합기도,129.0199464,35.2639214
부산대박사태권도,527027676,"부산광역시 해운대구 좌동순환로217번길 19 LIG건영아파트상가 302호 부산대박사태권도(좌동, 엘아이지건영아파트)",태권도,129.1811215,35.1776097
인학검도장,,부산광역시 수영구 수미로 38-1 지하1층 인학검도장(수영동),검도,129.1149332,35.1734594
미필라테스,518912776,부산광역시 부산진구 동평로 106 엘리움메디컬센터 9층(당감동),필라테스,129.0411348,35.1655911
플라이 풋볼 아카데미 남구점,,부산광역시 남구 신선로 439 2층(용당동),축구(풋살),129.0994861,35.1245352
사단법인 한국운동복지협회 대구지회,539648488,대구광역시 동구 율하서로 64 한일빌딩 3층(율하동),기타종목,128.6903851,35.8640138
제스트축구클럽,,대구광역시 달서구 장기로 263 5층 제스트축구클럽(장기동),축구(풋살),128.531482,35.8433167
유캔스포츠 다사세천점,536375579,대구광역시 달성군 다사읍 세천북로 17 센텀스카이 상가 3층 유캔스포츠,기타종목,128.4785067,35.8761466
중구탁구클럽,534211440,대구광역시 중구 달구벌대로 지하2190 지하철2호선 경대병원역 지하1층 중구탁구교실(삼덕동2가),탁구,,
손세동 클라이밍,,대구광역시 북구 동천로23길 8 세신빌딩 3층(동천동),기타종목,128.559748,35.9422177
주한국스포츠산업개발원,536220095,대구광역시 달서구 학산로 17 지하1층(월성동),기타종목,128.531097,35.8275367
더 봄 필라테스,537100415,대구광역시 중구 중앙대로 412 지하1층(남일동),필라테스,128.59432,35.8699639
유천골프아카데미,536333688,대구광역시 달성군 화원읍 비슬로543길 27 1층 유천골프아카데미,골프,128.5110912,35.8110406
주파랑새발달클리닉,537540119,대구광역시 수성구 범어천로 186 304호(범어동),필라테스,128.6211637,35.8632515
라반필라테스,536356543,대구광역시 달성군 화원읍 명천로 256 2층,필라테스,128.4910526,35.798212
벧엘언어심리치료센터,539657506,대구광역시 동구 금강로 7 3층(신서동),요가,128.7245531,35.8671696
밸런스통합운동센터,228104842,대구광역시 북구 내곡로 71 403호(사수동),기타종목,128.5112836,35.901554
동촌스크린골프,539860440,"대구광역시 동구 동촌역사로4길 6 2층(검사동, 거상빌딩)",골프,128.6538543,35.8880616
M합기도,533585955,대구광역시 북구 팔달로 135 6층 M합기도(노원동3가),합기도,128.5649074,35.8895447
가온태권도,536177775,"대구광역시 달성군 유가읍 테크노상업로 120 3층 405,406호 가온태권도",태권도,128.4628865,35.6930595
국술원합기도,543826364,대구광역시 군위군 군위읍 동서1길 13-7 1층 (국술합기도체육관),합기도,128.567625,36.2369099
효진관합기도,536265553,"대구광역시 남구 현충로26길 67 상가 2층 효진관합기도(대명동, 대명세광그린타운)",합기도,128.5836965,35.8444289
리2태권도장,534718803,대구광역시 남구 효성로 77 3층(봉덕동),태권도,128.5980565,35.8401326
주식회사스포츠포올,,대구광역시 북구 동암로12길 17 (동천동)2층,기타종목,128.5568299,35.9434238
탐스피닝,,대구광역시 달서구 조암남로 85 3층 탐스피닝(월성동),기타종목,128.5240863,35.8199026
구지탁구클럽,,대구광역시 달성군 구지면 과학마을로 30 4층 구지탁구클럽,탁구,128.4164269,35.6555702
스페셜바디,537554455,대구광역시 수성구 동대구로59길 8-12 애플2타워 3층 스페셜바디(범어동),헬스,128.6248808,35.8583249
주식회사드림앤퍼스트평생교육원,532955189,대구광역시 수성구 달구벌대로 3207 3층(신매동),기타종목,128.7078115,35.8403223
리더스복싱다이어트,,대구광역시 달성군 화원읍 성화로4길 11 리더스복싱다이어트,복싱,128.4910671,35.8016983
주식회사 한국파릇하우스,26321107,대구광역시 달서구 월배로23길 49 (진천동),무용(발레 등),128.52553,35.8168309
반야월태권도장,,대구광역시 동구 반야월로14길 13 (율하동),태권도,128.6964484,35.8722051
(주)제이원스파랜드 월성점,536368896,대구광역시 달서구 월성로 42 센트로밸리 휘트니스타 4층(월성동),헬스,128.530761,35.8316166
라이온즈태권도,536281020,대구광역시 달서구 장기로 125-21 205호 라이온즈태권도(성당동),태권도,128.5471045,35.8414706
하늬통합발달센터,535881324,대구광역시 달성군 다사읍 대실역북로1길 15 연합빌딩 3층303호,기타종목,128.4653559,35.8590807
북대구 호연지기 태권도장,533149333,"대구광역시 북구 학정로7길 2 상가 3층(태전동, 남향아파트)",태권도,128.5467351,35.913774
TBC당구장,532917022,대구광역시 남구 대명로 133 2층 TBC당구장(대명동),기타종목,128.5724196,35.8396457
강호합기도본관(지저동),29830400,대구광역시 동구 해동로 25 새마을금고 4층 강호합기도(지저동),합기도,128.6378647,35.8955777
부일태권도장,536514467,대구광역시 달서구 두류공원로 252 진보빌딩 4층(두류동),태권도,128.5591661,35.8561546
용인대시지유도교실,537943232,대구광역시 수성구 달구벌대로647길 19 매호빌딩 4층(신매동),유도,128.7110741,35.8406947
하노버메디칼운동센터,534225757,대구광역시 중구 공평로8길 11-1 3층(삼덕동2가),헬스,128.6007261,35.8671965
아이원태권도장,536141666,대구광역시 달성군 구지면 과학마을로2길 6 214동 2층 12호~14호 아이원태권도(달성 화성 파크드림),태권도,128.4149536,35.6543976
마루한태권도장,533223665,대구광역시 북구 칠곡중앙대로118길 20 4층(읍내동),태권도,128.554197,35.9475605
TK레포츠,537620528,대구광역시 수성구 지산로 61 T.K 레포츠(2층)(지산동),기타종목,128.633528,35.8266872
북구 푸름태권도장,533215870,대구광역시 북구 칠곡중앙대로80길 24 2층 201호(태전동),태권도,128.5507345,35.9302414
주식회사 비위더스,22675008,대구광역시 동구 율하동로 50 4층 비위더스(율하동),기타종목,128.7014868,35.8638567
라파엘브릿지153,243370990,대구광역시 동구 팔공로 259 이시아프라임빌딩301호(봉무동),기타종목,128.6407859,35.9220657
TNB피트니스센터,534231378,대구광역시 중구 대봉로 220-37 TNB피트니스센터(대봉동),헬스,128.6022353,35.85866
주식회사 디에스그룹 태전유도관,533147775,대구광역시 북구 태전로 38 2층 태전유도관(태전동),유도,128.544751,35.9238661
랠리테니스아카데미,27161838,대구광역시 수성구 달구벌대로618길 33 2-3층(시지동),테니스,128.6968883,35.8409207
강동문화체육센터금호스포츠클럽,539837330,대구광역시 동구 동촌역사로3길 33 강동문화체육센터(입석동),배드민턴,128.6503837,35.8899487
범일태권도체육관,27845070,"대구광역시 수성구 범안로 40 대구수성구범안로40 208동201호(범물동, 범물청아타운)",태권도,128.6413893,35.8165059
필라테스누아,,대구광역시 중구 남산로3길 99 3층(남산동),필라테스,128.5760615,35.8624358
시지검도교실(스포츠심리교실),532642900,대구광역시 수성구 고산로 121-21 시지검도교실(매호동),검도,128.7036498,35.8418885
범물태권도장,537845436,"대구광역시 수성구 지범로 290 우방미진아파트상가2층(범물동, 범물우방미진아파트)",태권도,128.6476684,35.8142593
범어태권도체육관,537549338,"대구광역시 수성구 청솔로 132 상가1호 범어태권도(범어동, 범어청구공작맨션)",태권도,128.621695,35.8581817
꿈이든아동발달연구소,532577222,"대구광역시 중구 동덕로 55 상가동 202호 꿈이든아동발달연구소(대봉동, 대봉태왕아너스)",기타종목,128.6031259,35.8600299
꿈이룸심리언어연구소,26427577,대구광역시 달서구 조암로 1 403호(월성동),기타종목,128.5296391,35.8257235
리틀 히어로스포츠짐,537427002,대구광역시 수성구 명덕로 393 지하(수성동1가),농구,128.6131987,35.8547156
리태권도장,24718804,대구광역시 남구 효성로 24 3층  리태권도(봉덕동),태권도,128.6001265,35.8356468
레인무용교습소,,대구광역시 남구 명덕로 110-2 202(대명동),무용(발레 등),128.5820668,35.8564531
미美pro기구필라테스 요가 스피닝,536391815,대구광역시 달서구 조암로 8 아이위시 프라자 6층 603호604호(월성동),필라테스,128.5285403,35.8260651
박준서 탁구클럽,537834716,대구광역시 수성구 범안로3길 77-6 박준서 탁구클럽 B1(지산동),탁구,128.636589,35.8197064
위 파크골프 스크린,539848980,대구광역시 동구 팔공로47길 30 3층(봉무동),골프,128.6376471,35.9201823
꿈키움태권도파크,536294003,대구광역시 남구 현충동길 69 꿈키움태권도(대명동),태권도,128.5805659,35.8446267
바니댄스학원,539587666,대구광역시 동구 동북로 413 2층 바니댄스학원(신암동),댄스(줌바 등),128.6326526,35.8861543
아이캔 I CAN 송현 태권도장,,"대구광역시 달서구 학산남로 90 상가2층 아이캔송현태권도(송현동, 우방송현하이츠)",태권도,128.5424404,35.8251266
위필라테스we기구필라테스,532841515,대구광역시 달성군 유가읍 테크노공원로 77 애플타워602호,필라테스,128.4614777,35.6919987
용인대챌린지태권도장,,대구광역시 북구 내곡로 38-2 (사수동),태권도,128.5103334,35.898937
제이원스파랜드 월성점,536368896,대구광역시 달서구 월성로 42 센트로밸리(월성동),헬스,128.530761,35.8316166
로뎀필라테스 요가,,대구광역시 달성군 옥포읍 비슬로 1929 로뎀필라테스 2층,요가,128.4342565,35.7813202
주디에스그룹 달서복싱 대곡점,532447362,대구광역시 달성군 화원읍 비슬로 2707-1 4층 달서복싱,복싱,128.5112849,35.8091925
빛누리태권도,,대구광역시 북구 내곡로 38-4 4층(사수동),태권도,128.5103929,35.8986257
가온길태권도장,536571506,대구광역시 달서구 명덕로 21 2층 가온길태권도(두류동),태권도,128.5738709,35.8607912
무공태권도,535729955,대구광역시 서구 국채보상로48길 32 ok포인트마트 2층(평리동),태권도,128.5577961,35.8680559
1ON1 뉴힐링라이프재활운동센터 대구,535910420,대구광역시 달서구 이곡동로 23 성서타임스퀘어 7층 703호(이곡동),기타종목,128.5100132,35.854267
위너키즈스포츠,533419400,"대구광역시 북구 침산로 168 엠브로타워6층, 위너키즈스포츠(침산동)",기타종목,128.5906196,35.8911827
위너키즈스포츠 율하신서점,29658288,대구광역시 동구 안심로22길 60 6층(율하동),기타종목,128.6983417,35.8630878
리안 필라테스,,대구광역시 수성구 파동로 187 4층(파동),필라테스,128.6123756,35.8195645
드림핏,,대구광역시 동구 이노밸리로26길 14 주성타워403호(각산동),기타종목,128.7122925,35.8779702
조아짐,,대구광역시 달서구 한실로 133 2층 204호(도원동),기타종목,128.5411598,35.8066636
위더스With Us 운동발달센터,535681105,"대구광역시 달서구 구마로 131 5층, 본리동",기타종목,128.5420116,35.8376257
리라요가LILAYOGA,533228822,대구광역시 북구 학정로106길 10 2층(학정동),요가,128.5665728,35.9517559
고봉산업서문목욕탕시민헬스,,대구광역시 중구 달성공원로 2 시민사우나헬스(대신동),헬스,128.5797871,35.8707592
알스퀘어컴퍼니㈜,536270500,"대구광역시 남구 대명로 124 3,4층클락해치휘트니스센터",헬스,128.5708837,35.8390419
리더스볼링센터,533563300,"대구광역시 북구 칠성남로 184 3,4층(칠성동2가)",볼링,128.6001146,35.8764913
티원탁구클럽,535678051,대구광역시 서구 서대구로 108 4층 티원탁구클럽(평리동),탁구,128.5557486,35.8675495
하늘빛태권도,533142004,"대구광역시 북구 팔거천동로 104 후문지하상가 하늘빛태권도(동천동, 칠곡2차보성서한타운)",태권도,128.5570126,35.9334315
아이캔ICAN라온태권도장,536380483,대구광역시 달서구 상화로9길 70-4 3층(진천동),태권도,128.5203513,35.8111407
곰두리탁구클럽,534749161,대구광역시 남구 대봉로 162 지하 곰두리탁구클럽(이천동),탁구,128.6030431,35.8532959
수룡관합기도 유림합기스쿨,533141236,대구광역시 북구 매전로 78 대성빌딩 3층(태전동),합기도,128.5468466,35.9125772
김진수탁구클럽,533272580,대구광역시 북구 동천로23길 8 4층 김진수탁구클럽(동천동),탁구,128.559748,35.9422177
아이캔꿈나무태권도장,536393600,"대구광역시 달서구 상인서로 46 서한아파트상가 2층 아이캔꿈나무태권도(상인동, 상인서한타운)",태권도,128.5441397,35.8148087
아이캔나래태권도장,,"대구광역시 달서구 성서동로 350 평화타운상가2층 아이캔나래태권도장(용산동, 평화타운)",태권도,128.5166447,35.851442
아이캔슈퍼태권도장,536178770,대구광역시 달성군 구지면 과학마을로 46 5층 아이캔슈퍼태권도,태권도,128.4182839,35.6555734
강림태권도장,536110890,대구광역시 달성군 옥포읍 돌미로 48 다솜빌딩3층302호,태권도,128.4394158,35.7793316
박준서탁구클럽,537834716,대구광역시 수성구 범안로3길 77-6 B1 박준서탁구클럽(지산동),탁구,128.636589,35.8197064
신은정탁구클럽,537431210,대구광역시 수성구 명덕로 437 3층 신은정탁구클럽(수성동3가),탁구,128.6180383,35.8544312
국민대유진관,25563216,대구광역시 서구 국채보상로52길 7 2층 국민대유진관(평리동),합기도,128.5599152,35.8706155
신서태권도체육관,535851445,대구광역시 달서구 서당로9길 7 2층 신서태권도(신당동),태권도,128.4951234,35.8560473
피앤에스스포츠,536330922,대구광역시 달서구 조암남로10길 50 1층(월성동),농구,128.5256873,35.8226893
신무관무예아카데미,535262447,대구광역시 달서구 와룡로 151 5층(감삼동),합기도,128.5366819,35.8462062
강무합기도,536416645,"대구광역시 달서구 상인서로 3 상가 가동 301호 강무합기도(상인동, 상인평광맨션)",합기도,128.5461827,35.8118632
팀퍼스트 태권도장,536177375,대구광역시 달성군 구지면 창리로11길 58-6 2층 팀퍼스트 태권도장,태권도,128.414039,35.6592988
온리유탁구클럽,,대구광역시 수성구 동대구로 268 (범어동),탁구,128.6258586,35.854293
한라무예태권스쿨,533261171,대구광역시 북구 학남로 14 동인빌딩3층(학정동),태권도,128.566316,35.9483862
밥스포츠스쿨,536356231,대구광역시 달서구 월배로 219 센트로타워 지하1층(상인동),기타종목,128.5370929,35.819106
플러그 대구지점,537160420,대구광역시 수성구 명덕로 404 803호(수성동2가),기타종목,128.6141903,35.8541702
pp스포츠센터,536114744,대구광역시 달성군 유가읍 테크노순환로12길 32 pp스포츠센터,종합체육시설,128.4732818,35.6932535
한체대장원태권도장,,대구광역시 달서구 장기로 125-21 201호 한체대장원태권도장(성당동),태권도,128.5471045,35.8414706
팀그로우,,대구광역시 달성군 구지면 과학마을로 58 5층,복싱,128.4196405,35.6556462
가이던스 특수체육발달센터,535931002,대구광역시 달서구 새방로 20 2층 가이던스 특수체육발달센터(용산동),기타종목,128.521718,35.8605971
식스에프,,대구광역시 중구 남산로1길 29 남산애플타워 5층(남산동),필라테스,128.5811317,35.8576632
팀 유덕관,537460506,대구광역시 수성구 달구벌대로467길 13 2층 팀유덕관(수성동4가),합기도,128.6180812,35.860131
애티튜드짐,539598008,대구광역시 동구 신암로 70 5층 6층(신암동),헬스,128.6082624,35.8777814
티티올,282366967,대구광역시 북구 동북로 87 티티올(산격동),탁구,128.6033031,35.9026285
대장부 태권도,539568021,"대구광역시 북구 동북로 345 상가 401동 2층 207호(복현동, 복현푸르지오)",태권도,128.6276666,35.8917545
시지탁구클럽시지,537925404,대구광역시 수성구 달구벌대로 3163 지하1층 시지탁구클럽(매호동),탁구,128.703257,35.8416233
남구국민체육센터,534767330,대구광역시 남구 앞산순환로 686 남구국민체육센터(봉덕동),헬스,128.600089,35.832979
시지검도교실,532642900,대구광역시 수성구 고산로 121-21 시지검도교실(매호동),검도,128.7036498,35.8418885
티타임필라테스 평생교육원,,대구광역시 달서구 성서로 420 2층 티타임필라테스(이곡동),필라테스,128.5077822,35.8550089
남대구 태권도장,536238711,대구광역시 남구 중앙대로31길 164 2층 남대구태권도(대명동),태권도,128.5851378,35.8518875
보경탁구클럽,,"대구광역시 북구 검단로 64 상가 105동 301호 3층(복현동, 복현보성타운)",탁구,128.6174928,35.9035878
남도석사태권도장,536544624,대구광역시 남구 현충로 140 2층 남도석사태권도장(대명동),태권도,128.5802577,35.8451926
합기도대구관,539544904,대구광역시 북구 대현남로 41 천지빌딩4층 대구관(대현동),합기도,128.6073237,35.881715
인하탁구클럽,265309210,대구광역시 동구 동부로 76 (신천동) 한아름신협건물 지하1층,탁구,128.6206918,35.8751098
sm스크린골프,535850053,대구광역시 달서구 달구벌대로 1391 2층(용산동),골프,128.5197236,35.8508632
강북아동발달센터,533117585,북구 학정로 436 DN트윈스빌딩4층,기타종목,128.5640838,35.9434572
남산길라잡이태권도장,,대구광역시 중구 남산로17길 85 4층 길라잡이태권도(남산동),태권도,128.578559,35.8617011
승리태권도i스포츠센터,536257100,대구광역시 남구 대명서로 68 1층승리태권도(대명동),태권도,128.5600497,35.8316124
한명검도관,532539974,대구광역시 중구 남산로 61 5층  한명검도관(남산동),검도,128.5821208,35.8620408
필라테스365 유천,26317001,대구광역시 달서구 조암남로32길 12 스카이948 2층 필라테스(대천동),필라테스,128.5171607,35.8176974
합기도 비천관,536144144,대구광역시 달성군 논공읍 남리3길 2 남1리 617-43,합기도,128.4502319,35.7238859
드림감각통합발달센터,532631222,대구광역시 서구 국채보상로 303 201호 202호(평리동),기타종목,128.5641947,35.8721571
투게더탁구장,,대구광역시 중구 달구벌대로 1992 지하1층(남산동),탁구,128.582116,35.8644236
어바웃 더 핏,23232445,대구광역시 북구 학정로 149 4층 어바웃더핏,헬스,128.5510418,35.9212562
건영태권도,539514441,"대구광역시 동구 신암남로 50 301호(신암동, 신암건영캐스빌)",태권도,128.6204608,35.878286
필라테스원,,대구광역시 수성구 달구벌대로 3197 2층 필라테스원(매호동),필라테스,128.706536,35.8408311
어썸태권도장,535245577,대구광역시 달서구 구마로12길 39 3층(본동),태권도,128.5340047,35.8354022
토리운동센터,22907577,대구광역시 달서구 월배로 180 우정빌딩8층 토리운동센터(상인동),기타종목,128.533535,35.8172927
강인태권도장연경관,532901096,대구광역시 동구 동화천로 372 퍼스트프라자 6층 601호 강인태권도연경관(지묘동),태권도,128.6292859,35.9440597
바트리움운동케어,539659899,대구광역시 동구 이노밸리로36길 13 401/402 바트리움운동케어(각산동),헬스,128.7153175,35.877683
어울림 태권도장,533228128,대구광역시 북구 영송로 65 관음타운 정문상가 2층 어울림 태권도(태전동),태권도,128.5442589,35.9312076
강호합기도,539540400,"대구광역시 북구 복현로 71 1단지 상가 5층(복현동, 복현블루밍브라운스톤 명문세가아파트)",합기도,128.6234183,35.8975833
필라테스원,,대구광역시 수성구 달구벌대로 3257 3층 필라테스원(신매동),필라테스,128.7126574,35.8381158
계명대 대동태권도장,536344319,대구광역시 달서구 월곡로43길 34 1층 계명대 대동태권도(상인동),태권도,128.5406448,35.8132306
합기도정도관,534750504,대구광역시 남구 대봉로19길 16-2 2층 합기도정도관 총본관(이천동),합기도,128.6034121,35.8470404
넘버원필라테스,537811412,"대구광역시 수성구 지범로 182 7층, 넘버원필라테스(지산동)",필라테스,128.6391209,35.8210853
화랑합기도우슈,27217877,대구광역시 동구 메디밸리로 5-5 세종빌딩4층 401호(대림동),합기도,128.7487981,35.8726003
태풍태권도,,대구광역시 동구 동촌로 172 2층(방촌동),태권도,128.6595292,35.8833398
장인길합기도체육관,539524777,대구광역시 북구 호국로51길 5-11 401호(서변동),합기도,128.5986522,35.9239463
강철태권도체육관,25225334,대구광역시 달서구 구마로9길 51 2층 강철태권도(본리동),태권도,128.5319891,35.8398331
강촌키즈태권도,539815580,대구광역시 동구 화랑로80길 45 2층(방촌동),태권도,128.665492,35.8753258
태전테크민턴,533127747,대구광역시 북구 칠곡중앙대로 200 3층 태전테크민턴(태전동),배드민턴,128.5487541,35.9137978
모던볼링클리닉센터,535225808,"대구광역시 달서구 달구벌대로 1545 (죽전동, 골든뷰메디타워) 골든뷰12층",볼링,128.5360949,35.8503551
스타태권도,535259321,"대구광역시 서구 국채보상로 316 상가 202동 501호(평리동, 평리롯데캐슬)",태권도,128.5655069,35.8708173
태브먼트 태권도장,539654688,"대구광역시 동구 경안로 779 2, 3층 태브먼트 태권도장(동호동)",태권도,128.7135842,35.8716925
효신태권도장,27561711,"대구광역시 동구 화랑로11길 26 코스모스상가1층 효신태권도장(신천동, 코스모스아파트)",태권도,128.6307129,35.8728311
무사 주짓수,,대구광역시 달성군 다사읍 달구벌대로 863 3층 303호 무사 주짓수,주짓수,128.464438,35.8589508
체력100그룹트레이닝센터,537812758,대구광역시 수성구 용학로 198 지산빌딩 5층(지산동),필라테스,128.6301437,35.8217214
피트밀리짐 시지알파시티점,27933303,대구광역시 수성구 시지로 40 피트밀리짐 시지알파시티점(시지동),헬스,128.6936968,35.8396401
닐스벅태권도,536339400,대구광역시 달서구 한실로 97 B1층(도원동),태권도,128.5373378,35.8069668
피트밀리짐,536363330,대구광역시 달서구 월곡로 330 DS타워 5층 피트밀리(상인동),헬스,128.5344129,35.822121
화랑합기도,,대구광역시 동구 안심로22길 60-3 2층 화랑합기도(율하동),합기도,128.6978696,35.8626084
강한아이태권스쿨,,대구광역시 수성구 동대구로15길 23 강한아이태권스쿨 5층(두산동),태권도,128.6221658,35.8375671
유천골프아카데미,536333688,대구광역시 달성군 화원읍 비슬로543길 27 대구광역시 달성군 화원읍 비슬로543길 27,골프,128.5110912,35.8110406
재단법인 행복북구문화재단,23205141,대구광역시 북구 구암로 47 어울아트센터 지하1층 어울스포츠센터(관음동),헬스,128.5451287,35.9358673
계명대 석사 태권도,,"대구광역시 동구 반야월북로 221 상가 2층 계명대 석사 태권도(신서동, 신서화성파크드림)",태권도,128.7224835,35.873796
하랑태권도,,대구광역시 달성군 논공읍 논공로21길 14-6 2층 하랑태권도,태권도,128.4451334,35.7302527
강한태권도장,27519517,대구광역시 수성구 청솔로14길 10 4층 강한태권도장(범어동),태권도,128.6212219,35.8511637
명지대 강인 체육관,539420050,대구광역시 동구 아양로 250 2층(효목동),합기도,128.6403509,35.8870934
마음가gym합기도,29640269,대구광역시 동구 안심로22길 14(율하동) 효원빌딩 203호,합기도,128.6960893,35.8661025
김영호댄스스포츠스쿨,535548001,대구광역시 서구 달구벌대로 1791 (5층)내당동(내당동),댄스,128.5605833,35.8592716
에이스태권스포츠센터,533584845,"대구광역시 북구 호암로 20 상가 301호(칠성동2가, 성광우방타운)",태권도,128.5916529,35.8823179
스마트탁구교실,,"대구광역시 북구 매천로 220 114동상가(태전동, 태전우방타운)",탁구,128.5429449,35.9168957
강호동탁구클럽,,대구광역시 달성군 옥포읍 돌미상업로1길 2 6층 강호동탁구클럽,탁구,128.4417109,35.7822142
I CAN 대성태권도,533146676,"대구광역시 북구 매천로2길 19 두산위브2001 아파트상가3층(팔달동, 두산위브2001)",태권도,128.5434307,35.8987221
태권도TeamJTA,539557677,대구광역시 북구 서변로 55 2층(서변동),태권도,128.5963866,35.9206686
스마일탁구장,537423341,대구광역시 수성구 달구벌대로 2470 지하층(범어동),탁구,128.6327526,35.8583497
늘솜필라테스,,대구광역시 수성구 달구벌대로 2265 3층 늘솜필라테스(수성동4가),필라테스,128.6106935,35.8607708
슈퍼파워태권도장 성서관,535868373,대구광역시 달서구 선원로 185 2층(이곡동),태권도,128.5128395,35.8591932
늘푸른체육관,539594689,대구광역시 동구 아양로34길 23 1층(신암동),태권도,128.6306224,35.8834791
하랑태권도장,,"대구광역시 달성군 옥포읍 돌미로2길 1 401호,202호",태권도,128.4385634,35.7790969
늘해랑 태권도장,,"대구광역시 북구 학정동로 7 203호 늘해랑태권도장(국우동, 부영아파트)",태권도,128.5652102,35.9452854
김치빌리아드,5348958871,대구광역시 중구 달구벌대로 1929 3층 클라우스빌리아드(대신동),기타종목,128.5754426,35.863277
탑복싱짐,29640808,대구광역시 동구 안심로22길 40-1 3층 탑복싱짐(율하동),복싱,128.6953634,35.8633917
대구광역시서구청,536633661,대구광역시 서구 문화로 72 서구국민체육센터(이현동),기타종목,128.5409908,35.8733951
기무관합기도,536149619,대구광역시 달성군 현풍읍 테크노상업로 68 605호,합기도,128.456821,35.6932475
슈퍼스타태권도장,533268898,대구광역시 북구 구암로65길 10 5층 슈퍼스타태권도장(구암동),태권도,128.5687948,35.9409664
가든15골프아카데미,536330757,대구광역시 달성군 화원읍 성화로 50 가든골프아카데미,골프,128.4872605,35.8009099
화남태권도,536397880,대구광역시 달성군 화원읍 화암로 69 4층,태권도,128.4960659,35.7979251
에잇야드 축구교실 주식회사,7040708542,대구광역시 수성구 명덕로 406 지하층(수성동2가),축구(풋살),128.6144707,35.8541747
군위국민스포츠센터,23807213,대구광역시 군위군 군위읍 군청로 158 군위국민체육센터,배드민턴,128.5739996,36.2374656
배현정탁구클럽,536166969,"대구광역시 달성군 현풍읍 테크노상업로 34 웨스트애비뉴상가 4층 404,405호",탁구,128.4540514,35.6919691
미pro필라테스 요가,26391815,대구광역시 달서구 조암로 8 아이위시 프라자 6층 603호604호(월성동),필라테스,128.5285403,35.8260651
계명대 하늘차기 태권도장,536245966,대구광역시 달서구 중흥로8길 110 2층(송현동),태권도,128.5523315,35.8269104
다사당구클럽,25883975,달성군 다사읍 죽곡리 119-4 2층,당구,128.4633818,35.8588743
숨in필라테스,,대구광역시 북구 동북로 291 7층 702호(복현동),필라테스,128.6221584,35.8927526
다사스크린파크골프,535850755,대구광역시 달성군 다사읍 달구벌대로 859 모던타워 5층 502호 다사스크린파크골프,골프,128.4640437,35.8593389
다사요가필라테스,,대구광역시 달성군 다사읍 다사로 78 다사요가앤필라테스 1층,요가,128.4587024,35.8672932
타이거합기도,532948656,대구광역시 달성군 다사읍 죽곡1길 19 나비타워 6층 타이거합기도,합기도,128.4638611,35.8565716
계명대 하늘채 태권도장,,대구광역시 남구 중앙대로 199-3 2층(대명동),태권도,128.5902437,35.8511462
엘리트태권도,539830506,대구광역시 동구 화랑로80길 12 3층 엘리트태권도(방촌동),태권도,128.6681671,35.8754305
Adapfit 어댑핏스튜디오 대구점,,"대구광역시 달성군 다사읍 대실역남로 18 ,3층 301호 어댑핏(adapfit)",기타종목,128.4639261,35.8562287
다온언어심리발달센터,539869923,대구광역시 동구 방천로5길 27 다온언어심리발달센터(불로동),기타종목,128.6332527,35.8966076
강호합기도 태호도장,29540400,"대구광역시 북구 복현로 71 1단지 상가동 5층 강호합기도(복현동, 복현블루밍브라운스톤 명문세가아파트)",합기도,128.6234182,35.8975833
다온키즈3태권도장,,"대구광역시 북구 동북로 345 복현푸르지오 상가 2층 207호 다온태권도장(복현동, 복현푸르지오)",태권도,128.6276666,35.8917545
다온탁구클럽,536356498,대구광역시 달성군 화원읍 사문진로 441 4층 다온탁구클럽,탁구,128.496988,35.8040507
타이거 파라다이스 짐,535729888,"대구광역시 달서구 와룡로 260-1 4,5층 타이거파라다이스짐(죽전동)",헬스,128.5376929,35.8560295
팀에이스화원점,536354860,대구광역시 달성군 화원읍 명천로 222 4층팀에이스,합기도,128.4944706,35.799403
수성엘리트태권도,537427773,대구광역시 수성구 수성로 375 대영정형외과 2층(수성동1가),태권도,128.6137601,35.8589304
계명대강산태권도,537841145,"대구광역시 수성구 지범로22길 9 상가2층 계명대강산태권도(지산동, 지산한라타운)",태권도,128.636409,35.8225474
대구시설공단(두류수영장),536232156,대구광역시 달서구 공원순환로 223 두류수영장(성당동),수영,128.5616661,35.8452642
계명대꿈나무태권도장,539826589,대구광역시 동구 동촌로 175 3층 계명대꿈나무태권도장(방촌동),태권도,128.6597731,35.883762
옥포MMA,,대구광역시 달성군 옥포읍 돌미로 50 3층302호,태권도,128.4396543,35.7794473
수성국민체육센터,26662194,대구광역시 수성구 동대구로50길 121-10 수성국민체육센터(범어동),기타종목,128.6304224,35.8483121
수룡관합기도 유림합기스쿨,533141236,대구광역시 북구 매전로 78 대성빌딩 3층(태전동),합기도,128.5468466,35.9125772
명곡태권도,536410607,대구광역시 달성군 화원읍 화암로 71 4층 명곡태권도,태권도,128.4963038,35.7980369
킴스짐,535676665,대구광역시 달서구 구마로 125 농협 지하1층 킴스짐(본리동),복싱,128.54153,35.8376515
엘림아동발달센터,535566522,"대구광역시 중구 남산로13길 17 보성황실상가 2층 201호(남산동, 보성황실아파트)",기타종목,128.581284,35.8601784
기품있는태권도장,29561020,대구광역시 북구 대현남로2길 38 2층 기품태권도장(대현동),태권도,128.6055792,35.8790359
엘림아동발달센터달서구,26526522,대구광역시 달서구 송현로 46 2층,기타종목,128.547254,35.8228228
송무태권도,539420505,대구광역시 북구 대현남로6길 5 대현새마을금고4층송무태권도(대현동),태권도,128.6079366,35.8813005
가치발달아동놀이센터,,대구광역시 달서구 용산큰못길 53-4 2층(용산동),기타종목,128.5270923,35.8614538
줄친구점프점프달성점.율하합기도,536150545,대구광역시 달성군 유가읍 테크노상업로 96 파스텔시티 503 504,합기도,128.4596791,35.6932531
관문태권도,23141950,"대구광역시 북구 매전로 73 태전휴먼시아1단지3층 303-305호(태전동, 태전휴먼시아1단지)",태권도,128.5453067,35.9116689
계명대삼성태권도,,대구광역시 달서구 화암로73길 14-16 3층 계명대삼성태권도(대곡동),태권도,128.5190896,35.8068221
다모아탁구교실,282494751,대구광역시 동구 안심로22길 50 2층 제3호(율하동),탁구,128.6969295,35.863204
본짐,536577888,대구광역시 달서구 구마로 184 5층(본동),헬스,128.5478627,35.8368407
길라잡이태권도장,536232221,"대구광역시 달서구 월배로11길 33 ak그랑폴리스 상가3층 길라잡이태권도장(유천동, 진천역 AK그랑폴리스)",태권도,128.5184624,35.8149075
골드짐헬스클럽,536310103,대구광역시 달서구 상화북로 180 쌍봉빌딩 7층 골드짐 헬스클럽(상인동),헬스,128.5456655,35.8125022
이흔석탁구장,532625058,"대구광역시 북구 구암로21길 38 상가동 지하층(읍내동, 칠곡1차(공작)한양아파트)",탁구,128.5539746,35.935942
다피지오,532437675,대구광역시 수성구 들안로73길 50-4 3층 (수성동4가),기타종목,128.6151833,35.8642154
계명대라이온태권도,,대구광역시 달성군 다사읍 달구벌대로 790 삼산아파트 상가104동204호 계명대라이온태권도(강창1차삼산타운),태권도,128.4582509,35.8614368
다한태권도장,,대구광역시 북구 도남중앙로 80 중앙프라자 3층 다한태권도장(국우동),태권도,128.5842267,35.9533775
솔빛 태권스쿨,537816939,대구광역시 수성구 용학로 236 3층 솔빛 태권스쿨(지산동),태권도,128.6341525,35.8204633
단국대 튼튼i 태권스쿨,533568879,대구광역시 북구 침산남로19길 2 3층 튼튼아이태권도(침산동),태권도,128.5868864,35.8894171
엠씨짐,27444448,"대구광역시 수성구 달구벌대로 2690 2층 203호, 204호, 205호, 210호, 211호(만촌동, 만촌화성파크드림2차)",헬스,128.6550955,35.8539634
계명대박사 인지태권도,533564454,대구광역시 서구 서대구로62길 85 비산동(비산동),태권도,128.5649459,35.8877233
달구벌함박승마공원,535647700,대구광역시 달성군 화원읍 명곡로 118 달구벌함박승마공원,승마,128.4959049,35.7886788
오르첼 필라테스,,대구광역시 수성구 명덕로 404 한성빌딩 2층 오르첼필라테스(수성동2가),필라테스,128.6141903,35.8541702
엠투피상인점,536429688,대구광역시 달서구 상화북로 178 2~3층(상인동)(상인동),헬스,128.5453165,35.8123552
손탁구,536579004,대구광역시 달서구 장기로 72 성당동654-20번지4층(성당동),탁구,128.552607,35.8436076
달비체육관412413호,536346664,"대구광역시 달성군 화원읍 비슬로 2545 이진캐스빌상가 412,413호(화원이진캐스빌)",태권도,128.4948012,35.8032762
달서권투체육관,535524700,대구광역시 서구 서대구로 56 4층(내당동),복싱,128.5566112,35.8629995
달서복싱이곡헬스,,대구광역시 달서구 달구벌대로 1328 4층 (주)디에스그룹(이곡동),복싱,128.5125181,35.8506481
달서송현스포츠클럽,536237330,대구광역시 달서구 월배로72길 26 송현체육센터(송현동),탁구,128.5491529,35.8257316
달성국민체육센터,536594001,대구광역시 달성군 현풍읍 현풍동로 180 달성국민체육센터,헬스,128.4418206,35.701692
스마일태권도,537440133,"대구광역시 수성구 동원로 110 321동 상가3층(만촌동, 메트로팔레스3단지)",태권도,128.6384441,35.8699786
달성군여성문화복지센터,536594351,대구광역시 달성군 화원읍 성천로 5 달성군여성문화복지센터,헬스,128.4879063,35.7985646
달성문화센터,536594231,대구광역시 달성군 다사읍 대실역북로2길 188 달성문화센터,헬스,128.4609555,35.8654751
달성문화예술교육협회,25817946,대구광역시 달성군 다사읍 죽곡1길 9 대원타워 501호 달성문화예술교육협회,기타종목,128.4639045,35.8574485
손끝일상재활운동센터,539514844,대구광역시 동구 신암남로 155 스마일타워 2층 201호(신암동),필라테스,128.6310551,35.8833942
필승체육관,,대구광역시 달성군 논공읍 논공로17길 16-20 3층 필승체육관,주짓수,128.4438348,35.7299302
프라이빗제이필라테스,,대구광역시 달성군 다사읍 세천로6길 1 1층 프라이빗제이필라테스,필라테스,128.4707929,35.8727799
힘찬기합소리,537945300,"대구광역시 수성구 천을로 70 107동(상가동) 지하101호 힘찬기합소리(시지동, 시지월드메르디앙)",태권도,128.6980251,35.8439925
큐브 스포츠센터,536146140,대구광역시 달성군 유가읍 테크노공원로 55 2층,줄넘기,128.4591578,35.6919192
호키스피드체육관,25230555,대구광역시 달서구 와룡로53길 7~105 3층,태권도,,
대구공공시설관리공단 두류수영장,536232150,대구광역시 달서구 공원순환로 237 두류수영장(성당동),수영,128.5622923,35.8462696
소나무향기태권도런투유줄넘기클럽,,"대구광역시 달서구 송현로 103 우방맨션상가 2층 205호 소나무향기태권도장(송현동, 송현우방맨션)",태권도,128.5432645,35.8264071
대구공공시설관리공단 올림픽기념국민생활관,536348688,대구광역시 달서구 학산로 130 올림픽기념국민생활관(본동),수영,128.540561,35.8331441
스미스라이프,533133345,대구광역시 북구 도남중앙로8길 1 시그니처타워7층(국우동),헬스,128.5839855,35.9519289
그랜드무예태권도장2관,533256745,"대구광역시 북구 학정동로 7 부영1차상가2층203호(국우동, 부영아파트)",태권도,128.5652103,35.9452854
대구광역시달구벌재활스포츠센터,535232112,대구광역시 달서구 달구벌대로291길 100 (용산동),수영,128.52545,35.8535399
대구광역시장애인국민체육센터,27958063,대구광역시 수성구 유니버시아드로42길 125 대구광역시장애인국민체육센터(대흥동),헬스,128.6849945,35.825249
대구광역시지적발달장애인복지협회 달성군지부,536442356,"대구광역시 남구 중앙대로 219 특수통합교육관 다목적실 1, 2(대명동)",기타종목,128.5889174,35.8530251
대구당구연구소,,대구광역시 북구 유통단지로8길 21-13 3층(산격동),당구,128.6086051,35.9045375
대구대표한우리태권도,537814242,"대구광역시 수성구 지범로22길 20 상가106동301호(지산동, 지산현대맨션)",태권도,128.6345778,35.8215467
대구복싱다이어트클럽,536368868,대구광역시 달서구 한실로 71 일성빌딩 4층(도원동),복싱,128.5345083,35.8072395
대구복싱다이어트클럽화원점,,대구광역시 달성군 화원읍 성화로4길 11 4층,복싱,128.4910671,35.8016983
메트로휘트니스,537552399,대구광역시 수성구 화랑로12길 8 5층 메트로휘트니스(만촌동),헬스,128.6342531,35.8709855
대구샤크짐,532025560,대구광역시 동구 공항로 267 3층(지저동),기타종목,128.6415079,35.8950553
대구장애인종합복지관,537631011,대구광역시 수성구 파동로51길 26-17 대구장애인종합복지관(파동),기타종목,128.6069394,35.8270248
대덕승마장,536641502,대구광역시 달서구 앞산순환로 206 (송현동),승마,128.5539352,35.8219777
센트럴짐 주짓수 월배점,536419001,대구광역시 달서구 월배로 162 2층 센트럴짐 주짓수(상인동),주짓수,128.5316531,35.8164691
해동검도,536338304,대구광역시 달서구 학산남로 6 2층 해동검도(상인동),검도,128.5336225,35.823283
송림스포츠,533126000,대구광역시 북구 칠곡중앙대로 309 송림스포츠(태전동),수영,128.5464631,35.9233752
점프윙스 줄넘기클럽,536353777,대구광역시 달서구 월배로40길 141 2층(상인동),기타종목,128.5403609,35.8135234
세천하이두축구클럽,535852002,"대구광역시 달성군 다사읍 세천로6길 7 3층,7층",축구(풋살),128.4714632,35.8724344
계명대신흥태권도체육관,,대구광역시 달서구 야외음악당로39길 45 대구광역시 달서구 두류동 614-8(신흥태권도)(두류동),태권도,128.55405,35.8539881
이한욱합기도,,대구광역시 달서구 두류길 73 2층 이한욱 합기도(두류동),합기도,128.5706181,35.859147
세진헬스,537814993,대구광역시 수성구 지범로 183 태성시티월드 6층 세진헬스(지산동),헬스,128.6396888,35.8215469
대불스포츠클럽,533838666,대구광역시 북구 유통단지로8길 56 대불스포츠센터(산격동),요가,128.6111348,35.9044575
대산태권도체육관,539526893,대구광역시 북구 연암로 170 4층 대산태권도체육관(산격동),태권도,128.5964129,35.8995539
세진아동발달센터,532672607,대구광역시 달서구 조암남로 85 DS타워 402호(월성동),기타종목,128.5240863,35.8199026
계명대아름드리태권도장,283366698,"대구광역시 달서구 계대동문로 99 보성화성상가타운 b1층 아름드리 태권도장(이곡동, 성서보성화성타운)",태권도,128.50342,35.856459
본짐,7049912211,대구광역시 수성구 지범로 181 5층 본짐(지산동),헬스,128.6392933,35.8216881
메이저 짐,,대구광역시 수성구 화랑로 98 2층 메이저 짐(만촌동),헬스,128.6376026,35.8723922
미소나무태권도장,,대구광역시 달서구 장기로 167 302호(본리동),태권도,128.5418998,35.8430518
미소나무태권도장줄기관,,대구광역시 달서구 월배로97길 16 3층 미소나무태권도장(줄기관)(송현동),태권도,128.5555057,35.8366001
계명대이지태권스쿨,536338344,대구광역시 달성군 화원읍 성암로1길 19 대경빌딩 5층,태권도,128.5097675,35.801994
바른체형용수합기도,532418253,대구광역시 북구 학남로17길 12 용수합기도(국우동),합기도,128.5707807,35.9446286
국가대표hero영웅태권도,537653997,대구광역시 수성구 들안로 162 2층 국가대표hero영웅태권도(황금동),태권도,128.6171447,35.8443246
합기도 문무원,539829922,"대구광역시 동구 화랑로80길 8 146동 401호 4층(방촌동, 우방강촌마을)",합기도,128.6657886,35.8764407
세븐타임즈골프아카데미,536380707,대구광역시 달성군 화원읍 비슬로 2725 2층,골프,128.5128776,35.8102859
계명대케이태권스쿨,533224777,"대구광역시 북구 매전로 73 행복상가 2층 204호(태전동, 태전휴먼시아1단지)",태권도,128.5453066,35.9116689
대원검도관,536359557,대구광역시 달성군 화원읍 화암로 71 명곡프라자202호,검도,128.4963038,35.7980369
대장부본관태권도장,539821006,"대구광역시 동구 동촌로 100 401동 401호(검사동, 태왕아너스 르네상스)",태권도,128.6518848,35.8863691
계명대태양태권도1관,25817033,"대구광역시 달서구 선원로 100 109동 B01호(이곡동, 성서동서서한아파트)",태권도,128.5036271,35.8585232
세계태권도,537815020,"수성구 범물동 1277-8 대구광역시 수성구 지범로39길 11-12,3층",태권도,128.6413148,35.8210443
점프태권스쿨,533544127,대구광역시 북구 고성북로 37 2층 점프태권스쿨(고성동3가),태권도,128.583168,35.8832827
이즈원수중운동연구소,537217795,대구광역시 수성구 무열로 189 1층 이즈원수중운동연구소(만촌동),수영,128.6457831,35.8748258
건강한태권도,534763396,"대구광역시 남구 명덕로68길 77 이천주공1단지상가(이천동, 대구이천주공1아파트)",태권도,128.606219,35.8526286
한누리태권도장,533110922,대구광역시 북구 태전로 87 4층 한누리태권도장(태전동),태권도,128.5418139,35.9276181
성서국민체육센터,25557330,대구광역시 달서구 선원로 133 성서국민체육센터(이곡동),축구(풋살),128.5058644,35.8615739
현요가,535888482,대구광역시 달성군 다사읍 서재로 121 5층 현요가,요가,128.4970285,35.8743961
성산태권도,25864330,"대구광역시 달서구 선원로 241 상가2,3층 성산태권도(용산동, 성서2차보성타운)",태권도,128.5187052,35.8594586
계명대효신태권도,536432626,대구광역시 달서구 상화북로 196 상가 105동 201호(상인동.제림아파트),태권도,128.5478035,35.8136317
열정의계성태권도,532536658,"대구광역시 중구 남산로 30 상가 3층 열정의계성태권도(남산동, 극동 스타클래스 남산)",태권도,128.5838167,35.8598715
대한민국다이어트센타,532019800,대구광역시 달서구 성당로 189 2층 헬스장(성당동),헬스,128.5715067,35.850116
JJ댄스스쿨,537819800,대구광역시 수성구 용학로 293 3층 JJ댄스스쿨(지산동),댄스(줌바 등),128.6402111,35.8218652
김만규2관태권도장,539629232,대구광역시 동구 안심로22길 60 5층 501호(율하동),태권도,128.6983417,35.8630878
대한태권도,539630787,대구광역시 동구 율하동로24길 7 5층(신기동),태권도,128.7029766,35.8698728
해동검도 다사도장,535932237,대구광역시 달성군 다사읍 죽곡1길 6 3층,검도,128.4635188,35.8580941
김미경아동발달지원센터,533128278,대구광역시 북구 학정로 429 6층(동천동),기타종목,128.5632386,35.9430706
캡틴태권도,536558785,대구광역시 남구 대명로 125 3층(대명동),태권도,128.571532,35.8396
캐슬태권도체육관,537677312,"대구광역시 수성구 청수로 235 종합상가동 220호,221호(황금동, 캐슬골드파크 2단지)",태권도,128.6340168,35.8418807
카이로스피지컬운동발달센터,27591215,대구광역시 수성구 동원로 25 3층 5층 카이로스피지컬 운동발달센터(범어동),기타종목,128.6397469,35.8612315
이유감각운동발달센터,536327526,대구광역시 달서구 진천로 93 503호(대천동),기타종목,128.5224521,35.8166385
선인4태권도장,533241191,"대구광역시 북구 대천로 132 상가동 지하 101호(구암동, 부영아파트)",태권도,128.563444,35.9356471
이유EU통합발달센터,29867526,대구광역시 북구 연경중앙로1길 26 407호(연경동),기타종목,128.6157108,35.9427508
황실태권도스포츠짐,,대구광역시 중구 남산로 61 3층(남산동),태권도,128.5821208,35.8620408
영남대성남태권도,536223035,대구광역시 달서구 성당로 255 3층(두류동),태권도,128.5737729,35.8550409
선린종합사회복지관,533232297,대구광역시 북구 관음동로9길 10-25 선린종합사회복지관(관음동),기타종목,128.5455555,35.9378224
맹호합기도킥복싱,535926602,"대구광역시 달서구 선원로 122 서한2차아파트 110동 상가4층 401호(이곡동, 성서2차서한타운)",합기도,128.5058762,35.8584867
이야기나무언어심리발달센터,537164898,대구광역시 달성군 옥포읍 돌미상업로1길 16 302호 이야기나무발달센터,기타종목,128.4401548,35.7819073
한가람태권도장,537653651,대구광역시 수성구 상화로5길 41 1층(상동),태권도,128.6093818,35.8365009
석밸리댄스,537836660,대구광역시 수성구 용학로 293-10 5층 석밸리댄스(지산동),댄스(줌바 등),128.6395471,35.8221611
건강한태권도,534763396,"대구광역시 남구 명덕로68길 77 2층 상가 건강한 태권도(이천동, 대구이천주공1아파트)",태권도,128.6062189,35.8526286
비천관위너합기도,536144144,대구광역시 달성군 논공읍 논공로21길 15 가동 201호(평광현대APT),합기도,128.4435226,35.7308358
하나린태권도장,535666676,대구광역시 서구 죽전길 134 하나린태권도(중리동),태권도,128.5406168,35.8576883
바이탈필라테스수성점,537656665,대구광역시 수성구 동대구로 31 302호(두산동),필라테스,128.6228833,35.8331355
서재2태권도장,535850798,대구광역시 달성군 다사읍 서재로 120 금봉상가3층 서재2태권도장(서재화진금봉타운),태권도,128.49892,35.8744263
바른발달센터,532542604,"대구광역시 중구 남산로13길 17 116동 2층 202호(남산동, 보성황실아파트)",기타종목,128.581284,35.8601784
점핑체육관 이루어GYM,,대구광역시 서구 평리로 273 3층 점핑체육관(중리동),기타종목,128.5532614,35.8631911
일성태권도,537661285,대구광역시 수성구 신천동로 322 신(수성동1가),태권도,128.6117344,35.8542062
계명대 북구 최우수태권도장,533557953,대구광역시 북구 옥산로17길 45 4층 최우수태권도(침산동),태권도,128.5860016,35.8884108
펄슨피티,,"대구광역시 수성구 신매로 71 상가동 지하 1층(신매동, 시지천마타운)",헬스,128.7069071,35.8357656
최우수체육관,535816980,대구광역시 달서구 계대동문로 18 4층(신당동),합기도,128.4942299,35.8553367
예스아동발달센터,,대구광역시 남구 중앙대로41길 68-15 관영위드빌 교대 101호(대명동),기타종목,128.5869601,35.8510536
옐로우짐 내당점,,대구광역시 서구 서대구로 50 3층 옐로우짐내당점(내당동),헬스,128.5567252,35.8623712
명품동아화랑태권도장,25876455,대구광역시 달성군 다사읍 서재로 102 명품동아대화랑태권도장,태권도,128.4976163,35.8725464
원탑태권도장,537831616,대구광역시 수성구 지범로 248-16 3층(범물동),태권도,128.6436796,35.8174292
대한특수체육협회,,대구광역시 수성구 동원로 25 4층 대한특수체육협회(범어동),종합체육시설,128.6397469,35.8612315
서부탁구장,535576969,대구광역시 서구 국채보상로 235 서부탁구장4층(평리동),탁구,128.5565835,35.8709947
합기도신무관,535262448,대구광역시 달서구 와룡로 151 5층(감삼동),합기도,128.5366819,35.8462062
더센터오브필라테스대구동성로,532569496,대구광역시 중구 중앙대로 390 센트럴엠빌딩 10층(동성로3가),필라테스,128.5939418,35.8677737
한양대태양8태권도장,,대구광역시 북구 내곡로 71 동아프라자 4층 한양대태양태권도(사수동),태권도,128.5112836,35.901554
더슬로프,532181712,대구광역시 북구 유통단지로24길 9 더슬로프 (대구실내스키장)(산격동),기타종목,128.6158319,35.9088946
플레이짐 현풍점,536110617,대구광역시 달성군 현풍읍 테크노상업로 34 6층 플레이짐,헬스,128.4540514,35.6919691
바른체형용수합기도,532418253,대구광역시 북구 학남로17길 12 1층 용수합기도(국우동),합기도,128.5707807,35.9446286
서구청소년수련관,535722453,대구광역시 서구 문화로 122 서구청소년수련관(이현동),수영,128.5454682,35.8736195
백산태권도장,533589793,대구광역시 서구 서대구로63안길 2 1층 백산태권도장(비산동),태권도,128.5565724,35.8866934
무궁화태권도장,24236885,대구광역시 중구 국채보상로 744 5층 무궁화태권도장(동인동4가),태권도,128.6119801,35.868156
필라테스V,,대구광역시 수성구 지범로 59 4층 필라테스V(지산동),필라테스,128.6293825,35.8260255
서구국민체육센터,26633664,대구광역시 서구 문화로 72 서구국민체육센터(이현동),기타종목,128.5409908,35.8733951
더이룸사회적협동조합,535817522,대구광역시 달서구 이곡동로 33 4층 401호(이곡동),기타종목,128.5113351,35.8542434
새청라태권도장,,대구광역시 서구 북비산로57길 16 3층(비산동),태권도,128.5640775,35.880838
최강웅비태권도,539585554,"대구광역시 북구 서변로 88 상가301호(서변동, 동서리치모아)",태권도,128.5976294,35.9236839
상원태권스쿨,535237898,"대구광역시 서구 달서로9길 36 상가2층(내당동, 선빌골든타운)",태권도,128.5669929,35.8653889
더퍼스트 스포츠에듀케이션,,대구광역시 북구 동천로23길 50 4층(동천동),농구,128.5553683,35.9432697
FC CANNON,537830337,대구광역시 수성구 달구벌대로528길 15 수성대학교 숲속운동장 사무실(만촌동),축구(풋살),128.6482213,35.8533229
바이탈필라테스 수성점,537656665,대구광역시 수성구 동대구로 31 302호(두산동),필라테스,128.6228833,35.8331355
다모아탁구교실,7082494751,대구광역시 동구 안심로22길 50 2층203호(율하동),탁구,128.6969295,35.863204
ok탁구교실,532667553,"대구광역시 달서구 비슬로540길 38 금강상가2층  ok탁구교실(대곡동, 금강1차아파트)",탁구,128.5106375,35.8072185
올리브휘트니스사우나,7077396533,대구광역시 북구 학정로 50 7층헬스장(태전동),헬스,128.548063,35.9132342
수리야요가원,,대구광역시 달성군 다사읍 달구벌대로 843 4층 수리야,요가,128.4631224,35.860414
덕무인더짐스포츠클럽,535728883,대구광역시 서구 문화로 235 5층(평리동),검도,128.5585456,35.8758042
체력100그룹트레이닝센터,537812758,대구 수성구 용학로 198 지산빌딩5층,헬스,128.6301437,35.8217214
현대볼링장,535276400,대구광역시 달서구 대명천로 148 현대볼링장(본리동),볼링,128.5434861,35.8406042
상록수태권도장,26299805,대구광역시 남구 명덕로14길 67 3층,태권도,128.5769049,35.8556068
피트니스공간,,대구광역시 수성구 달구벌대로 2273 10층 피트니스공간(수성동4가),헬스,128.611316,35.8606034
이룸특수체육발달센터,,대구광역시 달서구 와룡로 1 대영빌딩 4층 이룸특수체육발달센터,종합체육시설,128.5377127,35.8327771
마인드휘트니스대구도남지구점,,대구광역시 북구 도남중앙로7길 20-4 위(국우동),헬스,128.5820744,35.9520166
청춘유도관 연경지구점,,대구광역시 북구 연경중앙로3길 21 701호(연경동),유도,128.6163112,35.9431837
경무키즈태권도효도관,539813663,"대구광역시 동구 해동로6길 37 제림상가2층,경무키즈태권도효도관(불로동, 제림빌리지아파트)",태권도,128.6343698,35.8966813
경무태권도,537638794,대구광역시 수성구 들안로28길 33 2층 경무태권도(황금동),태권도,128.6176624,35.843182
청춘유도관,20000000,대구광역시 동구 안심로22길 40-1 4층 청춘유도관(율하동),유도,128.6953634,35.8633917
삼팔이,539591382,대구광역시 동구 아양로39길 6 2층(신암동),헬스,128.6348278,35.8865604
올림픽태권도,535882325,대구광역시 달서구 계대동문로 27 2층(신당동),태권도,128.4952625,35.8557879
청운합기도,533122960,"대구광역시 북구 태전로7길 10-17 (태전동, 1차 두성타운 아파트) 상가동 3층 301, 302호",합기도,128.5426616,35.9235735
슈퍼영웅태권도,533261988,대구광역시 북구 내곡로 38-2 중앙프라자3층303호(사수동),태권도,128.5103334,35.898937
백인엽탁구클럽,537835230,"대구광역시 수성구 지산로 56 지하 백인엽탁구클럽(지산동, 동서아파트)",탁구,128.6344407,35.8263433
아리솔비산태권도장,535523334,대구광역시 서구 북비산로65길 22-2 2층(비산동),태권도,128.5690511,35.8815863
하랑태권도,536146787,대구광역시 달성군 논공읍 논공로21길 14-6 2층 하랑태권도장,태권도,128.4451334,35.7302527
정도관,534710504,대구광역시 남구 효성로 60 2층(봉덕동),합기도,128.5988894,35.8386748
용인대대구태권도,535885880,"대구광역시 달서구 선원로 122 서한2차아파트상가3층(이곡동, 성서2차서한타운)",태권도,128.5058763,35.8584867
그레이트짐,539656255,대구광역시 동구 안심로22길 54 4층 그레이트짐(율하동),기타종목,128.697492,35.8631506
감사랑 리더십 태권도장,535852234,대구광역시 달성군 다사읍 서재로7길 25 상가2층 감사랑 리더십 태권도장(에코폴리스 동화 아이위시 3차),태권도,128.4892397,35.8700315
대구시설공단 대구승마힐링센터,536560462,대구광역시 달서구 앞산순환로 206 대덕승마장,승마,128.5539352,35.8219777
월성태권도,535262647,대구광역시 달서구 구마로14남길 60 3층 월성태권도(본동),태권도,128.5319621,35.8356191
한국복타협동조합,536324442,"대구광역시 달서구 상인서로 46 111동303호(상인동, 상인서한타운)",복싱,128.5441397,35.8148087
바디앤소울요가,532467929,대구광역시 동구 안심로16길 47 4층 414호(율하동),요가,128.6937409,35.8632576
효승검도관,534715959,대구광역시 남구 효성로 58 지하1층 효승검도관(봉덕동),검도,128.598961,35.8383842
산격태권도,539411010,대구광역시 북구 산격로 49 3층(산격동),태권도,128.6050805,35.895101
요가위드필라테스,,"대구광역시 북구 복현로 130 상가동 310-1호 요가위드필라테스(복현동, 복현3차 서한이다음)",요가,128.6190427,35.9015283
아이마음 아동발달센터,536435075,대구광역시 달서구 조암로 8 아이위시프라자 504호(월성동),기타종목,128.5285403,35.8260651
요가커피,,대구광역시 달서구 월배로 175 (우리빌딩) 5층 503호 [요가앤커피](상인동),요가,128.5327426,35.8175741
백천스윔키즈수영장,533256100,대구광역시 북구 동천로23길 2 지하1층(동천동),수영,128.5603549,35.9421489
퍼스트태암태권도장,533129048,대구광역시 북구 학정로 143-4 3층(태전동),태권도,128.5506153,35.9210961
사한국운동재활복지협회 대구지부,539657679,대구광역시 동구 안심로22길 40 우석타워 4층 403-A(율하동),기타종목,128.6956382,35.8633472
감삼태권도,535653859,대구광역시 달서구 달구벌대로332길 66 4층 감삼태권도(감삼동),태권도,128.5468831,35.851323
더퍼스트피트니스,532633714,대구광역시 북구 동천로 125 5층 더퍼스트피트니스(동천동),헬스,128.5604562,35.9427382
053gym,536167346,대구광역시 달성군 다사읍 대실역북로1길 29-9 2층,헬스,128.4643044,35.8597026
마음사회서비스센터,535224675,대구광역시 서구 평리로 235 3층 마음사회서비스센터(중리동),필라테스,128.5490418,35.8625912
정석태권도교육관,537515333,대구광역시 수성구 명덕로76길 74 3층 즐거운정석태권도(수성동1가),태권도,128.6114382,35.8512296
사한국장애인녹색재단 국술원,537591088,대구광역시 수성구 만촌로 118 사)한국 장애인 녹색재단 국술원 1층(만촌동),합기도,128.6417781,35.8690683
GL피트니스,,대구광역시 동구 안심로 372 각산역 3번 출구 앞 덕산빌딩 3층(신서동),헬스,128.7250872,35.8679954
동산볼링장,532563030,"대구광역시 중구 달성로 10 (동산동, 동산빌딩) 지하1층",볼링,128.5827882,35.8659597
메디엘필라테스,535629992,대구광역시 서구 서대구로 116 (평리동) 신협건물 4층 메디엘필라테스,필라테스,128.5557018,35.8681861
아람언어심리발달센터,532620920,"대구광역시 서구 국채보상로 316 평리롯데캐슬상가 201동 302호(평리동, 평리롯데캐슬)",기타종목,128.5655069,35.8708173
대평체육관,535586574,대구광역시 서구 문화로49길 31 3층 대평태권도,태권도,128.559009,35.8784741
한국아동발달센터,535927579,"대구광역시 달서구 성서로 420 성서메가타운 407호, 401-A호(이곡동)",기타종목,128.5077822,35.8550089
한국인태권도,535531355,대구광역시 서구 문화로33길 21 2층 [한국인태권도](평리동),태권도,128.5503744,35.8769677
임진미줌바스튜디오 점프윙스 줄넘기클럽동호점,,대구광역시 동구 동호로 75 4층 임진미줌바스튜디오 점프윙스 줄넘기클럽 동호점(신서동),댄스(줌바 등),128.725057,35.8663038
lb피트니스,537633385,"대구광역시 수성구 동대구로 251 2,3층(범어동)",헬스,128.6247209,35.8529035
백파태권도,533586362,대구광역시 서구 달서천로83길 23 2층 백파태권도(원대동3가),태권도,128.578346,35.8837554
한성태권도,25677788,대구광역시 서구 달서로26길 9 2층(비산동),태권도,128.5722948,35.8732574
사단법인 중구 청라스포츠클럽,532562082,대구광역시 중구 대봉로 208-1 청라국민체육센터 1층 청라스포츠클럽(대봉동),배드민턴,128.6030742,35.8570698
창명태권도,535622445,"대구광역시 서구 문화로 322 1층 103호(비산동, 비산웰빙하와이)(비산동)",태권도,128.5677757,35.8757027
정영아탁구클럽,29580327,"대구광역시 동구 화랑로80길 3 146동 지하층 제비1호(방촌동, 우방강촌하이츠)",탁구,128.6687311,35.8759052
퍼스트태권도장,539567890,"대구광역시 동구 신암로20길 63 201동 상가 301호(신암동, 동대구더센트로데시앙)",태권도,128.6139154,35.8774896
참바른친구 태권도,533120315,"대구광역시 북구 대천로7길 40 상가동 3층 301,303,304  참바른친구 태권도(읍내동, 칠곡산호한양아파트)",태권도,128.5556042,35.9413018
엘리트복싱클럽(상인점),536367005,대구광역시 달서구 상인서로 30-7 지하1층(상인동),복싱,128.5458711,35.8138593
더스페셜 태권도장,533228128,"대구광역시 북구 동천로24길 12 상가동 지하101호(동천동, 부영그린타운)",태권도,128.5619718,35.9407411
클락해치트레이닝센터,537598999,대구광역시 수성구 화랑로 98 바른등빌딩 2층(만촌동),헬스,128.6376026,35.8723922
산격스포츠,539553928,대구광역시 북구 동북로 150 6층 산격스포츠(산격동),헬스,128.6090187,35.8998377
동촌스크린골프,539860440,"대구광역시 동구 동촌역사로4길 6 2층(검사동, 거상빌딩)",골프,128.6538543,35.8880616
더제이필라테스평생교육원,,대구광역시 달서구 장기로 125-21 403호(성당동),필라테스,128.5471045,35.8414706
으뜸태권도,537515697,대구광역시 수성구 수성로 266 2층 으뜸태권도(중동),태권도,128.6133396,35.8491819
두드림스포츠발달센터,29820675,대구광역시 동구 동촌로 265-1 3층(방촌동),기타종목,128.669058,35.8802574
행복한일터보호작업장 본점,533146726,대구광역시 북구 한강로8길 13-14 4층 402호(금호동),기타종목,128.5192307,35.8953904
365배드민턴 센터,539630365,대구광역시 동구 화랑로 528 365배드민턴 센터 3층(용계동),배드민턴,128.6816422,35.8745177
진인태권도장,534725246,대구광역시 남구 희망로 19 4층(이천동),복싱,128.6007529,35.8479422
한국복타스포츠케어센터,536564242,대구광역시 달서구 조암남로32길 12 3층(대천동),복싱,128.5171607,35.8176974
두류테니스장,536544848,대구광역시 달서구 야외음악당로 194 두류테니스장(두류동),테니스,128.5589837,35.8515671
정특수체육센터,535817522,대구광역시 달서구 이곡동로 33 4층(이곡동),기타종목,128.5113351,35.8542434
뿌리깊은꿈나무,539575175,대구광역시 동구 효동로15길 14 3층(효목동),태권도,128.6424699,35.8830937
행복한예닮태권도장,535735640,대구광역시 서구 문화로 315-3 2층 행복한예닮태권도장(평리동),태권도,128.5673426,35.8760429
아이비 태권도 테크노 지점,536279400,대구광역시 달성군 유가읍 테크노상업로 100 6층 601호,태권도,128.460505,35.6932523
아몬드짐,,대구광역시 남구 대봉로 36 2층(봉덕동),헬스,128.6043752,35.8419399
정훈검도관,537559991,대구광역시 수성구 국채보상로 985 지하1층(만촌동),검도,128.6383074,35.8667388
율하탁구교실,539610997,대구광역시 동구 율하동로10길 3-6 3층(율하동),탁구,128.7018515,35.8630279
드래곤파라다이스짐,235982026,"대구광역시 중구 대봉로 226 상가 4층 드래곤파라다이스짐(대봉동, 대봉화성그린빌아파트)",헬스,128.6017242,35.8588653
드림2태권도장,537634041,"대구광역시 수성구 파동로 223 상가2층 201호(파동, 송원맨션)",태권도,128.6108864,35.8225824
밸런스브레인 대구센터,537567889,대구광역시 수성구 달구벌대로 2549 4층 밸런스브레인(만촌동),기타종목,128.6416805,35.8592241
지엑스 짐,535219696,대구광역시 달서구 당산로 27 카동 304호(본리동),헬스,128.544175,35.8399819
드림짐,532525175,대구광역시 중구 남산로 61 4층(남산동),합기도,128.5821208,35.8620408
율하엘리트태권도,539612589,대구광역시 동구 안심로22길 40-5 2층 엘리트태권도(율하동),태권도,128.6948149,35.8634457
INFC축구클럽,,대구광역시 달성군 다사읍 서재로 56 2층 INFC축구클럽,축구(풋살),128.4957347,35.86866
플레이짐 PT 현풍점,536110617,대구광역시 달성군 현풍읍 테크노상업로 34 6층,헬스,128.4540514,35.6919691
비호태권도장,539643383,대구광역시 동구 안심로41길 43 2층(서호동),태권도,128.7084014,35.8699998
마리아운동발달연구소,,대구광역시 북구 중앙대로 542 3층 마리아운동발달연구소(칠성동2가),기타종목,128.5966353,35.881354
복싱마스터,23271277,대구광역시 북구 태전로 29 대원빌딩 2층 복싱마스터(태전동),복싱,128.5445259,35.9229959
지산최우수태권도,537678836,대구광역시 수성구 동대구로6길 70 2층 지산최우수태권도,태권도,128.6273956,35.8314626
꽃가람감각통합발달센터,290878293,"대구광역시 동구 율하동로 50 2층 201,202호(율하동)",기타종목,128.7014868,35.8638567
드림필라테스PT,,대구광역시 수성구 용학로 198 지산빌딩 5층(지산동),필라테스,128.6301437,35.8217214
윤주현우슈쿵푸아카데미,539525434,대구광역시 북구 동변로 104 3층(동변동),기타종목,128.6018494,35.9213018
이흔석탁구장,533235735,"대구광역시 북구 구암로21길 38 상가동 지하층(읍내동, 칠곡1차(공작)한양아파트)",탁구,128.5539746,35.935942
엘리트복싱클럽,536367005,대구광역시 달서구 상인서로 30-7 지하1층(상인동),복싱,128.5458711,35.8138593
디딤발달센터,,대구광역시 북구 칠곡중앙대로77길 28-1 1층 디딤발달센터(태전동),기타종목,128.545322,35.9314678
안샘탁구교실,,대구광역시 달서구 달구벌대로251길 27 안샘탁구교실(이곡동),탁구,128.504642,35.8545778
비슬승마체험장,536148765,대구광역시 달성군 옥포읍 비슬로468길 43 비슬승마체험장,승마,128.4765835,35.7887664
마루태권도,535531355,대구광역시 서구 통학로 196 1층 마루태권도(평리동),태권도,128.5631614,35.8776603
바이탈필라테스 수성점,537656665,대구광역시 수성구 동대구로 31 302호(두산동),필라테스,128.6228833,35.8331355
무성관 주짓수무에타이합기도,537618850,대구광역시 수성구 들안로 100 형님동태 2층 무성관(두산동),합기도,128.6170192,35.8388309
유케이짐,,대구광역시 달서구 달구벌대로309길 13 거송갈비찜 건물 지하1층 유케이짐(죽전동),헬스,128.5348697,35.8507013
대동탁구클럽,328173005,"인천광역시 연수구 먼우금로 197 두손이리옴2 프라자 302-2호, 302-4호(청학동)",탁구,126.6761863,37.4149978
효성아동청소년발달센터,25525440,인천광역시 계양구 아나지로247번길 11 202호 효성아동청소년발달센터(효성동),기타종목,126.7192121,37.5266168
가온체육관,324337077,인천광역시 남동구 앵고개로847번길 64 402호 가온특공무술(논현동),합기도,126.7249452,37.3987467
필라랩 연수,,인천광역시 연수구 용담로85번길 31 3층 301-2호(청학동),필라테스,126.6761319,37.4179364
필더홈필라테스,,인천광역시 서구 크리스탈로102번길 22 919호(청라동),필라테스,126.6392103,37.5338831
보니필라테스,,인천광역시 서구 이음5로 24 502호 보니필라테스(원당동),필라테스,126.7104329,37.5937629
인천승마장,324632752,인천광역시 남동구 무네미로 219 인천승마장(장수동),승마,126.7476278,37.457975
커브스삼산월드클럽,322083331,인천광역시 부평구 체육관로 30 401호 커브스 삼산월드클럽(삼산동),헬스,126.7348128,37.5083227
피플운동센터 재활PT 송도타임스페이스점,27100461,인천광역시 연수구 하모니로 158 B동 904호(송도동),헬스,126.6422608,37.3832893
금곡 태권도,325620022,인천광역시 서구 완정로228번길 9 401호 금곡 태권도(금곡동),태권도,126.6513368,37.6046396
가온태권도줄넘기클럽,328727942,인천광역시 미추홀구 주승로 22 정진프라자 1층 101-3호(학익동),태권도,126.6728363,37.4436431
미래아동청소년발달센터,324376677,인천광역시 남동구 남동대로 893 3층 미래아동청소년발달센터(간석동),기타종목,126.7080145,37.462083
미래아동청소년발달센터 간석점,324281020,인천광역시 남동구 남동대로 889-1 9층 미래아동청소년발달센터(간석동),기타종목,126.7080077,37.4619006
피지오플레이스 피플운동센터,325110418,"인천광역시 부평구 충선로203번길 50 403,404호(삼산동)",헬스,126.7335513,37.5076624
인천승마공원,24690006,인천광역시 남동구 만의골로 225 25-1.인천승마공원(장수동),승마,126.7723782,37.462574
가정백호 태권도장 루원시티지점,325747179,"인천광역시 서구 봉오재3로 11 루원제일풍경채 단지상가 205-207(가정동, 루원제일풍경채)",태권도,126.6669985,37.5313429
꿈나무 태권도장,325752474,인천광역시 서구 장고개로287번길 6-1 2층 꿈나무태권도(가좌동),태권도,126.6834064,37.4897902
기구필라테스연,,인천광역시 연수구 학나래로118번길 29 2층 기구필라테스연(선학동),필라테스,126.6984364,37.4270326
기드온태권스쿨,24241926,"인천광역시 부평구 열우물로 90 더샵 i상가 303호(십정동, 더샵부평센트럴시티)",태권도,126.6979628,37.4770644
인천서구시설관리공단 청라복합문화센터,325801196,인천광역시 서구 청라대로 26 2층 운영사무실(청라동),수영,126.6339367,37.5245193
경희석사백호태권도,325560702,인천광역시 계양구 도두리로 58 동남상가3층 경희석사백호태권도(작전동),태권도,126.740804,37.5335139
풍림휘트니스,325656634,"인천광역시 서구 원당대로840번길 21 824동뒷편출입구 풍림휘트니스(당하동, 풍림아이원아파트)",헬스,126.6967911,37.5912517
김원겸당산관절건강운동원,325156655,인천광역시 계양구 동양로 103 3층(동양동),태권도,126.7564953,37.5590223
김윤서심리운동발달센터,327158361,인천광역시 미추홀구 숙골로95번길 13 5층(도화동),기타종목,126.6611769,37.4702407
김윤서심리운동발달센터서구점,327158361,인천광역시 서구 고산후로95번안길 11 5층 김윤서센터 서구점(당하동),태권도,126.6982168,37.5928039
펀펀테니스,7088437655,인천광역시 서구 두밀로 136 펀펀테니스(대곡동),테니스,126.6681034,37.6334989
펀앤펀스포츠아카데미,24376767,인천광역시 남동구 앵고개로847번길 64 501호(논현동),태권도,126.7249452,37.3987467
미추홀복싱클럽,328841312,인천광역시 미추홀구 낙섬서로 59 4층 미추홀복싱클럽(용현동),복싱,126.6366899,37.4545979
김희형탁구클럽,25629397,인천광역시 서구 원당대로 852 7층 김희형탁구클럽(당하동),탁구,126.6960188,37.5933647
모모아동발달센터,328119872,인천광역시 연수구 앵고개로264번길 10-11 3층 모모아동발달센터(동춘동),기타종목,126.6718754,37.4074823
꿈나무태권도,325752474,인천광역시 서구 장고개로287번길 6-1 2층 꿈나무태권도(가좌동),태권도,126.6834064,37.4897902
꿈비아동발달센터,25622280,인천광역시 서구 고산후로121번길 15 4층 403호(원당동),기타종목,126.6974892,37.594549
꿈비아동발달센터,25171734,인천시 미추홀구 송림로247 우주프라자 4층,기타종목,126.6603213,37.4751747
발란스무브먼트,243272354,인천광역시 서구 청라한내로72번길 7-29 B동 301호(청라동),기타종목,126.6312145,37.532539
Jun태권스쿨,24393869,인천광역시 미추홀구 주승로 183 2층(관교동),태권도,126.6908963,37.4455375
인천서구시설관리공단 불로문화체육센터,325801111,인천광역시 서구 검단로768번1길 3 (불로동) 불로문화체육센터,수영,126.6858407,37.6130005
파워점핑줄넘기운남점,,"인천광역시 중구 흰바위로 228 비전프라자 610호,611호(운남동)",줄넘기,126.501354,37.4801142
인천샤론무용학원,328169936,인천광역시 연수구 샘말로8번길 7-10 2층 인천샤론무용학원(연수동),무용(발레 등),126.6785418,37.4120251
인천반다비체육센터,27134610,인천광역시 서구 봉수대로 806 인천반(연희동),수영,126.6666172,37.5476153
인하코리아 태권도장,327512494,"인천광역시 중구 흰바위로 41 703,4호(운서동)",태권도,126.4894823,37.492743
인하아시아태권도장,328833999,인천광역시 미추홀구 수봉로 29 3층(숭의동),태권도,126.6566561,37.4634387
용인대최강태권도장,325786006,"인천광역시 서구 염곡로 172 경남아너스빌 상가동 202호(석남동, 경남아너스빌아파트)",태권도,126.6688681,37.4999896
화전엘리트태권도장,325513996,인천광역시 계양구 효서로 300 305호(작전동),태권도,126.7296073,37.5278344
강민혜운동발달전문센터,7043044322,인천광역시 남동구 논고개로123번길 17 아이플렉스 605-1호(논현동),기타종목,126.7230659,37.4016809
팀토마주짓수,,인천광역시 부평구 부평북로 408 2층(삼산동),주짓수,126.7389564,37.5223076
인천미추홀구국민체육센터,322252073,인천광역시 미추홀구 경인로42번길 57 1층(숭의동),헬스,126.6495438,37.4620281
sogym,329342124,인천광역시 강화군 강화읍 강화대로 199 2층sogym,헬스,126.5073692,37.7393424
나우핏 휘트니스,325693988,인천광역시 서구 심곡로 60 2층 나우핏 휘트니스(심곡동),헬스,126.676372,37.5419412
나의 하루 필라테스,,인천광역시 서구 청라에메랄드로 99 219호(청라동),필라테스,126.6557308,37.5336073
남동 풋볼 아카데미,284833681,인천광역시 남동구 경인로 598 3층 남동풋볼아카데미(간석동),축구(풋살),126.7044141,37.4644988
남동구도시관리공단,324600620,인천광역시 남동구 논현고잔로 173 남동수영장(고잔동),수영,126.7143828,37.3986439
바디홀릭필라테스 작전역점,325499682,인천광역시 계양구 계양대로 61 7층 바디홀릭필라테스 작전역점(작전동),필라테스,126.7221382,37.5292906
티오피농구교실,328321059,인천광역시 연수구 새말로 27 동남스포피아 3층 TOP농구교실(연수동),농구,126.6748861,37.423057
인천댄스스포츠 학원,324257575,인천광역시 미추홀구 경원대로 851 4층  인천댄스스포츠 학원(주안동),댄스(줌바 등),126.6891317,37.4586927
인천대월드태권도,324653663,인천광역시 남동구 장자로 1 3층(장수동),태권도,126.7498886,37.4505512
인천대도화태권도체육관,328767300,인천광역시 미추홀구 경인로252번길 12 2층(도화동),태권도,126.6694473,37.4628071
인천남동승마클럽,328199500,인천광역시 남동구 오봉로10번길 22-37(도림동) 남동승마클럽,승마,126.7289153,37.4135669
거인합기도총본관,325421575,인천광역시 계양구 작전시장로 17 KO빌딩 2층 거인체육관(작전동),합기도,126.724342,37.5328557
한체대기운쎈태권도장,325412530,인천광역시 계양구 효서로 347 럭키프라자 4층(작전동),태권도,126.7350209,37.5280793
강유유도관,327668901,인천광역시 미추홀구 매소홀로 466 지하1층(학익동),유도,126.6736523,37.439354
계양탁구클럽,,인천광역시 계양구 계양문화로 145 중앙아파트 상가 지하(용종동),탁구,126.7405942,37.5414632
ABC운동발달센터,327198191,"인천광역시 미추홀구 소성로 188 302호, ABC운동발달센터(학익동)",기타종목,126.6688339,37.4408621
톰소여아쿠아플레이수중코칭상담센터,324650610,인천광역시 남동구 백범로 252 bo1층(간석동),기타종목,126.7215255,37.4609941
테바 수중운동센터,325633927,"인천광역시 서구 중봉대로 610 7층 706, 707호 테바 수중운동센터(마루힐프라자)(청라동)",수영,126.6502766,37.5339038
강찬태권도장,25259793,인천광역시 부평구 충선로 8 대흥프라자 4층 강찬태권도장(부평동),태권도,126.7311272,37.4914841
강철용인대태권도장,325665688,인천광역시 서구 검단로 814-2 견우프라자3층(불로동),태권도,126.6895735,37.6165172
용인대타이곤태권도장,325557685,인천광역시 계양구 경명대로 1120 4층(계산동),태권도,126.7314976,37.5428875
태무태권도장 본관,25810874,"인천광역시 서구 서곶로 12 상가403호(가정동, 한신그랜드힐빌리지)",태권도,126.6831999,37.5209417
태무금강 태권도장,325513358,인천광역시 계양구 계양산로 174 태성빌딩 2층 태무금강 태권도장(임학동),태권도,126.7351878,37.5473324
농구스포츠클럽,325445968,인천광역시 계양구 효서로 17 101호 비스타농구교실(효성동),농구,126.6976727,37.5262749
태무강울 태권도장,,"인천광역시 부평구 부영로 165 우성상가 3층 306호(산곡동, 우성상가, 우성아파트)",태권도,126.7148831,37.5009455
강탁구클럽,,인천광역시 부평구 경인로1104번길 13-14 3층 강탁구클럽(일신동),탁구,126.7427682,37.4848748
화랑합기도 특공무술,324321415,인천광역시 남동구 석정로566번길 1 2층(간석동),합기도,126.6985454,37.4665186
경희대백호태권도장 논현지점,24429996,인천광역시 남동구 논고개로 118 8층(논현동),태권도,126.7245068,37.4017021
태권도하는아이들,328761333,인천광역시 미추홀구 염창로 92 현광상가2층 태권도하는아이들(주안동),태권도,126.6839697,37.4653105
탑라볼링센타,327738288,"인천광역시 중구 인중로 176 지하1층 탑라볼링센터 (사동, 나성빌딩)(사동)",볼링,126.6247638,37.4686987
탁구왕김탁구,328767123,인천광역시 미추홀구 석정로 488 3층 탁구왕 김탁구(주안동),탁구,126.6896357,37.4657355
탁구세상,265935670,인천광역시 남동구 용천로 134 2층 탁구세상(간석동),탁구,126.7148349,37.4615652
경희대태권도슐레,,인천광역시 부평구 영성중로 35 경희대태권도슐레 2.3층(삼산동),태권도,126.7448769,37.5194962
고려용호태권도,328769874,인천광역시 미추홀구 인하로257번길 8 3층(주안동),태권도,126.6769021,37.4486905
다모아 체형교정센터,7086569658,인천광역시 부평구 경원대로 1415 파라움 306호(부평동),필라테스,126.7263394,37.4915726
경희대한화태권도,324225505,인천광역시 남동구 소래역남로 20 보성메디프라자5층(논현동),태권도,126.734733,37.3981092
킹이찬무탁구클럽,328588979,인천광역시 연수구 한나루로 154 호성빌딩 4층  킹이찬무탁구클럽(옥련동),탁구,126.6548863,37.4233858
강화검도관,329341103,인천광역시 강화군 강화읍 갑룡길 69 강화검도관,검도,126.5004348,37.7431472
킥복싱무에타이에이치짐 경희대태권도장,7086997982,인천광역시 남동구 호구포로 217 401호(논현동),태권도,126.7094954,37.4024391
다지기 빅 케어 플러스,24372144,인천광역시 남동구 구월로 223 위너스 프라자 5층 504~506(구월동),축구(풋살),126.7157168,37.4564911
강화승룡체육관,329328085,인천광역시 강화군 강화읍 갑룡길 76-17 강화승룡체육관,태권도,126.5021411,37.7430766
익스트림 멀티짐,324640662,인천광역시 남동구 만수로 9 금문빌딩5층 익스트림 멀티짐(만수동),기타종목,126.7301698,37.4582354
한미태권도체육관,325670334,인천광역시 서구 검단로 790 동성아파트 상가2층 경희대한미태권도체육관(불로동),태권도,126.6871287,37.6151301
크로스핏바람,325451259,인천광역시 부평구 길주로 412-1 크로스핏 바람(산곡동),크로스핏,126.70793,37.5080276
대한합기도학무관,24229222,인천광역시 남동구 논고개로123번길 17 아이플 렉스604호(논현동),합기도,126.7230659,37.4016809
크는아이 발달지원센터만수점,241292760,인천광역시 남동구 장승로 32 태광빌딩 6층,기타종목,126.7362157,37.4452194
크는아이 발달지원센터,7082851455,인천광역시 부평구 동수천로 132 3-301호(부개동),헬스,126.7372781,37.4971185
큐비카볼링장,328180700,인천광역시 연수구 벚꽃로 106 4층 큐비카볼링장(청학동),볼링,126.6772411,37.4176418
큐브필라테스더인천만수,,인천광역시 남동구 만수로 80 5층(만수동),필라테스,126.7363172,37.4622847
호호필라테스,324672224,인천광역시 남동구 장승남로 62 6층 호호필라테스(만수동),필라테스,126.7390276,37.4432753
당하경희대태권도,325682700,인천광역시 서구 청마로 163 5층(당하동),태권도,126.6765956,37.5919924
큐당구클럽,,인천광역시 연수구 학나래로118번길 48 4층 큐당구클럽(선학동),당구,126.6979832,37.426301
우리익스트림태권도장,328343553,"인천광역시 연수구 한나루로105번길 68 201호(옥련동, 현대4차아파트)",태권도,126.650518,37.4256018
거인합기도총본관,325421575,인천광역시 계양구 작전시장로 17 KO빌딩 2층 거인합기도 총본관(작전동),합기도,126.724342,37.5328557
대성합기도태권스쿨경찰무도교육원,325298958,인천광역시 부평구 영성서로 15 3층(삼산동),합기도,126.742714,37.5197076
케이에이치킥복싱합기도체육관,325495090,인천광역시 계양구 경명대로 1054 3층(계산동),기타종목,126.7239099,37.5432283
청라IC당구클럽,325643949,"인천광역시 서구 중봉대로 588 1001,1002,1003호(청라동, 청라센트럴프라자)(청라동)",기타종목,126.6502646,37.5321086
라이프테스 필라테스,,"인천광역시 남동구 남동대로799번길 34 D동301호(구월동, 신영구월지웰시티푸르지오)",필라테스,126.7069357,37.4542045
이재훈탁구,282347113,인천광역시 계양구 계양문화로 25 4층 이재훈탁구(작전동),탁구,126.7360446,37.5330508
대한스포츠사회적협동조합 인천파크골프아카데미,324722281,인천광역시 남동구 담방서로17번길 37 6동 지층 비01호(만수동),기타종목,126.7359516,37.4460901
대한제2체육관,329339320,인천광역시 강화군 선원면 중앙로 248 2층 대한체육관 2관,태권도,126.4816711,37.7247126
한울광성태권도장,325417947,인천광역시 계양구 주부토로 522 근주상가2층 한울광성태권도장(계산동),태권도,126.7284698,37.5408026
용인대화랑합기도,325839425,인천광역시 서구 거북로 86 2층 합기도(석남동),합기도,126.6712436,37.50305
대한합기도 숭무관 연수1관,328180650,인천광역시 연수구 새말로 146 2층 201호 대한합기도 숭무관 연수1관(연수동),합기도,126.6847149,37.416594
대호태권도,325035288,인천광역시 부평구 항동로7번길 38 3층(부개동),태권도,126.7377325,37.4848381
한양대태권도,324336820,인천광역시 남동구 논현로46번길 14 2층 한양대태권도(논현동),태권도,126.710669,37.4018034
우리아이심리발달센터,25281477,인천광역시 부평구 부평문화로 28 2층(부평동),기타종목,126.7200492,37.4930478
더THE가온태권도장,7075763389,인천광역시 계양구 장제로809번길 5 태영빌딩 2층(계산동),태권도,126.7340394,37.5403231
더라인필라테스,21111111,인천광역시 부평구 길주로 633 6층604호(삼산동),필라테스,126.7328743,37.507306
더바른필라테스,,인천광역시 서구 염곡로 395 2층 더바른필라테스(신현동),필라테스,126.668786,37.5200053
계양탁구클럽,,인천광역시 계양구 계양문화로 145 중앙아파트상가지하1층(용종동),탁구,126.7405942,37.5414632
계양하나로탁구클럽,25560224,인천광역시 계양구 계양문화로59번길 1 유니온프라자 7층702호 하나로탁구,탁구,126.7362453,37.5360068
이소댄스,328112502,인천광역시 연수구 함박뫼로50번길 95 지층(연수동),댄스(줌바 등),126.6781453,37.4190725
필라테스숲,,인천광역시 강화군 강화읍 관청길 1 필라테스숲 301호,필라테스,126.4896193,37.7480755
피크포인트,,인천광역시 서구 청라커낼로 264 601호(청라동),탁구,126.6449716,37.5320782
검단라파언어심리센터 부설 플로어타임연구소,325657757,"인천광역시 서구 검단로459번길 3-2 4,5층(왕길동)",기타종목,126.6545529,37.6015465
검단복지회관,325614115,인천광역시 서구 완정로92번길 18 검단복지회관(마전동),수영,126.6663826,37.6003914
대동탁구클럽,28173005,"인천광역시 연수구 먼우금로 197 302-2호, 302-4호(청학동)",탁구,126.6761863,37.4149978
용인대호랑이태권도,324424040,인천광역시 미추홀구 매소홀로546번길 7-5 3층(문학동),태권도,126.682826,37.4382021
검단신도시 아라해동검도,325555559,인천광역시 서구 이음5로 62 801호(원당동),검도,126.7148626,37.5945211
체력단련스포츠센타,,인천광역시 계양구 계산새로 107 지하1층(용종동),헬스,126.7400839,37.5380319
M댄스로빅,,인천광역시 부평구 경원대로 1266 4층 m댄스(부평동),댄스(줌바 등),126.7101662,37.4894356
한국태권도,325425252,"인천광역시 계양구 양지말2길 15 3층(동양동, 성안프라자)",태권도,126.7559001,37.5626898
체대정도합기도장,324631126,인천광역시 남동구 만수로19번길 3 동성빌딩3층 체대정도합기도장(만수동),합기도,126.7308582,37.4589008
청운체육관,325269649,인천광역시 부평구 길주남로 40-1 2층 청운체육관(부평동),태권도,126.726091,37.504468
도화RU유도GYM,,"인천광역시 미추홀구 숙골로 124 4층 (도화동, 와이지타워)(도화동)",유도,126.6613211,37.47287
도화검도관,328748588,인천광역시 미추홀구 숙골로 94 301호(도화동),검도,126.6633194,37.4706364
청라정석태권도,,인천광역시 서구 청라커낼로260번길 11 4층 정석태권도(청라동),태권도,126.6457125,37.532087
청라스카이스위밍키즈,325665838,인천광역시 서구 청라한내로 90 MK뷰 8층 스카이스위밍수영장(청라동),수영,126.6279292,37.5333719
21세기체대태권스쿨,328628557,인천광역시 미추홀구 한나루로501번길 26 3층  21세기체대태권스쿨(용현동),태권도,126.6658947,37.4522339
동구한마음종합복지관,27249501,인천광역시 동구 만석로 53 동구한마음종합복지관(만석동),기타종목,126.6251859,37.4817263
동남태권도장,328166404,"인천광역시 연수구 먼우금로 19 상가동306호 동남태권도장(동춘동, 동남아파트)",태권도,126.6681581,37.4012713
대동검도관,,인천광역시 부평구 주부토로 223 603호 대동검도관(갈산동),검도,126.7258377,37.5151542
용인대태권나라,324355558,"인천광역시 미추홀구 석산로 42 두산상가2층 용인대 태권나라(주안동, 두산주상복합아파트)",태권도,126.6967057,37.461341
천인MMA특공무술,325770235,인천광역시 서구 염곡로 321 201호 천인MMA특공무술(석남동),기타종목,126.6684513,37.513363
대동탁구클럽,328173005,인천광역시 연수구 먼우금로 197 제3층 제302-2호(청학동),탁구,126.6761863,37.4149978
동부비룡체육관,325049116,인천광역시 부평구 후정동로 35 삼산빌딩4층(삼산동),태권도,126.7378835,37.5207082
챰댄스아카데미,7088065770,인천광역시 부평구 평천로 396 5층 503호(삼산동),댄스(줌바 등),126.7342683,37.5172316
창현탁구교실,325517978,인천광역시 계양구 경명대로 1065 3층 창현탁구교실(계산동),탁구,126.7253852,37.5436901
태무정무 태권도장,25513818,인천광역시 계양구 주부토로 461 2층 정무태권도장(작전동),태권도,126.7277495,37.5353702
동양번개태권도,25531005,인천광역시 계양구 당미1길 20 201호(동양동),태권도,126.7581446,37.5594236
으랏차태권도장,,"인천광역시 미추홀구 주승로 253 상가동 2층 201, 202, 204, 205호(관교동, 동부아파트)(관교동, 동부아파트)",태권도,126.6961913,37.4415313
1ON1 뉴힐링라이프 재활운동센터 미추홀점,28871216,인천광역시 미추홀구 인주대로132번길 12 5층(용현동),필라테스,126.6516548,37.4558404
한양대다온태권도장,,인천광역시 남동구 호구포로 914 4층 한양대 다온태권도장(간석동),태권도,126.7209786,37.4638585
행복한태권도장,,인천광역시 계양구 경명대로1045번길 15 2층 행복한 태권도장(계산동),태권도,126.72284,37.5450211
고려강호태권도,325449736,인천광역시 계양구 길마로 59 2층(효성동),태권도,126.7121711,37.5339612
바디홀릭필라테스만수역점,324659682,인천광역시 남동구 백범로 123 상지프라자 4층 바디홀릭필라테스만수역점(만수동),필라테스,126.733158,37.4546261
바시필라테스 인천연수점,,인천광역시 연수구 벚꽃로 96 성민프라자 6층(청학동),필라테스,126.6766257,37.4181059
에이플러스 당구클럽,,인천광역시 서구 검단로 463 현대프라자 5층 에이플러스당구클럽(왕길동),기타종목,126.655762,37.6016332
지젤락 볼링장,326234321,인천광역시 서구 청라에메랄드로 99 3층 303호(청라동),볼링,126.6557308,37.5336073
드림스포츠아카데미,,인천광역시 서구 청라에메랄드로102번길 8-22 5층 드림스포츠아카데미(청라동),롤러인라인,126.6589366,37.5334033
드림아동발달센터,27667811,인천광역시 동구 샛골로 120 천광빌딩 4층(송림동),기타종목,126.6442425,37.4729907
머슬라운지,,"인천광역시 계양구 장제로 714 세종팰리스 6층, 7층 머슬라운지(작전동)",헬스,126.734236,37.531365
마인드바디필라테스요가,324336521,인천광역시 남동구 인하로511번길 18 4층(구월동),필라테스,126.7036353,37.4440098
중앙태권도장,325827240,인천광역시 서구 새오개로 21 3층 중앙태권도장(석남동),태권도,126.6650599,37.5120508
강탁구클럽,,인천광역시 부평구 경인로1104번길 13-14 3층 강탁구클럽(일신동),탁구,126.7427682,37.4848748
경희대 대호태권도장,325119169,인천광역시 부평구 부흥로144번길 48 3층(산곡동),태권도,126.7072717,37.496285
중산태권도장,,인천광역시 중구 오작로 6-6 1층 중산태권도장(중산동),태권도,126.5645554,37.495164
드림점핑,7086911783,인천광역시 서구 검단로 474 304호 드림점핑(왕길동),기타종목,126.6570894,37.6016277
연세경인 태권도,291345695,인천광역시 미추홀구 남주길 155 2층(주안동),태권도,126.677996,37.4539097
준호특공무술,,인천광역시 계양구 주부토로514번길 4 3층(계산동),기타종목,126.7286398,37.5399313
인천서구시설관리공단 검단복지회관,325614115,인천광역시 서구 완정로92번길 18 운영사무실(마전동),수영,126.6663827,37.6003915
주청라라파언어심리센터,325677756,"인천광역시 서구 청라에메랄드로102번길 10 3층 305,306,308,309호(청라동)",기타종목,126.6574605,37.5339273
주유비디스포츠플로우,325556182,인천광역시 계양구 장기로 2 반석빌딩 4층(장기동),종합체육시설,126.7362733,37.5767572
한국체대 백호 태권도,,인천광역시 남동구 논고개로 118 8층 한국체대 백호태권도(논현동),태권도,126.7245068,37.4017021
경희대 석사 태권나라,,인천광역시 부평구 안남로 274 2층 태권나라(청천동),태권도,126.7092679,37.5073353
경희대 석사 태권도,322074556,인천광역시 미추홀구 매소홀로 555 2층(문학동),태권도,126.6839779,37.4387451
주옹이진이스포츠진흥원,327511199,인천광역시 옹진군 북도면 장봉로530번길 34 (주)옹이진이스포츠진흥원,기타종목,126.3391735,37.5339369
주안스포츠문화센터,24212880,인천광역시 미추홀구 미추홀대로614번길 13-22 주안스포츠문화센터(주안동),헬스,126.6809939,37.4525017
고려대호태권도,,인천광역시 서구 고산후로95번길 10 4층 고려대호태권도(당하동),태권도,126.6981032,37.5925594
루시필라테스,25656723,"인천광역시 서구 청라커낼로 163 정문상가 2층 루시필라테스 청라점(청라동, 청라29블럭호반베르디움)",필라테스,126.6389193,37.5282657
아이놀터,325691171,"인천광역시 서구 원당대로 876 6층 603,4호 아이놀터(당하동, 희림타워)",배드민턴,126.6988087,37.5931699
주식회사나우리나우리아동발달센터,325222700,인천광역시 부평구 경원대로 1286 5층 501호 나우리아동발달센터(부평동),기타종목,126.7118696,37.490419
라이온 합기도 검무관,325120308,인천광역시 부평구 부흥로243번길 10 2층 라이온 합기도 검무관(부평동),합기도,126.719104,37.4993146
라이온경찰합기도,25152449,인천광역시 부평구 경인로 871-1 5층(부평동),합기도,126.7172358,37.4851464
라이트무브,324335877,인천광역시 남동구 소래역남로 22 201호 라이트무브(논현동),헬스,126.7343391,37.3983704
경희대금성태권도,25160951,인천광역시 부평구 주부토로 182 4층 경희대금성태권도(갈산동),태권도,126.7263215,37.5113078
주식회사 올댓스윔,325631105,인천광역시 서구 완정로34번길 57-21 2층 올댓스윔(마전동),수영,126.6750953,37.5981351
유신태권스쿨,324670710,인천광역시 남동구 담방로 29 1042번지 4층(만수동),태권도,126.7385182,37.4422544
유신태권도장,328670796,인천광역시 미추홀구 경인로142번길 53 2F(숭의동),태권도,126.6578545,37.4638903
TJ탁구클럽,,인천광역시 남동구 담방로21번길 55 B03호(만수동),탁구,126.7355746,37.44133
용인대도림태권도,324336111,인천광역시 남동구 도림로11번길 13 1층 용인대도림태권도장(도림동),태권도,126.729808,37.4199428
주식회사 아이봄센터,25172941,인천광역시 부평구 마장로242번길 19 203호(산곡동),기타종목,126.7037874,37.4997388
고려보아스 특수체육센터,25650690,인천광역시 서구 중봉대로586번길 15 8층 802호(청라동),종합체육시설,126.6513887,37.5321211
랩스휘트니스 계산,325552584,인천광역시 계양구 경명대로 1048 지하 1층(계산동),헬스,126.7232838,37.543162
주식회사 김경혜심리발달클리닉,25723434,인천광역시 서구 원적로 120 인성프라자 502. 403호(가좌동),기타종목,126.6845076,37.496481
병방합기도,325474357,인천광역시 계양구 장제로 922 대(병방동),합기도,126.7417608,37.5485603
고려용호 태권도,328769874,인천광역시 미추홀구 인하로257번길 8 3층 고려용호태권도(주안동),태권도,126.6769021,37.4486905
런앤점프,328887179,인천광역시 미추홀구 토금남로 6 초이스빌딩 3층 런앤점프(용현동),합기도,126.6332424,37.4528182
주빅곰이앤에프,276313694,인천광역시 남동구 구월로 305 우리빌딩 6층(만수동),축구(풋살),126.7247148,37.4558364
유노점프,325116441,"인천광역시 부평구 충선로209번길 13 5층 504,505호 유노점프(삼산동)",줄넘기,126.7356107,37.5078834
와이유 필라테스,325650177,인천광역시 서구 봉오재3로 90 701호(가정동),필라테스,126.6697544,37.527215
주강태권도장,328670226,인천광역시 미추홀구 석정로375번길 17 3층(주안동),태권도,126.677298,37.4680858
골프인삼산 주식회사,325024554,인천광역시 부평구 길주로 623 2층(삼산동),골프,126.7320632,37.5083726
경희대도담태권도,328120202,인천광역시 연수구 새말로 146 홈플러스상가 4층 경희대 도담태권도(연수동),태권도,126.6847149,37.416594
N요가앤필라테스,325033800,인천광역시 부평구 부개로 61-6 603호 엔요가앤필라테스(부개동),요가,126.7396102,37.5032882
경희대라이언태권도장,325222151,"인천광역시 부평구 동수로120번길 11 3층 경희대라이언태권도장(부개동, 한국아파트)",태권도,126.7318583,37.4838849
한국체대비전태권도장,,인천광역시 서구 완정로 36 4층(마전동),태권도,126.6702576,37.595933
루하라심리상담센터,239493996,인천광역시 계양구 계산새로 71 c동412호(계산동),기타종목,126.736062,37.5386558
한국체대 에이스 태권도장,325133560,인천광역시 부평구 장제로126번길 9 2층(부평동),태권도,126.7309406,37.4968476
룰루 휘트니스,324660203,인천광역시 남동구 서창남로 35 해피프라자 3층(서창동),헬스,126.7506007,37.4228451
민용기태권스쿨,293788858,인천광역시 미추홀구 신기길16번길 6-6 신기메디칼센타201호(주안동),태권도,126.6763832,37.447646
고려튼튼태권스쿨,325757063,인천광역시 서구 장고개로337번길 7 모건베스트원 502호 503호(가좌동),태권도,126.6860858,37.4927844
한양대우리태권도,325640123,인천광역시 서구 완정로178번길 37 2층(마전동),태권도,126.6592143,37.6048749
조이점핑다이어트,,인천광역시 서구 청마로51번안길 8 2층(당하동),기타종목,126.6724456,37.5908483
PAR골프아카데미,325251555,인천광역시 부평구 마장로272번길 54 B2 PAR골프아카데미(산곡동),골프,126.7061954,37.5021278
조은운동,,인천광역시 남동구 논고개로123번길 35 516호 조은운동(논현동),헬스,126.7220901,37.4015154
해동검도 서창도장,324710905,인천광역시 남동구 서창남로 16-30 오케이빌딩 3층 301호 해동검도 서창도장(서창동),검도,126.7524306,37.4222623
리본휘트니스,325655122,인천광역시 서구 완정로 54 2층 리본휘트니스(마전동),헬스,126.6687216,37.5967823
조윤서탁구클럽,294595327,인천광역시 남동구 호구포로 915 지하1층 1호,탁구,126.7204306,37.4642125
아리아 필라테스,325650177,인천광역시 서구 봉오재3로 90 한일골드타워 7층 701호(가정동),필라테스,126.6697544,37.527215
리앤리 클래식 필라테스 자이로토닉,,인천광역시 서구 이음대로 378 로뎀타워 10층 리앤리 클래식 필라테스 자이로토닉(원당동),필라테스,126.7125995,37.5939028
해맑은태권도장,327102337,인천광역시 서구 장고개로 281 3층 해맑은태권도장(가좌동),태권도,126.6830453,37.4890348
제이폭스멀티짐 효성점,25558716,인천광역시 계양구 효서로 182 풍림아파트 상가동 302호(효성동),복싱,126.7158136,37.5277801
제이태권도,7041369008,인천광역시 남동구 앵고개로847번길 50 토브타워 5층 502호(논현동),태권도,126.7255272,37.3983441
제이탁구아카데미,,인천광역시 서구 승학로 482 네오프라자 3층 제이탁구아카데미(검암동),탁구,126.6736725,37.5646823
제이쿠아,226903945,인천광역시 계양구 계양산로 63 스포토피아 지하2층수영장(계산동),수영,126.7228094,37.5484997
베스트탁구장,264063688,"인천광역시 동구 인중로 614 상가2층 베스트탁구장(송현동, 송현동 누리아파트)",탁구,126.6400534,37.4810013
용인대은가비태권도장,,인천광역시 서구 승학로434번길 1 3층(검암동),태권도,126.6734536,37.5605596
부개팀타이거복싱짐,325051282,인천광역시 부평구 부흥로 394 4층(부개동),복싱,126.735531,37.4974492
부개검도관,325166251,인천광역시 부평구 길주남로 158 부개프라자 5층 501호(부개동),검도,126.7394035,37.5035857
제이짐,327725544,인천광역시 동구 송현로 1 6층(송현동),헬스,126.6333302,37.4770534
제이제이스포츠,,인천광역시 강화군 송해면 대월로 287 제이제이스포츠,배드민턴,126.4829042,37.762147
가좌스카이탁구장,,인천광역시 서구 원적로96번길 16 3층  가좌스카이탁구장(가좌동),탁구,126.6838248,37.4940055
용인대아이짐태권도,324693286,인천광역시 남동구 용천로115번길 4 2층(구월동),태권도,126.714487,37.4599433
용인대아이러브태권도장,325711114,인천광역시 서구 새오개로111번안길 6 명성프라자 2층(신현동),태권도,126.6643878,37.5218688
용인대신동아태권도,325250907,"인천광역시 부평구 아트센터로 118 동암신동아아파트 가동상가 4층 405호 용인대신동아태권도(십정동, 동암신동아아파트)",태권도,126.7042381,37.4772425
경희대석사 백두산태권도,24351009,인천광역시 남동구 구월로72번길 19-1 극동 APT 후문상가 4층(간석동),태권도,126.69831,37.4560521
부평구다목적실내체육관,322629283,인천광역시 부평구 부평대로296번길 37 (갈산동),배드민턴,126.7240432,37.5185843
부평멘토태권도장,,"인천광역시 부평구 산청로 97 그랑힐스 상가 8동 835~840호 부평멘토태권도(청천동, e편한세상부평그랑힐스)",태권도,126.7004808,37.5171265
부평요가원,325173600,인천광역시 부평구 경원대로 1286 302호(부평동),요가,126.7118696,37.490419
부평한양대기운쎈태권도장,325088413,인천광역시 부평구 부평대로167번길 42 동아타운201호(청천동),태권도,126.718346,37.5063731
큐브필라테스 더 인천검단,,"인천광역시 서구 이음5로 72 6층 603호(원당동, 국제프라자 1차)(원당동)",필라테스,126.7157344,37.5949647
용인대석사계산체육도장,325414990,인천광역시 계양구 계양대로163번길 14-1 2층(계산동),태권도,126.7208073,37.5387284
용인대석사 태권도장,324351141,인천광역시 남동구 석산로141번길 1 대성프라자 401호(간석동),태권도,126.7074496,37.4605745
경희대석사 액티브 태권도,325786324,인천광역시 서구 거북로 74-1 3층 경희대 액티브 태권도(석남동),태권도,126.6700364,37.5030978
kb금연당구클럽,,인천광역시 남동구 장승남로 65 5층502호 kb금연당구클럽(만수동),당구,126.739488,37.4436113
한국체대 국가대표태권도장,24427589,인천광역시 미추홀구 주안로194번길 14 대웅프라자4층 한국체대 국가대표태권도장(주안동),태권도,126.6912609,37.4627549
브라질리언 주짓수 Team Carvalho 한국본부,,인천광역시 미추홀구 숙골로 120 302호,주짓수,126.6615651,37.4726063
1ON1 뉴힐링라이프재활운동센터 연수점(송도점),327139454,인천광역시 연수구 앵고개로 260 5층 501호(동춘동),종합체육시설,126.6723036,37.4076689
용인대비룡태권도장,325488753,인천광역시 계양구 병방로 13 5층(병방동),태권도,126.7422391,37.5468655
용인대런주짓수,322667585,인천광역시 부평구 부흥로 393 금당빌딩 4층 용인대런주짓수(부개동),주짓수,126.7355329,37.4980854
브레인복싱,324649090,인천광역시 남동구 구월로 366-1 신원빌딩5층 브레인복싱(만수동),복싱,126.7314697,37.4547922
1ON1 뉴힐링라이프재활운동센터인천(부평점),322070101,인천광역시 부평구 마장로 1 부영빌딩 2층,기타종목,126.7103187,37.4790337
복싱is심플 연수점,,인천광역시 연수구 먼우금로 190 3층 305호(연수동),복싱,126.6767294,37.4140587
블라코짐,,인천광역시 남동구 만수로 95 3층(만수동),기타종목,126.7369559,37.4636394
공감더하기심리발달센터,324337515,인천광역시 남동구 백범로 322 진메디칼센터 5층(간석동),기타종목,126.7145821,37.464163
하나남인천태권도,27629088,인천광역시 미추홀구 숙골로 114 4층 하나태권도(도화동),태권도,126.6620373,37.4721127
오석탁구클럽,232621900,인천광역시 서구 탁옥로97번길 16-3 동도빌딩2층,탁구,126.6814497,37.5444509
연세경인체육관,328725695,"인천광역시 미추홀구 경인로326번길 64 1층,2층(주안동)",태권도,126.6755874,37.4557989
블루마린어린이수영장 인천 논현점,324357977,인천광역시 남동구 소래역남로16번길 75 에코더타워 3차 B1 블루마린수영장(논현동),수영,126.7333131,37.400108
인천시체육회,328877431,인천광역시 중구 샛골로41번길 22 도원수영장(도원동),수영,126.6393165,37.4660378
블루원골프아카데미,325622225,"인천광역시 서구 청라한내로 96 1103,1104,1105호(청라동 하엘에스페이스)(청라동)",골프,126.627887,37.533852
제이알피트니스 검암점,322309688,인천광역시 서구 검암로30번길 20 2층3층(검암동),종합체육시설,126.6825587,37.5668727
제이볼,328118110,"인천광역시 연수구 새말로 21 동남스포피아2층(연수동, 동남아파트)",볼링,126.6749075,37.4240965
블링미필라테스 삼산점,,"인천광역시 부평구 체육관로 18 대경프라자 4층 401,402호(삼산동)",필라테스,126.7336369,37.5083814
비룡 합기도 검도 체육관,322018880,인천광역시 남동구 경인로644번길 82 3층 비룡 합기도 검도 체육관(간석동),합기도,126.7122594,37.4655829
어울림탁구클럽,328661106,인천광역시 미추홀구 학익소로 19 지하1층(학익동),탁구,126.6689896,37.4454886
비상 골프 아카데미,328720104,인천광역시 미추홀구 매소홀로 372 일진빌딩 2층 비상골프아카데미(학익동),골프,126.6632395,37.4402163
제스트기구필라테스,27217799,인천광역시 동구 송현로 33 황금프라자501호(송현동),필라테스,126.6356406,37.4791428
월드탁구장,324228080,인천광역시 남동구 호구포로 915 지하1층(간석동),탁구,126.7204306,37.4642125
비케이 필라테스 만수역점 바디홀릭,324659682,인천광역시 남동구 백범로 123 4층 바디홀릭필라테스(만수동),필라테스,126.733158,37.4546261
비케이 필라테스 작전역점 바디홀릭,325499682,인천광역시 계양구 계양대로 61 7층 바디홀릭필라테스 작전역점(작전동),필라테스,126.7221382,37.5292906
한국스피닝협회주,,인천광역시 계양구 장제로 876 서해상가4층(병방동),헬스,126.739056,37.5449447
비투볼링장,324293910,인천광역시 남동구 석산로 171 지하2층(간석동),볼링,126.7110995,37.4608371
용인대SM복싱크로스핏짐 만수3지구점,324652705,인천광역시 남동구 장승남로 36 201~203호(만수동),복싱,126.7362018,37.4431662
빅마스터체육관,324377864,인천광역시 남동구 인주대로 508 3층(구월동),합기도,126.6931956,37.4502612
빅스당구장,,인천광역시 부평구 평천로 392 4층 빅스당구클럽(삼산동),당구,126.7337309,37.5172593
바른숨필라테스,,인천광역시 서구 가정로 451 벨라미루원센텀(가정동),필라테스,126.6729765,37.5255371
용인대명문태권도,324621535,인천광역시 남동구 구월말로 16 2층(구월동),태권도,126.7246357,37.4503236
용인대라온태권도장,325515807,인천광역시 계양구 봉오대로743번길 29 삼보아파트 상가 4층 용인대라온태권도(작전동),태권도,126.7326243,37.5330715
정필라테스,,인천광역시 남동구 서창남순환로215번길 48 스카이플러스2 301호 정필라테스(서창동),필라테스,126.7476057,37.4261816
용인대경성태권도장,325010937,인천광역시 부평구 원길로 34 3층 용인대경성태권도장(청천동),태권도,126.7149218,37.5066121
용인대sm복싱클럽도화점,328667920,인천광역시 미추홀구 석정로 303 2층복싱체육관(도화동),복싱,126.6692748,37.4681569
용인대S태권도장,324336111,인천광역시 남동구 도림로11번길 13 (도림동),태권도,126.729808,37.4199428
마스터볼링장,324653336,인천광역시 남동구 서창남순환로215번길 17 마스타프라자 5층 마스터볼링장(서창동),볼링,126.7475898,37.4247276
SBPT,24237636,인천광역시 남동구 예술로 206 A동 8층 SBPT(구월동),헬스,126.7017969,37.4524237
한국체대정무태권도장,,"인천광역시 부평구 산청로 97 단지내상가  7동726호~731호(청천동, e편한세상부평그랑힐스)",태권도,126.7004808,37.5171265
흥도야놀자체험학습장,28809774,인천광역시 옹진군 영흥면 내동로 29 1층 흥도야놀자체험학습장,기타종목,126.4841803,37.2617744
웨이워즈짐,324661635,인천광역시 남동구 선수촌공원로23번길 6-29 8층(구월동),헬스,126.7094029,37.4425513
사랑아동발달방과후활동센터,322033245,인천광역시 계양구 용마루3길 3 1층 사랑아동발달방과후활동센터(용종동),기타종목,126.7432508,37.5428403
사랑이가득한아동발달센터,324339272,인천광역시 부평구 열우물로 164 열우물경기장 내 209호 210호,기타종목,126.6915931,37.4801052
용마태권도,,인천광역시 부평구 세월천로 34 대우프라자 310호(청천동),태권도,126.7056506,37.5132007
정석태귄도장,325681516,인천광역시 서구 서곶로255번길 14-15 3층  정석태권도장(심곡동),태권도,126.6749946,37.5414718
lockon bowling senter,325671880,인천광역시 서구 승학로271번길 15 325-23(심곡동),볼링,126.6717261,37.5462862
정문태권도,328764267,인천광역시 미추홀구 매소홀로418번길 17 하나프라자3층304호(학익동),태권도,126.6684098,37.4390583
정무태권도장,325814443,인천광역시 서구 가정로 347 1층 정무태권도장(신현동),태권도,126.6725561,37.5158516
에스디수영장,322050407,인천광역시 중구 하늘중앙로195번길 21 에스디메디컬 5층(중산동),수영,126.5618283,37.4894563
바디에이프pt,,인천광역시 남동구 백범로 380 2층 바디에이프(간석동),헬스,126.7091343,37.466877
히어로짐부개점,23611535,인천광역시 부평구 부개로 14 정문상가 지하1층(부개동),헬스,126.7398017,37.4988352
산곡철마태권도장,325180354,인천광역시 부평구 원적로 296 천마빌딩3층 산곡철마태권도장(산곡동),태권도,126.699167,37.5044147
고유 필라테스자이로토닉,25643380,인천광역시 서구 옥빛로7번안길 9 1층 고유 필라테스(청라동),필라테스,126.6316008,37.5257836
라이온합기도,325120308,인천광역시 부평구 부흥로243번길 10 2층 합기도 체육관(부평동),합기도,126.719104,37.4993146
연수 백호태권도,328120043,"인천광역시 연수구 새말로 6 상가동 203호(연수동, 효정아파트)",태권도,126.6718809,37.424324
블랙벨트센터 해광태권도,325469124,인천광역시 계양구 계산로 40 우성빌딩2층 블랙벨트센터 해광도장(계산동),태권도,126.7183683,37.5401067
왕호태권도,325071541,인천광역시 부평구 경원대로 1286 402호 왕호태권도(부평동),태권도,126.7118696,37.490419
와탁구클럽,,인천광역시 남동구 백범로 311 지하1층 와탁구클럽(간석동),탁구,126.7152596,37.463204
와이아동발달센터,325674003,인천광역시 서구 중봉대로 588 청라센트(청라동),기타종목,126.6502646,37.5321086
옹이진이스포츠진흥원 지점 마음드림발달재활센터,327511199,인천광역시 미추홀구 인주대로 147 3층(용현동) 마음드림발달재활센터,기타종목,126.6535733,37.4566159
마인드바디필라테스요가,324373938,인천광역시 미추홀구 주안로 112 4층 1호(주안동),필라테스,126.6820974,37.463669
마인드바디필라테스요가 부평점,325153938,인천광역시 부평구 장제로 188-2 5층(부평동),필라테스,126.7311754,37.5023625
올인원필라테스PT,327510112,인천광역시 중구 영종대로 184 5층 2호(운서동),필라테스,126.4987797,37.4922651
마인드바디필라테스요가구월점평생교육원,324336521,인천광역시 남동구 인하로511번길 18 4층(구월동),필라테스,126.7036353,37.4440098
톰소여언어심리발달센터,324660610,인천광역시 남동구 서창남순환로216번길 20 505호(서창동),축구,126.7488053,37.4232041
마인드언어심리상담센터,24690610,인천광역시 남동구 백범로 254 3층 마인드언어심리상담센터(간석동),축구(풋살),126.721326,37.4609949
올바른 재활운동센터,325553477,"인천광역시 계양구 아나지로247번길 11 모닝프라자, 204호, 올바른 재활운동센터(효성동)",기타종목,126.7192121,37.5266168
올림픽태권도장,327521988,"인천광역시 중구 신도시북로43번길 11 108동상가 201호(운서동, 풍림아이원아파트)",태권도,126.4840691,37.499103
올림피아스포츠,328342244,"인천광역시 연수구 선학로 101 상가동 지하 102-201 미라클수영장(선학동, 뉴서울1차아파트)",수영,126.7004443,37.4253769
관교용인대태권도장,324225246,인천광역시 미추홀구 경원대로652번길 30 2층  관교용인대태권도장(관교동),태권도,126.6948915,37.4420151
용인대하늘태권도,,인천광역시 옹진군 영흥면 영흥로 442 2층,태권도,126.4666733,37.2534258
고유 필라테스자이로토닉,25684698,인천광역시 서구 발산로 6 아인시티주차타워 302호(원당동),필라테스,126.7092856,37.5935878
온새미로 센터,,인천광역시 서구 신진말로 39 건지빌딩 3층 온새미로 센터(가좌동),종합체육시설,126.6801922,37.4934185
점핑하이 부개 상동점,291410528,인천광역시 부평구 부일로113번길 35-1 2층 점핑하이(부개동),댄스(줌바 등),126.7419145,37.4920058
구월동 주짓수,324672200,인천광역시 남동구 독점로30번길 1 3층(구월동),주짓수,126.7111112,37.452429
서구국민체육센터,325697970,인천광역시 서구 승학로 525 서구국민체육센터(검암동),수영,126.6778629,37.5662584
구환유도관,327107675,인천광역시 서구 이음5로 80 703호(원당동),유도,126.7163088,37.5952859
한국체대인하북태권도장,328812494,인천광역시 미추홀구 인주대로4번길 18 더원프라자3층(용현동),태권도,126.6396574,37.4600185
에일리평생교육원,322889688,인천광역시 서구 승학로 538 극동프라자 2층(검암동),필라테스,126.679484,37.5659809
별필라테스플라잉요가,325153396,인천광역시 부평구 장제로 338 2층 별 필라테스 플라잉요가(삼산동),필라테스,126.7325147,37.5157589
원탁구클럽,328838666,인천광역시 중구 서해대로454번길 5-1 4층 원탁구클럽(신흥동2가),탁구,126.635474,37.4664276
맹그로브솔루션,7040601808,인천광역시 서구 봉수대로 806 인천아시아드주경기장 3층(연희동),헬스,126.6666172,37.5476153
서인천탁구클럽,25718877,인천광역시 서구 가정로 215 서인천탁구클럽(석남동),탁구,126.6719097,37.5039756
서창탁구장,,인천광역시 남동구 서창남순환로216번길 35 203호(서창동),탁구,126.749883,37.4229159
영종하늘탁구,27510753,"인천광역시 중구 신도시남로150번길 6 덕양프라자 3층 , 영종하늘탁구(운서동)",탁구,126.4912716,37.4944524
연세힐링맘심리상담센터,239493996,인천광역시 계양구 계산새로 71 412호 연세힐링맘심리상담센터(계산동),기타종목,126.7360621,37.5386558
점핑에스,200000000,인천광역시 중구 하늘중앙로195번길 18 306호(중산동),기타종목,126.5612093,37.4888395
맹호체육관,325172160,인천광역시 부평구 동수로 164 부영빌딩 2층 맹호체육관(부개동),기타종목,126.7367007,37.4854269
영앤미점핑,,인천광역시 서구 검단로744번3길 10 203호 영앤미점핑(불로동),기타종목,126.6855073,37.6103651
바른습관PT STUDIO,,인천광역시 미추홀구 염창로 65 4층 바른습관PT(주안동),헬스,126.6812365,37.465797
석사체육관,328641745,인천광역시 미추홀구 인주대로 261 2층 석사태권도(주안동),태권도,126.6658046,37.4530363
흑룡태권도 유소년 스포츠클럽,323627786,인천광역시 부평구 영성중로 50 미래타워 204호 흑룡태권도(삼산동),태권도,126.7454588,37.5206963
학익탁구클럽,,인천광역시 미추홀구 매소홀로427번길 3 3층(학익동),탁구,126.6694374,37.4401029
머슬라운지 작전점,,인천광역시 계양구 장제로 714 (용종동) 2층 머슬라운지 작전점(작전동),헬스,126.734236,37.531365
열정태권도장,328757050,인천광역시 미추홀구 숙골로 114 4층(도화동),태권도,126.6620373,37.4721127
머슬몽키짐,328319979,"인천광역시 연수구 청량로185번길 37 501,502호(옥련동)",헬스,126.6507348,37.4229968
열정태권도장,328757050,인천광역시 미추홀구 숙골로 114 4층(도화동),태권도,126.6620373,37.4721127
바른심리운동센터,328113173,인천광역시 연수구 경원대로534번길 9 2층 바른심리운동센터(선학동),기타종목,126.6991739,37.4318528
선호합기도,328175032,인천광역시 연수구 앵고개로 260 맘모스빌딩 409-411(동춘동),합기도,126.6723036,37.4076689
성균관영어태권스쿨,327154111,인천광역시 미추홀구 장천로112번길 3 4층 성균관영어태권스쿨(숭의동),태권도,126.6565617,37.4628862
원영아탁구클럽,,"인천광역시 연수구 해돋이로84번길 29 상가2층(송도동, 송도풍림아이원3단지아파트)",탁구,126.6532244,37.3921719
별하태권도,,인천광역시 남동구 서창남로 19 단지상가2층(서창동),태권도,126.7514202,37.4214043
열정점핑,,인천광역시 남동구 담방로21번길 55 214호 열정점핑(만수동),기타종목,126.7355746,37.44133
성리태권도장,324677077,인천광역시 남동구 남동대로712번길 30 3층 성리태권도(구월동),태권도,126.7088475,37.4455921
병방합기도장,325474357,인천광역시 계양구 장제로 922 대해빌딩 4층 병방합기도장(병방동),합기도,126.7417608,37.5485603
점프하이운동발달센터,325182941,"인천광역시 부평구 부영로189번길 51 오남프라자 4층 401호,402호(산곡동)",기타종목,126.7129333,37.5021433
메가스태권도장,325171095,인천광역시 부평구 장제로 193 2층 메가스태권도장(부평동),태권도,126.7306196,37.5029242
성산효권투체육관,324332582,인천광역시 남동구 구월로 129 대성빌딩 401호 성산효복싱체육관(간석동),복싱,126.7047491,37.4569636
학사태권도,328180044,"인천광역시 연수구 먼우금로 282 태산아파트 상가 2층 학사태권도(연수동, 태산아파트)",태권도,126.6821741,37.4208161
성일GYM복싱센터,324241010,인천광역시 미추홀구 인하로 304-1 주안8동 1160-6 2층 성일GYM복싱센터(주안동),복싱,126.6819763,37.4477569
학무검도관,325630522,인천광역시 서구 봉오재3로 90 6층 602호 학무검도관(가정동),검도,126.6697544,37.527215
성화태권도장,325472646,"인천광역시 계양구 장제로 1004 상가 3층 304,305호(박촌동, 계양한양수자인)",태권도,126.7463043,37.5547854
하임아동발달센터,322050406,"인천광역시 중구 하늘별빛로 71 , 704호 (중산동, 타임프라자)",기타종목,126.5631964,37.4895347
하이핏짐,27157051,인천광역시 남동구 앵고개로847번길 72 2층(논현동),기타종목,126.7242694,37.3991277
경희대아이스타태권도장,325631322,인천광역시 서구 고산후로121번길 21 LG프라자 5층 경희대아이스타태권도장(원당동),태권도,126.6967993,37.5946049
비호체육관,325463811,인천광역시 계양구 안남로573번길 21 비호체육관(효성동),태권도,126.7091234,37.5351335
연세호산태권도세상,325460586,인천광역시 계양구 장제로 925 3층(병방동),태권도,126.7414541,37.5489954
해동검도,24420905,인천광역시 남동구 논고개로 101 아름다운타워 7층 해동검도(논현동),검도,126.7243667,37.4000007
메트로락볼링,324355515,인천광역시 남동구 소래역남로16번길 8-7 3층 메트로볼링장(논현동),볼링,126.7355955,37.3980473
연세대석사태권짱,7075190707,인천광역시 미추홀구 경인로326번길 46 2층(주안동),태권도,126.6756267,37.4566304
바름필라테스,,인천광역시 미추홀구 구월남로 26 2층 바름필라테스(주안동),필라테스,126.6926225,37.454767
연세남부태권도장,25433333,인천광역시 계양구 안남로 558 인천광역시 계양구 안남로558,태권도,126.7106672,37.5328144
연경산배드민턴장,328887330,인천광역시 미추홀구 경인로42번길 31 1층(숭의동),배드민턴,126.6488199,37.4629026
송선생특수체육교실,,인천시 연수구 앵고개로246번길 43 조이빌딩6층,농구,126.6708391,37.4068348
용인대타이곤태권도,323612007,인천광역시 부평구 길주남로 157 502호(부개동),태권도,126.7393501,37.5039991
송현검도관,327727776,인천광역시 동구 송현로 33 황금프라자4층 송현검도관(송현동),검도,126.6356406,37.4791428
수디아요가필라테스동인천,327739682,인천광역시 동구 송현로 30 4층 수디아(송현동),필라테스,126.6356294,37.4785766
수상한 탁구장,22288680,인천광역시 동구 운교로 7 4층(화수동),탁구,126.6281544,37.4797607
yogawon,325455822,인천광역시 계양구 효서로 305 2층 요가원(작전동),요가,126.7301549,37.5281544
원무태권도엘리트원 보습학원,324629420,인천광역시 남동구 백범로 200 인영빌딩 3층 원무태권도(만수동),태권도,126.7269642,37.4595825
엔젤크루숭의,327217738,인천광역시 미추홀구 석정로 51 홈플러스 숭의점 B3층 엔젤크루수영장(숭의동),수영,126.6435082,37.4655868
엔젤크루 어린이수영장 논현점,324427778,인천광역시 남동구 청능대로 596 홈플러스 인천논현점  지하 2층 B201호 엔젤크루수영장(논현동),수영,126.7255593,37.4006203
엔젤크루 수영장 인하점,327215599,인천광역시 미추홀구 소성로 6 1층 엔젤크루 수영장(학익동),수영,126.6508869,37.4471449
김원겸당산태권도장,325156655,인천광역시 계양구 동양로 103 세진프라자 302호(동양동),태권도,126.7564953,37.5590223
휘턴기구필라테스주안신기점,324222882,인천광역시 미추홀구 인하로 289 3층 휘턴기구필라테스(주안동),필라테스,126.6803867,37.4482267
슈퍼스타스위밍 영종,327218770,인천광역시 중구 하늘별빛로65번길 8-21 401호 슈퍼스타스위밍 영종 어린이수영장(중산동),수영,126.5616492,37.4899692
바이연평생교육원,,인천광역시 서구 승학로 538 극동프라자 2층(검암동),필라테스,126.679484,37.5659809
국가대표탑태권도장,,인천광역시 계양구 봉오대로 613 로얄빌딩 302호 국가대표탑태권도장(효성동),태권도,126.717116,37.5307918
S대대전용클럽,321234567,인천광역시 계양구 계산새로87번길 16 3층 s대대전용클럽(용종동),당구,126.7383117,37.5393783
에스오짐2호점sogym2호점,329342124,인천광역시 강화군 강화읍 중앙로 27 3층 에스오짐,헬스,126.4907415,37.7406592
에스엠운동재활센터,324228521,"인천광역시 남동구 남동대로 901 901,401호",요가,126.7079569,37.4628729
스카이영종GYM,327520505,인천광역시 중구 신도시남로141번길 5-8 301호 스카이영종gym(운서동),합기도,126.4895036,37.4934507
스카이점핑,275225250,인천광역시 서구 고산후로95번안길 21 멀티프라자 4층(당하동),기타종목,126.6972405,37.5928952
에버휘트니스,325450044,"인천광역시 계양구 장제로 876 제상가동 4층 402호(병방동, 학마을서해.영남아파트)(병방동)",헬스,126.739056,37.5449447
에바다 예술언어,324323321,인천광역시 남동구 논고개로123번길 17 아이플렉스 503호 에바다예술언어(논현동),요가,126.7230659,37.4016809
국가대표태권도장,,인천광역시 중구 하늘중앙로 193 조양타워 801호 국가대표태권스쿨(중산동),태권도,126.5606428,37.4903958
원더우먼PT여성전용피트니스계산,,인천광역시 계양구 장제로 808 6층601호 원더우먼피트니스(계산동),헬스,126.7350512,37.5398456
1on1 피지오재활운동센터,,인천광역시 서구 중봉대로612번길 10-20 청라프라자 405호 피지오재활운동센터(청라동),기타종목,126.6520102,37.5333778
스텝업태권도,328151911,인천광역시 연수구 원인재로 216 정문상가3층 스텝업태권도(연수동),태권도,126.6865353,37.4151369
원당문화체육센터,325685030,인천광역시 서구 고산후로121번길 31 원당문화체육센터(원당동),수영,126.6955846,37.5945656
스포스쿨,7087979752,인천광역시 중구 하늘달빛로 70 505호 스포스쿨 (영종메디피아)(중산동),기타종목,126.5595464,37.4858296
모션스포츠아카데미,,인천광역시 부평구 두레로 34-7 모션스포츠아카데미(삼산동),배드민턴,126.7521413,37.518947
시너지 특수체육센터,275684709,"인천광역시 부평구 부평북로 446 우리빌딩, 602호(삼산동)",기타종목,126.7430146,37.5216986
앤더스필라테스 산곡점,325253774,"인천광역시 부평구 원적로 434 4층, 앤더스필라테스 산곡점(산곡동)",필라테스,126.7146268,37.503328
액티브짐 박촌점,7073773383,인천광역시 계양구 장제로 1013 2층 액티브짐(박촌동),헬스,126.7453467,37.5560671
박남수탁구클럽,7089021441,인천광역시 계양구 주부토로 422 리얼프라자 2층(작전동),탁구,126.7280718,37.5317012
하람운동과학센터,325535060,인천광역시 계양구 용종로 23 태산아파트상가3층(계산동),기타종목,126.7410702,37.5358753
국가대표하늬바람태권도장,,인천광역시 남동구 구월남로 319 1층 국가대표하늬바람태권도장(구월동),태권도,126.7253046,37.4520295
신공항검도교실,327510611,인천광역시 중구 하늘별빛로65번길 7-4 601호 신공항검도교실(중산동),검도,126.5635931,37.4887474
케이짐,322309688,인천광역시 서구 검암로30번길 20 교원빌딩3층(검암동),헬스,126.6825587,37.5668727
신대한경희대태권도장,324384556,인천광역시 남동구 인주대로 539 휴먼빌딩 2층(구월동),태권도,126.6966665,37.4505902
자이언트아처리,323267747,인천광역시 서구 세자봉로 146-2 자이언트아처리(양궁장)(마전동),기타종목,126.6536567,37.6133581
아쿠아프랜즈,324699050,인천광역시 남동구 장승로 14 창대아트빌 B1(만수동),수영,126.7342888,37.4461693
하늬바람 국가대표 태권도장,328628518,"인천광역시 미추홀구 주염로 26 3층, 하늬바람 국가대표 태권도장(주안동)",태권도,126.6821453,37.4679531
성리태권도,,인천광역시 남동구 남동대로712번길 30 3층 성리태권도(구월동),태권도,126.7088475,37.4455921
창대특공무술,324320988,인천광역시 남동구 은봉로165번길 20 2층 창대태권도(논현동),태권도,126.7091627,37.4064271
용인대정훈체육관,328133838,"인천광역시 연수구 원인재로 232 상가동 3층 정훈태권도(연수동, 솔밭마을아파트)",태권도,126.6884471,37.4159251
신용호탁구클럽,24653959,"인천광역시 남동구 서창방산로 51 애플랜드5층501,502호(서창동)",탁구,126.7502006,37.4223447
아이풀 수영장 운서지점,327469006,"인천광역시 중구 영종대로196번길 15-25 유토피아 상가 1층 158호 아이풀 수영장(운서동, 운서역 반도유보라 퍼스티지)",수영,126.4990684,37.4890587
캐슬당구장,,인천광역시 계양구 계산로 132 정산빌딩 3층(계산동)(계산동),당구,126.726858,37.5371107
아이쿠아 어린이 전문 수영장,327216622,"인천광역시 부평구 부개로 58 상가 지하1층(부개동, 푸른마을삼부한신아파트)",수영,126.7403818,37.5018395
신코리아태권도,325833389,인천광역시 서구 건지로348번길 20 2층(가좌동),태권도,126.6803191,37.4958603
스포잇풋볼센터 인천 연수점,,"인천광역시 연수구 청능대로 75 4층, 스포잇풋볼센터 인천 연수점(청학동)",축구(풋살),126.6745941,37.4156284
가심비심리상담연구소,328880972,인천광역시 미추홀구 독배로 457 3층 312호 가심비심리상담연구소(숭의동),기타종목,126.6476001,37.4599314
싸부캐롬클럽,,인천광역시 부평구 부평대로 283 A동 지하1층 110호 싸부캐롬클럽(청천동),당구,126.720078,37.5178208
HP체형교정센터,,인천광역시 남동구 구월로 223 5층 506호 HP체형교정센터(구월동),헬스,126.7157168,37.4564911
라이프점핑,,인천광역시 남동구 방축로 503 2층 205호(간석동),기타종목,126.6936341,37.4660015
하늘GDR골프아카데미,327139080,인천광역시 중구 하늘별빛로65번길 7-9 스카이타워 6층(중산동),골프,126.5646474,37.4884979
아이언휘트니스 삼산점,325172114,인천광역시 부평구 부평북로 448 2층 아이언휘트니스(삼산동),헬스,126.7433662,37.5217204
하나태권도체육관,325664646,인천광역시 서구 봉오대로318번길 23-1 하나아파트2차상가(가정동),태권도,126.6841947,37.5262212
아이언아이 특수체육교실,,인천광역시 계양구 살라리로 5 진형빌딩 2 층(서운동),기타종목,126.7451956,37.5372038
하나태권도,328622262,인천광역시 미추홀구 경인로246번길 8 2층 하나태권도(도화동),태권도,126.6691536,37.4633921
씨케이CK당구클럽,,인천광역시 서구 검단로 463 501호 CK당구클럽(왕길동),당구,126.655762,37.6016332
무 주짓수 아카데미 검단당하동,325667287,인천광역시 서구 청마로167번길 14 성경빌딩 3층(당하동),주짓수,126.6752914,37.5925895
박승화체육스포츠,,인천광역시 부평구 광장로4번길 11 중보빌딩 7층(부평동),기타종목,126.7221924,37.4906325
153합기도,325670153,인천광역시 서구 승학로495번길 4-1 인천시 서구 검암동 597-1 다복프라자3층301호(검암동),합기도,126.6749532,37.5659971
경희대태권스쿨,324665959,인천광역시 남동구 독곡로 46 201호(서창동),태권도,126.7487702,37.4346723
국제키즈스포츠스쿨,25681661,"인천광역시 서구 청라커낼로 163 정문상가 지하1층문 국제키즈스포츠 스쿨(청라동, 청라29블럭호반베르디움)",수영,126.6389193,37.5282657
국제태권도장,325474748,인천광역시 계양구 동양로 101 402호 국제태권도장(동양동),태권도,126.7561503,37.5590162
가온경희대석사태권도장,324371333,인천광역시 부평구 동암남로 18 2층(십정동),태권도,126.7056182,37.4706266
굿모닝점핑,324697790,인천광역시 남동구 매소홀로 1118 303호 굿모닝점핑(서창동),기타종목,126.7467762,37.4381827
필라테스에반하다 왕길역점 평생교육원,,"인천광역시 서구 단봉로 99 303,304호(왕길동)",필라테스,126.6404598,37.5971952
인하코리아태권도,24250677,"인천광역시 남동구 용천로 181 상가302호(간석동, 우성꾸메마을I)",태권도,126.7140338,37.4656948
효성합기도체육관,325474714,인천광역시 계양구 새벌로112번길 23 일천빌딩 201호(효성동),합기도,126.7192758,37.5269489
필라테스에반하다 완정역점,,인천광역시 서구 청마로167번길 18 201호 필라테스에 반하다(당하동),필라테스,126.6746389,37.5925383
인하코리아태권도,324415770,"인천광역시 미추홀구 주안동로 42-1 2층 인하코리아태권도(주안동, 삼흥그린빌)",태권도,126.6861644,37.4620242
필라테스에반하다 검단사거리역점,283012053,"인천광역시 서구 검단로 480 6층 603,604호(왕길동)",필라테스,126.6576084,37.6017893
인하서태권도,328668365,인천광역시 미추홀구 학익소로63번길 23 2층 인하서태권도(학익동),태권도,126.6718217,37.4417505
그레이짐 기구필라테스,328919009,인천광역시 미추홀구 아암대로 101 1층 2층(용현동),필라테스,126.6328042,37.452764
필라테스더웨이,,"인천광역시 연수구 해돋이로 107 H동 4층 85호(송도동, 송도 더샵 퍼스트월드)",필라테스,126.6478318,37.3911868
인천장애인체육관,28333055,인천시 연수구 앵고개로 130 장애인체육관,배드민턴,126.659467,37.4124316
박종숙양궁아카데미,328888100,인천광역시 중구 우현로67번길 12 4층(인현동),기타종목,126.6295065,37.4738069
필라테스 칼리지 인천점,,인천광역시 부평구 주부토로 223 205호 필라테스 칼리지 인천점(갈산동),필라테스,126.7258377,37.5151542
인천장애인국민체육센터,27197044,인천시 연수구 경원대로 526 인천장애인국민체육센터,수영,126.7018293,37.4309078
근자필성 하늘태권도,,인천광역시 옹진군 영흥면 영흥로 442 2층 근자필성 하늘태권도,태권도,126.4666733,37.2534258
문학박태환수영장,327154224,인천광역시 미추홀구 매소홀로 618 문학박태환수영장(문학동),수영,126.6907208,37.4352191
JMC줄넘기학원,,광주광역시 남구 백운로 34 3층 JMC줄넘기학원(백운동),줄넘기,126.9080704,35.1366971
신암체육관,626816785,광주광역시 서구 풍암2로 38 상가 304(풍암동),태권도,126.8809041,35.1241646
KS케이에스휘트니스,,광주광역시 북구 일곡마을로 41 7층 KS휘트니스(일곡동),헬스,126.896758,35.205117
드림탁구장,629510303,광주광역시 광산구 풍영로 83 203호(월곡동),탁구,126.8108895,35.1794654
지엠휘트니스,629725623,광주광역시 광산구 첨단중앙로181번길 5 삼라빌딩1층 헬스장(월계동),헬스,126.8408231,35.2210184
빛고을발달재활센터,629567575,광주광역시 광산구 사암로 359 3층(월곡동),기타종목,126.808017,35.1763909
빛고을실내암벽,625713332,광주광역시 광산구 임방울대로 785 지하1층 빛고을실내암벽(쌍암동),클라이밍(암벽등반),126.8442383,35.218228
지음유도관,623616565,광주광역시 서구 상무대로935번길 5 지음유도관(쌍촌동),유도,126.8641997,35.1519457
태룡석사태권도장,622688423,광주광역시 북구 효죽로 15 3층 (중흥동501-1)(중흥동),태권도,126.9165451,35.1694698
정환합기스쿨창무5도장,,광주광역시 서구 쌍학로 5 3층(쌍촌동),합기도,126.8657649,35.1464366
두암석사태권도,22616909,광주 북구 두암2동 117번지 무등파크3차 상가3층,태권도,126.9385552,35.1710694
진 필라테스 스튜디오,627102235,광주광역시 북구 매곡로 15 2층 진필라테스 스튜디오(용봉동),필라테스,126.8942186,35.1864141
진성검도관,24470606,광주광역시 북구 서하로 123 4층(매곡동),검도,126.8938804,35.1875778
화정역탁구장,623515049,광주광역시 서구 화운로 172 3층,탁구,126.8770437,35.1542092
허니태권도장,625723881,광주광역시 북구 일곡택지로 55 2층 허니태권도장(일곡동),태권도,126.8940645,35.2066984
효동태권도,625221041,광주광역시 북구 서양로 100-1 2층 효동태권도(중흥동),태권도,126.9121126,35.168679
뮤직비트복싱번지,,광주광역시 광산구 첨단중앙로106번길 15 동강빌딩 5층(월계동),기타종목,126.8440648,35.2149865
짱태권도,625266666,광주광역시 동구 갈마로 46 무들빌딩 3층(산수동) 짱태권도,태권도,126.9354826,35.1615162
찬란한태권도,623521123,광주광역시 남구 금화로456번길 17 2층(월산동),태권도,126.8934663,35.1467504
우리동네하백태권도매곡지점,625751570,광주광역시 북구 하백로 9 3층(매곡동),태권도,126.8904034,35.1884946
청연태권도,,광주광역시 광산구 풍영철길로 15 1층 청연태권도(우산동),태권도,126.8116598,35.1628953
사단법인 스스로 나눔복지,629742513,광주광역시 광산구 첨단중앙로124번길 54 SH빌딩 4층(월계동),볼링,126.8452581,35.2163037
하늘예합기도,26559998,광주광역시 남구 효우로 79 4층 401호 하늘예합기도(노대동),합기도,126.9046244,35.1065323
운암탁구교실,625142949,광주광역시 북구 북문대로169번길 19 3층 운암탁구교실(운암동),탁구,126.8704847,35.1829522
마스터태권도,627106789,"광주광역시 서구 월산로 265 2층, 마스터태권도(농성동)",태권도,126.8885111,35.1593958
화정헬스,624325623,광주광역시 서구 화정로 130 B동 화정사우나건물 4층 화정헬스(화정동),헬스,126.8712414,35.1450759
음악줄넘기 장애인 스포츠,627102505,"광주광역시 서구 화운로 24 상가4동 2층 점프스쿨음악줄넘기화정센터(화정동, 유니버시아드 힐스테이트 3단지)",기타종목,126.8850534,35.1436248
SB휘트니스,,광주 북구 양산로 33 3층,헬스,126.8779029,35.2108192
백호태권도,626527718,광주광역시 남구 효우2로26번길 29 송하해피라움 4층(행암동),태권도,126.8884419,35.1019673
창무스포츠스쿨(태권도),625152023,"광주광역시 북구 유림로 175 상가지하창무태권도(동림동, 삼익아파트)",태권도,126.8619288,35.1779444
채움아동발달센터,29520208,광주 광산구 사암로 340번안길 6-5 세진빌딩 4층,기타종목,126.8107689,35.1756292
광주교육관,623689116,"광주광역시 서구 월드컵4강로28번길 60 1층 리더스클럽 합기도 광주교육관(화정동, 신동아아파트)",합기도,126.8825858,35.140773
하늘예체육관,,"광주광역시 북구 첨단연신로 217 정문상가 2층 하늘예태권도(신용동, 첨단2지구중흥에스클레스)",태권도,126.8606383,35.211892
SGYM 두암점,22631006,광주광역시 동구 밤실로 154 4층 에스짐(산수동),헬스,126.9354186,35.1612221
챔피언스 스포츠클럽,,광주광역시 북구 신용산길 148-24 챔피언스풋살장(용두동),축구(풋살),126.8709642,35.2262701
광주광역시남구장애인종합복지관,626111913,광주광역시 남구 월산로 33 광주광역시남구장애인종합복지관(월산동),기타종목,126.8999016,35.1411501
SGYM신세계점,623521006,광주광역시 서구 죽봉대로 37 지하 1층 SGYM신세계점(화정동),헬스,126.8827091,35.1565645
동신스포츠지원센터,629555322,광주광역시 북구 하서로672번길 18-18 동신스포츠지원센터(지야동),기타종목,126.890095,35.2321302
파워점핑줄넘기 바른체형센터,629457413,광주광역시 광산구 선운로 9 3층 파워점핑줄넘기 바른체형센터(선암동),줄넘기,126.7705141,35.1486513
해동검도첨단신용검도관,625719852,광주광역시 북구 첨단연신로107번길 5 4층 401호(신용동),검도,126.8635919,35.2073346
바디스쿨,222611650,광주광역시 광산구 송도로 153 4층(도산동),요가,126.7923075,35.1287489
경연태권도,625253109,광주광역시 북구 용봉택지로13번길 15 3층(용봉동),태권도,126.8879275,35.18007
사한국척수장애인협회광주광역시협회,26545999,광주광역시 남구 군분로148번길 6-5 1층(월산동),탁구,126.888583,35.1454987
꿈트리 아동교육센터,623730528,광주광역시 서구 상일로 48 4층 꿈트리 아동교육센터(쌍촌동),기타종목,126.8633889,35.1598168
이글스클럽,622258852,"광주광역시 동구 의재로 149-7 상가101호(운림동, 라인2차아파트)",태권도,126.9437515,35.1331094
철인헬스클럽,623835001,광주광역시 서구 운천로 46 3층철인헬스(금호동),헬스,126.8593548,35.1368438
요가포레스트필라테스 상무점,,광주광역시 서구 상무중앙로 70 4층(치평동),요가,126.8488375,35.1530932
꿈마루태권도장,624156111,광주광역시 광산구 선운중앙로 52 해송빌딩 4층 405호 꿈마루태권도장(선암동),태권도,126.7775649,35.1479552
요가포레스트in봉선,26524424,광주광역시 남구 봉선중앙로 51 3층 301호(봉선동),요가,126.9111195,35.1254146
동림다목적체육관,627142002,광주광역시 북구 북문대로 200 동림다목적체육관 1층(동림동),기타종목,126.8709657,35.1867046
요가포레스트,25740724,광주광역시 북구 설죽로315번길 1 4층(매곡동),요가,126.8982522,35.1875543
첨단탁구교실,625713959,광주광역시 북구 첨단연신로107번길 5-12 덕원빌딩2층 첨단 탁구교실(신용동),탁구,126.8633306,35.206988
우리탁구클럽,625724939,광주광역시 북구 양산택지로 20 우리탁구클럽(양산동),탁구,126.8792334,35.208243
청도태권도,622333308,광주광역시 동구 장동로 23-3 2층 청도태권도(장동),태권도,126.9243508,35.1482602
아이칸트레이닝센터,257313339,"광주광역시 북구 하백로6번길 12 아이칸트레이닝센터(매곡동, 매곡대광로제비앙)",기타종목,126.8914971,35.1878951
핏33,625152753,광주광역시 서구 화운로 312 3층(광천동),헬스,126.8774939,35.1667976
청도태권도나래도장,629443636,"광주광역시 광산구 송도로320번길 16-15 (송정동, 송정명지2차아파트)",태권도,126.8040587,35.1399311
동구스포츠클럽,626082121,광주광역시 동구 남문로 418-13 동구다목적체육관(소태동),농구,126.9379845,35.1095264
동구국민체육센터,623510076,광주광역시 동구 필문대로205번길 17 동구국민체육센터(산수동),수영,126.9327645,35.1523002
몸이야필라테스 수완점,629517756,광주광역시 광산구 임방울대로 338 8층 몸이야필라테스 수완점(수완동),필라테스,126.82423,35.1900792
이너스 스포츠 센터,,"광주광역시 서구 염화로45번길 17 상가 2층 이너스 스포츠센터(화정동, 라인동산아파트)",기타종목,126.8702199,35.1379151
청룡태권도,629736784,광주광역시 광산구 월계로 68 3층 301호(월계동),태권도,126.8336081,35.2116205
돌개차기 태권도,629525888,"광주광역시 광산구 목련로 41 부영2차@ 상가2층 201호 203호(산정동, 부영 애시앙)",태권도,126.802584,35.1737343
제이앤씨JNC벨리댄스,625140806,광주광역시 서구 하남대로 658 3층 JNC 벨리댄스(동천동),댄스(줌바 등),126.8645878,35.1716827
영화 탁구클럽,622517989,"광주광역시 북구 동문대로 162 , 6층 영화탁구클럽(두암동)",탁구,126.9285228,35.1768244
도을요가필라테스,622614560,광주광역시 북구 면앙로 52 2층(문흥동),요가,126.9177083,35.1789382
이동혁탁구클럽,629732949,광주광역시 광산구 월계로 187 4층(월계동),탁구,126.8461579,35.2136586
도선체육관,622690853,광주광역시 북구 삼정로 106-1 2층 도선체육관(두암동),합기도,126.9374149,35.1716062
몸이야필라테스 양산점,625748229,광주광역시 북구 하서로 427 아이콤타워 2층(용두동),필라테스,126.8746459,35.2130562
광주동구문화센터,622258700,광주광역시 동구 남문로 646 동구문화센터(소태동),요가,126.9309327,35.128599
청명태권도,629418030,"광주광역시 광산구 어등대로647번길 32 상가2층(소촌동, 송광파크맨션)",태권도,126.7936746,35.1450118
몸이야필라테스화정점 평생교육원,623664078,광주광역시 서구 월드컵4강로42번길 62 용진빌딩4층(화정동),필라테스,126.8825363,35.1419231
산수태권도장,625241161,광주광역시 동구 필문대로192번길 32-9 1층 산수태권도장(산수동),태권도,126.927681,35.1537157
와이원휘트니스,627106111,광주광역시 광산구 임방울대로 138 6층 와이원휘트니스(운남동),헬스,126.8180147,35.1734193
와이원휘트니스,625276666,광주광역시 북구 서양로 139 3층 와이원휘트니스(우산동),헬스,126.9162015,35.1679435
와이원휘트니스,622276666,광주광역시 동구 무등로 394 2층(계림동),헬스,126.9256543,35.1599435
134리듬복싱 상무본점,23751342,광주광역시 서구 운천로 131 금호(쌍촌동),복싱,126.8569531,35.144546
미래로 탁구교실,,광주광역시 서구 염화로31번길 5 4층(화정동),탁구,126.8722718,35.1371525
도도필라테스요가 월곡점,,광주광역시 광산구 풍영로 47 성산빌딩3층303호 (영천중학교 옆 벌크커피3층)(월곡동),필라테스,126.8114448,35.1761893
힘찬태권도장,622510665,광주광역시 북구 문산로 81-1 상가동 2층 201호(문흥동),태권도,126.9254512,35.1889363
북구건강복지타운우산수영장,622678850,광주광역시 북구 중문로 62 센터장실,수영,126.920948,35.1778263
월산태권도,,광주광역시 남구 월산로 127 대림빌딩 상가3층 월산태권도(월산동),태권도,126.8965295,35.1491455
국술원 제일체육관,29417760,광주광역시 광산구 남동길48번길 29 2층 국술원 제일체육관(도산동),합기도,126.7903711,35.1306573
삼손태권도예절관,626812002,"광주광역시 서구 풍암신흥로 40 상가 3층 삼손태권도예절관(풍암동, 동부센트레빌)",태권도,126.8678082,35.1200584
훌륭한 태권스쿨,623832067,"광주광역시 서구 염화로57번길 3 금호타운 1차 상가 2층 훌륭한 태권스쿨(화정동, 금호타운(1차))",태권도,126.8722318,35.1393543
올바른태권도,624119100,광주광역시 북구 면앙로 38 2층 올바른태권도(문흥동),태권도,126.9162945,35.1793129
도담태권도,625133331,광주광역시 북구 유림로160번길 6 동림빌딩 3층 도담태권도(동림동),태권도,126.8645494,35.1766087
점핑하이산정점,,광주광역시 광산구 월곡산정로 15-1 2층(산정동) 유캔점핑,기타종목,126.8039592,35.1667293
점핑하이동림센터,,광주광역시 북구 북문대로 246 2층 점핑하이동림센터(동림점핑피트니스)(동림동),기타종목,126.8654202,35.1873317
플렉스짐,629734778,광주광역시 광산구 월계로 191 5층 플렉스짐(월계동),헬스,126.8464279,35.2136383
점핑하이 일곡점,,광주광역시 북구 일곡마을로 183 3층. 점핑하이(일곡동),기타종목,126.8940943,35.2105244
점핑하이 선암점,,광주광역시 광산구 동곡로 735 선운타워 2층 202호(선암동),기타종목,126.777691,35.1472234
필라바디필라테스,623723006,광주광역시 서구 상무시민로 75 3층 필라바디필라테스(치평동),필라테스,126.8470696,35.1554901
상무국민체육센터,26016060,광주광역시 서구 상무공원로 101 (치평동) 상무국민체육센터,종합체육시설,126.8410853,35.1533864
체육도장업협동조합,629597989,광주광역시 광산구 목련로153번길 59 3층(운남동),합기도,126.8144315,35.1746014
월계효태권도,629721113,"광주광역시 광산구 첨단내촌로 102 상가동 2층 201호(월계동, 첨단서라아파트)",태권도,126.8355117,35.2158099
문산태권스쿨,622676064,광주광역시 북구 문산로 43-2 라인1차 아파트상가 307호 문산태권스쿨(문흥동),태권도,126.9231149,35.1860947
백운태권도,,광주광역시 남구 독립로 41 2층 백운태권도(백운동),태권도,126.9014005,35.1374582
상상필라테스,629452982,광주광역시 광산구 소촌로 142 2층(소촌동),필라테스,126.7924231,35.1570045
더피트니스 신창점,629553111,광주광역시 광산구 신창로 125 6층(신창동),헬스,126.8381833,35.1964629
더피트니스,23667188,광주광역시 서구 월드컵4강로42번길 59 3층 더피트니스(화정동)(화정동),헬스,126.8821766,35.1420626
초롱태권도,,"광주광역시 광산구 월계로 59 상가2층초롱태권도(월계동, 첨단 호반2차아파트)",태권도,126.832262,35.2123136
우진태권도,29621999,"광주 광산구 신창동 1270, 부영@ 2차 상가B동 301호",태권도,126.8338229,35.1922873
초심태권도,,"광주광역시 남구 효우로60번길 10 송화마을3단지 202호(노대동, 송화마을휴먼시아)",태권도,126.9034603,35.1095543
달려라휘트니스첨단점,277367901,광주광역시 광산구 첨단중앙로106번길 65-7 (월계동) 2층 A호,헬스,126.8465284,35.2156463
백운최강합기도교육관,626527733,광주광역시 남구 백운로 64-1 2층 합기도장(백운동),합기도,126.9062593,35.1388401
최강태권도,623661400,광주광역시 서구 발산로 39 2층(양동),태권도,126.8945684,35.15849
온누리체육관,622697991,"광주광역시 북구 두리봉길 48 상가 202호(각화동, 무등파크)",합기도,126.9341977,35.1794009
001A 에드핏 ADDFIT 비대면 온라인 스포츠 코칭 플랫폼,216441963,광주광역시 동구 준법로 12 402호(지산동),기타종목,126.934243,35.1491771
말바우 탁구장 슐런장,622618514,"광주광역시 북구 동문대로 136 ,   3층(두암동)",기타종목,126.9269046,35.1747875
한울장애인주간보호센터,629441119,광주광역시 광산구 앰코로 35 315 한울장애인주간보호센터(쌍암동),볼링,126.8523915,35.2215326
에스짐SGYM,,광주광역시 서구 죽봉대로 37 지하 1층 SGYM(화정동),헬스,126.8827091,35.1565645
백운어린이축구아카데미,,광주광역시 남구 회재로 1216 2층 백운어린이축구아카데미(주월동),축구(풋살),126.8939308,35.1329856
001A 에드핏 ADDFIT 비대면 온라인 스포츠 코칭 플랫폼 광주,216441963,광주광역시 동구 금남로 245 701호(금남로1가),기타종목,126.9187195,35.1483604
말바우 탁구장 슐런장,22618514,"광주광역시 북구 동문대로 136 ,   3층(두암동)",탁구,126.9269046,35.1747875
우람태권도교육관,623521261,광주광역시 서구 천변좌하로626번길 34 2층(광천동),태권도,126.8786567,35.166265
오치검도관,622669800,광주광역시 북구 서하로 229 1층 오치검도관(오치동),검도,126.9055925,35.1872924
오정석사태권도,622667814,광주광역시 북구 서하로 301 4층(오치동),태권도,126.9135516,35.1871439
최강해동검도,,광주광역시 광산구 목련로153번길 27 3층최강해동검도(운남동),검도,126.8143699,35.1730629
서구국민체육센터,623504573,광주광역시 서구 풍암공원로 20 풍암동 396-19(풍암동),배드민턴,126.8810502,35.1300695
1.3.4리듬복싱 상무본점,623751342,광주광역시 서구 운천로 131 A-301(쌍촌동),복싱,126.8569473,35.1444859
오성체육관,626543542,광주광역시 동구 남문로 551 2층 오성체육관(용산동),합기도,126.9331366,35.1203745
점핑하이 매곡점,,광주광역시 북구 서하로 129 지하1층 점핑하이 매곡점(매곡동),댄스(줌바 등),126.894659,35.1876299
아이앤아이태권도 스포츠클럽,629627773,광주광역시 광산구 신창로 129 301호 아이앤아이태권도(신창동),태권도,126.8384007,35.196887
001A 에드핏 ADDFIT 비대면 온라인 스포츠 코칭 플랫폼 광주,216441963,광주광역시 동구 준법로 12 402호(지산동),기타종목,126.934243,35.1491771
송원태권도,626822177,광주광역시 서구 송풍로17번길 5 301호 송원태권도(풍암동),태권도,126.866712,35.1186992
오늘필라테스 백운점,,광주광역시 남구 독립로 108 3층 오늘필라테스백운점(백운동),필라테스,126.9033174,35.1430527
(사)광주광역시 거점스포츠클럽,623760985,광주광역시 서구 금화로 240 월드컵경기장 203호(풍암동),기타종목,126.8748916,35.1337232
예성태권도,629553666,광주광역시 광산구 사암로340번길 35 두란노빌딩201호(월곡동),태권도,126.810819,35.1752865
예랑합기도,625716776,광주광역시 북구 설죽로 556 금호아파트상가 지하1호(일곡동),합기도,126.897867,35.2086298
원탑멀티짐,622617365,광주광역시 북구 서하로 185 3층 원탑멀티짐(오치동),복싱,126.9007467,35.1874572
필라테스멜로디,,"광주광역시 남구 대남대로 219 303호(주월동, 주월동 홀리어스 오피스텔)",필라테스,126.9004997,35.1331091
매일필라테스,626762205,광주광역시 남구 유안초등북1길 12 2층매일필라테스(봉선동),필라테스,126.9135238,35.1272111
금부태권도,23826777,광주광역시 서구 금화로149번길 25 상가동 201호(금호동),태권도,126.8634146,35.1347614
더메타,,광주광역시 남구 봉선로51번길 13-1 성림빌딩2층 더메타(봉선동),기타종목,126.9059695,35.1290767
맨투맨 농구교실,627108208,광주광역시 광산구 목련로219번길 111-3 맨투맨 농구교실(운남동),농구,126.8230954,35.1765848
우리아이 발달재활센터,629535253,광주광역시 광산구 풍영철길로 188-25 1층(운남동),수영,126.8244913,35.1724506
꿈꾸는석사태권도,26730025,광주 남구 봉선중앙로 48(삼익아파트) 상가2층 4호,태권도,126.911741,35.1254302
동광주태권도장,22622576,광주 북구 두암2동 579-1 광신아파트11동 상가202호,태권도,126.930817,35.177097
꿈꾸는부엉이마을학교,626760675,광주광역시 남구 대남대로127번길 13-1 /(봉선동),기타종목,126.9113246,35.1326621
영화탁구클럽,622517989,광주광역시 북구 동문대로 162 6층(두암동),탁구,126.9285228,35.1768244
영천태권도장,629544756,광주광역시 광산구 사암로340번길 43 5층 영천태권도(월곡동),태권도,126.8111945,35.1753338
석경태권도장,625736622,광주광역시 북구 설죽로389번길 71 가작빌딩 5층(삼각동),태권도,126.8987711,35.1960069
석사경희태권도,625768500,광주광역시 북구 매곡로 81-6 석사경희태권도(매곡동),태권도,126.8916315,35.192203
황금휘트니스,624346787,광주광역시 광산구 광산로 92 황금휘트니스(2층)(송정동),헬스,126.8009015,35.1418369
점핑봉봉,,광주광역시 북구 용봉택지로 52-2 2층(용봉동),기타종목,126.8921259,35.1783342
볼러스 계림점 볼링장,625210925,"광주 동구 중앙로358(계림동,금호계림주상복합) 지하1층 볼링장",볼링,126.920093,35.1639724
임동력검도관,623769105,광주광역시 서구 금화로 67 우진타워 6층 임동력검도관(금호동),검도,126.8558872,35.1323257
양지태권도,625750034,광주광역시 북구 양산로 71 4층 양지태권도(양산동),태권도,126.8820231,35.2101111
중흥태권도,,광주광역시 동구 무등로304번길 55 2층(계림동),태권도,126.9149754,35.1600123
예랑합기도,625716776,광주광역시 북구 설죽로 556 일곡동 금호아파트상가 지하1층(일곡동),합기도,126.897867,35.2086298
충효태권도,623615285,"광주광역시 서구 월드컵4강로28번길 60 상가2층 충효태권도(화정동, 신동아아파트)",태권도,126.8825858,35.140773
학송합기도,,"광주광역시 광산구 우산로 47 상가2층 학송합기도(우산동, 리버힐아파트)",합기도,126.8063226,35.1590592
대한해동검도,625213020,광주광역시 동구 무등로 338 (계림동)3층,검도,126.9199025,35.1611724
펀앤조이에듀케이션,,광주광역시 광산구 신창로35번길 79-6 1층(신가동),기타종목,126.8342949,35.1873669
김종현태권도,625229678,광주광역시 북구 대자로 65 4층 김종현 태권도(운암동),태권도,126.8798387,35.1734186
sj태권도장,,"광주광역시 광산구 수등로123번길 22 미니스톱 상가 2층(신가동, 아름마을 휴먼시아)",태권도,126.824504,35.1843201
영화탁구클럽,622517989,광주광역시 북구 동문대로 162 6층 영화탁구클럽(두암동),탁구,126.9285228,35.1768244
해동검도문흥도장,624301530,광주광역시 북구 서하로 377 6층 해동검도(문흥동),검도,126.9216279,35.1859052
일신태권도,,광주광역시 서구 월드컵4강로116번길 2 3층 일신태권도(화정동),태권도,126.8723525,35.1469333
힐링요가필라테스,623710079,광주광역시 서구 상무중앙로 43 비와이씨빌딩3층 힐링요가앤필라테스(치평동),요가,126.8478289,35.1510031
바른자세 척추운동 자기돌봄센터,252603772,"광주광역시 북구 서하로 129 , 402호(매곡동)",필라테스,126.894659,35.1876299
30분 근력운동 커브스,629729330,광주광역시 광산구 첨단중앙로 96 LC타워 401-1호(월계동),기타종목,126.8434664,35.2138336
머슬헬프,625722486,광주광역시 동구 남문로 527 3층(용산동),헬스,126.9335685,35.1182587
무덕관,,광주광역시 광산구 손재로110번길 32 401호(산정동),합기도,126.7988131,35.1758376
24시달려라휘트니스상무지구점헬스 PT,,광주광역시 서구 상무시민로 96 5층 달려라휘트니스 상무지구점(치평동),헬스,126.8494772,35.1549855
이음통합발달연구센터,29554580,광주광역시 광산구 비아로135번길 16-1 (비아동) 1층,수영,126.8192425,35.2232901
001A 에드핏 ADDFIT 비대면 온라인 스포츠 코칭 플랫폼,216441963,광주광역시 동구 금남로 245 7층(금남로1가),기타종목,126.9187195,35.1483604
뮤직피트니스비트복싱,634333883,"광주광역시 북구 설죽로 518 삼영빌딩 5층, 뮤직피트니스비트복싱(일곡동)",복싱,126.8980547,35.2054791
보람찬태권도,625317773,광주광역시 북구 유동길 48 오피스텔 상가 2층 207호 보람찬태권도(임동),태권도,126.9036704,35.1566825
열린태권도,625149559,광주광역시 북구 유림로 163 5층 열린태권도(동림동),태권도,126.8639172,35.1770433
케이K합기도,629459111,광주광역시 광산구 선운로20번길 57 수정빌딩 2층(선암동),합기도,126.7770873,35.1468856
바른체육관,622647750,"광주광역시 북구 천지인로173번길 28 상가 202호(문흥동, 광명아파트)",합기도,126.9186751,35.1852103
메디플로우 필라테스,,"광주광역시 광산구 장신로 77 4층 402호, 메디플로우 필라테스(장덕동)",필라테스,126.818566,35.1912399
대원태권도,625111041,광주광역시 북구 당뫼로 58 3층 대원태권도(중흥동),태권도,126.9153117,35.1713364
아워필라테스,624634630,광주광역시 서구 시청로50번길 3 SM타워 302호 아워필라테스(치평동),필라테스,126.8520767,35.1531972
연아당구장,,광주광역시 남구 봉선중앙로47번길 10 5층501호(봉선동),당구,126.9104937,35.1251448
대영휘트니스,625144477,광주광역시 북구 서암대로 298 5층 대영휘트니스(중흥동),헬스,126.9159858,35.1652919
케이헌터스태권도,,광주광역시 광산구 목련로273번안길 29 1층(운남동),태권도,126.8234582,35.17777
포에스짐,623715959,광주광역시 서구 상무중앙로78번길 5-6 8층 포에스짐(치평동),헬스,126.8494685,35.1545538
해동검도 우치도장,629593936,광주광역시 북구 일곡마을로 9 (2층)(일곡동),검도,126.9001637,35.2060864
대동태권도장,623812589,광주광역시 서구 염화로 67 2층(화정동),태권도,126.8734113,35.1407148
포올 해동검도 아카데미,24323464,광주광역시 북구 동림용산로 31-6 2층 해동검도(동림동),검도,126.8663115,35.1877358
각화태권도예절관,622688887,"광주광역시 북구 각화대로39번길 6 , 3층(각화동)",태권도,126.9354138,35.1813973
코어스포츠재활센터,622231551,광주광역시 남구 용대로 180-6 2층(방림동),헬스,126.9181719,35.1320683
연세V태권도,622681182,광주광역시 북구 밤실로 171 277-12번지 2층(두암동),태권도,126.9344423,35.1626408
호연태권도,623729334,광주광역시 서구 월드컵4강로28번길 30 1층(화정동),태권도,126.8793714,35.1402142
더 컨디셔닝,,광주광역시 광산구 장신로 342-4 2층 더 컨디셔닝(신창동),필라테스,126.8457725,35.1939997
무등태권도장,622627655,"광주광역시 북구 평교로 45 대주@2차상가 2층 209, 210호(문흥동, 대주맨션)",태권도,126.9242466,35.1808032
소명태권도장,625261956,광주광역시 북구 대자로 64 2층(운암동),태권도,126.8792337,35.1732095
JJ스위밍아카데미,,광주광역시 광산구 풍영철길로 15 513호(우산동),수영,126.8116598,35.1628953
당찬태권도,624629996,"광주광역시 북구 설죽로 585-1 상가2층 201호(일곡동, 쌍용아파트)",태권도,126.8974669,35.2109252
한울태권도,625132788,광주광역시 북구 동림용산로 12-8 동림상가3층 302호(동림동),태권도,126.8689356,35.188059
달팽이휘트니스,,광주광역시 광산구 목련로153번길 79-1 5층 달팽이 휘트니스(운남동),헬스,126.8140338,35.1754103
달려라휘트니스 문화전당점,,"광주광역시 동구 서석로 40 4층,5층 달려라휘트니스(광산동)",헬스,126.9179968,35.1463263
여송검도관,624709001,광주광역시 남구 효천2로가길 17 6층 여송검도관(임암동),검도,126.874943,35.1014275
더피트니스,623667188,광주광역시 서구 월드컵4강로42번길 59 염주빌딩 3층(화정동),헬스,126.8821766,35.1420626
달려라 휘트니스,625747901,광주광역시 북구 양산제로 77 2층(연제동),헬스,126.8687751,35.2013528
큰별태권도,629523373,"광주광역시 광산구 수등로123번길 75 상가202호(신가동, 수완 한양 수자인)",태권도,126.8234374,35.1865846
솔찬탁구클럽,,광주광역시 북구 저불로73번길 7 솔찬탁구클럽(용봉동),탁구,126.8949792,35.1809607
클라임라운지,623828848,광주광역시 서구 금화로383번길 10 304호 클라임라운지(화정동),기타종목,126.8871242,35.14278
첨단탁구교실,625713959,광주광역시 북구 첨단연신로107번길 5-12 2층 첨단탁구교실(신용동),탁구,126.8633306,35.206988
오치태권도 예절관,622669921,광주광역시 북구 우치로231번길 17 상가 3층 오치태권도(오치동),태권도,126.9045206,35.1851559
일비발달센터 주식회사,629627781,광주광역시 광산구 목련로273번길 99 5층 501호 일비발달센터(운남동),기타종목,126.8245074,35.1785801
송우태권도,629450606,광주광역시 광산구 사암로158번길 55 2층 송우태권도장(우산동),태권도,126.8108125,35.158274
송원스포츠클럽남구반다비체육센터,623528800,광주광역시 남구 대남대로308번안길 20 2층 사무실(월산동),종합체육시설,126.8987881,35.1387229
송원태권도,626822177,광주광역시 서구 송풍로17번길 5 302호(풍암동),태권도,126.866712,35.1186992
골드짐,288818068,광주광역시 광산구 신창로 68 파라다이스빌딩6층(신창동),헬스,126.8373433,35.1913018
피트니스스타,623839688,광주광역시 서구 금화로 283 4층(화정동),헬스,126.8779669,35.1378491
킹샘점핑댄스,,광주광역시 남구 대남대로 47 2층(방림동),기타종목,126.9191981,35.1362678
문산태권스쿨,622676064,광주광역시 북구 문산로 43-2 (문흥동) 라인1차아파트상가 307호 문산태권스쿨,태권도,126.9231149,35.1860947
송화태권도,626759919,광주광역시 남구 노대실로 36(858번지) 502호,태권도,126.906051,35.106468
효심태권도,629535992,"광주광역시 광산구 비아로62번길 7 상가 3층(도천동, 중흥아파트)",태권도,126.8173579,35.2202548
수문태권도,629562326,"광주광역시 광산구 왕버들로252번길 46 상가2층 수문태권도(신창동, 신창지구도시공사아파트)",태권도,126.8344856,35.1947219
전진태권도스쿨,625747773,광주광역시 북구 양산제로 52 새한아파트 상가 3층 302호 전진태권도스쿨(연제동),태권도,126.8697324,35.19967
동신스포츠지원센터,,광주광역시 북구 하서로672번길 18-18 (지야동),기타종목,126.890095,35.2321302
수완 택견이랑 해동검도,629623380,광주광역시 광산구 풍영로200번길 13 4층(장덕동),검도,126.8151067,35.189385
수완MAX태권도장,629557111,"광주광역시 광산구 수완로33번길 76 상가 2층 맥스태권도(수완동, 은빛마을 모아엘가)",태권도,126.8250814,35.1889532
수완골프아카데미,629591114,광주광역시 광산구 임방울대로 325 정인빌딩 4층  수완골프아카데미(수완동),골프,126.8229331,35.1891333
골드짐,629436888,광주광역시 광산구 동곡로 739 7층 골드짐(선암동),헬스,126.7778703,35.1475085
그린태권도,,광주광역시 동구 남문로622번길 6 2층 그린태권도(소태동),태권도,126.9320716,35.1264282
명문탁구교실,629413579,광주광역시 광산구 우산로 55-10 (우산동),탁구,126.8070884,35.1583243
전남태권도예절관,629711555,광주광역시 광산구 월계로 191 5층 2호(월계동),태권도,126.8464279,35.2136383
수피아필라테스요가,50713369610,광주광역시 광산구 임방울대로801번길 8 4층 수피아필라테스요가(쌍암동),필라테스,126.8462171,35.2182291
도을요가필라테스,22614560,광주광역시 북구 면앙로 52 (2층) 도을요가필라테스(문흥동),요가,126.9177083,35.1789382
국제파크골프연합회,23690070,광주광역시 서구 상무대로 1091 2층(화정동),골프,126.8813011,35.1531133
점핑하이 운암점,,광주광역시 북구 북문대로 154 2층 점핑하이(운암동),기타종목,126.8726568,35.1825702
국가대표월드클래스태권도,,"광주광역시 남구 서문대로812번길 4-8 지하3층 316,317호(주월동, 남구주월골드클래스어반시티)",태권도,126.8999738,35.1301977
명선태권도,623615424,광주광역시 서구 군분2로 31 건물2층(화정동),태권도,126.8808471,35.1557784
다빼핏,,"광주광역시 광산구 어등대로647번길 32 상가3층 다빼핏(소촌동, 송광파크맨션)",기타종목,126.7936746,35.1450118
광주동희체육관,622695276,광주광역시 북구 문산로 43-7 5층체육관(문흥동),기타종목,126.9223283,35.1858931
다모여태권스쿨,623850591,"광주광역시 서구 금화로115번길 9 상가2층 다모여태권스쿨(금호동, 한국아파트)",태권도,126.8606685,35.1337454
쉼표심리발달센터,625756841,광주광역시 북구 양일로 58 신아빌딩 6층 602호 쉼표심리발달센터(연제동),기타종목,126.8712378,35.197491
명성체육관,623645600,광주광역시 서구 화정로243번길 12 명성체육관(화정동),태권도,126.8840251,35.1477452
다나필라테스 수완하남점,629515504,광주광역시 광산구 용아로379번길 45 3층 다나필라테스 수완하남점(산정동),필라테스,126.801835,35.176479
다나필라테스,625745504,"광주광역시 북구 양산로 60 202호, 303호(양산동)",필라테스,126.8807151,35.2099974
탄필라테스,,광주광역시 광산구 왕버들로 87 한섬하우스 B동 3층 탄필라테스(수완동),필라테스,126.8203319,35.2027868
바위클라이밍짐,622290510,"광주광역시 동구 예술길 31-15 지하 1,2층(대의동)",클라이밍(암벽등반),126.9197982,35.1498863
다같이점핑,,광주광역시 북구 설죽로370번길 33 2층 점핑(삼각동),댄스(줌바 등),126.9020068,35.1938282
에이치핏점핑다이어트,277207711,"광주광역시 광산구 신창로71번길 33 정문상가 2층 에이치핏점핑다이어트(신창동, 신창2차부영아파트)",헬스,126.8334834,35.1926337
에이원태권도장,625720700,광주광역시 북구 양산택지소로 23 3층(본촌동),태권도,126.882868,35.2142723
하모니예술심리치유센터,629620713,광주광역시 광산구 풍영철길로 20-6 CM빌딩 4층 하모니예술심리치유센터(우산동),기타종목,126.8127145,35.1627944
전남태권도 풍영도장,629556600,광주광역시 광산구 수등로258번길 16 (신가동)전남태권도 풍영도장,태권도,126.8368975,35.1836157
전남체육관태권도,25725150,광주광역시 북구 상촌로31번길 8 전남체육관태권도(양산동),태권도,126.8784044,35.2121589
운암탁구교실,625142949,광주광역시 북구 북문대로169번길 19 3층 운암탁구교실(운암동),탁구,126.8704847,35.1829522
강호짐,625133711,"광주광역시 북구 서강로54번길 22 3층 강호짐(운암동, 코아빌딩)",합기도,126.8733743,35.1759546
전남체육관건강한태권도장,626759667,광주광역시 남구 백운로 62 백운동(백운동),태권도,126.9062868,35.1387458
연아당구장,,광주광역시 남구 봉선중앙로47번길 10 501호 연아당구장(봉선동),기타종목,126.9104937,35.1251448
황평주등반교실 실내암벽장,623841514,광주 서구 풍금로 57 2층 황평주등반교실 실내암벽장 2층 황평주등반교실 실내암벽장(금호동),클라이밍(암벽등반),126.8616764,35.1235159
금부태권도,623826777,광주광역시 서구 금화로149번길 25 모아아파트 상가 201호(금호동),태권도,126.8634146,35.1347614
태권마루,629625774,광주광역시 광산구 목련로153번길 124 204호(운남동),태권도,126.8151107,35.1773774
원도체육관,622278226,광주광역시 동구 밤실로30번길 4-2~8 2층 원도체육관,태권도,126.9372837,35.1499478
스위밍차일드,626546002,광주광역시 남구 유안초등북길 7 1층 스위밍차일드봉선점(봉선동),수영,126.9143771,35.1267955
합기도주월도장,,광주광역시 남구 회서로22번길 16 1층 합기도 주월도장(주월동),합기도,126.8922497,35.1300774
에스짐,625211006,광주광역시 북구 북문대로 40 로이젠건물 6층 에스짐 운암점(운암동),헬스,126.8816182,35.1754642
스위밍키즈 운남점,629555003,광주광역시 광산구 목련로153번길 56 운남주공 7단지 상가동 b1(운남동),수영,126.815787,35.1738133
운암탁구교실,625142949,광주광역시 북구 북문대로169번길 19 3층 운암탁구교실(운암동),탁구,126.8704847,35.1829522
에스엠SM당구클럽,,광주광역시 북구 설죽로370번길 30 3층 sm당구클럽(오치동),당구,126.9017609,35.1933484
금호탁구교실,23713883,광주광역시 서구 금호심곡길 6 금호동 341-1 금호탁구교실(금호동),탁구,126.8558464,35.1346545
경향태권도,622237644,"광주광역시 동구 무등로 374 (계림동, 두산위브)상가 205호",태권도,126.9241662,35.1594986
전남체육관7도장 삼성태권도,629560070,"광주광역시 광산구 임방울대로 142-12 387-22 상가3층 303호(운남동, 삼성아파트)",태권도,126.8202473,35.1729465
하람태권도,623835333,광주광역시 서구 치평로 124 305호 하람태권도(치평동),태권도,126.8477242,35.1583769
나우휘트니스,626828883,광주광역시 남구 봉선2로 41 3층(봉선동),헬스,126.9108663,35.125891
금호무도관 특공합기도,623823960,광주광역시 남구 신효천2길 22 1층 일부분 금호무도관(행암동),합기도,126.8787956,35.1010344
뉴세종,626818182,광주광역시 서구 풍암순환로 94 상가3층 302호(풍암동),태권도,126.881894,35.1209815
한국헬스클럽,623672255,광주광역시 서구 화정로244번길 33-1 3층 한국헬스클럽(화정동),헬스,126.8856892,35.1446469
우리탁구클럽,625724939,광주광역시 북구 양산택지로 20 우리탁구클럽(양산동),탁구,126.8792334,35.208243
펀치 다이어트,,광주광역시 광산구 장신로 140 동원빌딩 6층 602호 펀치다이어트(수완동),빙상,126.8253142,35.1904017
모던필라테스 광주동구점,622225222,광주광역시 동구 동계로10번길 16 2층 모던필라테스 광주동구점(동명동),필라테스,126.9256162,35.1523357
이에스실용무용,625140806,광주광역시 북구 황계로55번길 24 3층 이에스벨리앤댄스(운암동),무용(발레 등),126.8748114,35.1781353
네팔노숙자 핑퐁스토리,629733959,광주광역시 광산구 임방울대로800번길 72 308호 네팔노숙자 핑퐁스토리(월계동),탁구,126.8452398,35.2142919
강진여댄스스쿨,626548868,광주광역시 남구 용대로 116 2층 강진여댄스스쿨(봉선동),에어로빅,126.9184136,35.1265743
광주광역시도시공사,623806800,광주광역시 서구 시청로 26 광주광역시 도시공사(치평동),수영,126.8521687,35.1506793
내방체육관올바른체형,,광주광역시 서구 화운로175번길 22 2층 내방태권도(내방동),태권도,126.8744475,35.1547428
강인태권도,629511771,"광주광역시 광산구 장덕로5번길 16 상가동 강인태권도(장덕동, 골드클래스)",태권도,126.8118741,35.1975134
어반수영장 봉선점,,광주광역시 남구 봉선로52번길 14 어반수영장(주월동),수영,126.90287,35.1284736
JY태권도,626540038,광주광역시 남구 중앙로50번안길 15 jg 빌딩 2층(서동),태권도,126.9054186,35.1430268
힐문화예술교육원,622254530,광주광역시 남구 대남대로 127 2층(방림동),요가,126.9111993,35.1337752
남쪽휘트니스클럽,626534747,광주광역시 남구 서문대로 831 남쪽휘트니스클럽(주월동),헬스,126.9008481,35.1328602
주식회사 시티스포츠센타,623684600,광주광역시 서구 죽봉대로 52 (농성동),볼링,126.8834675,35.1582663
어룡태권도,629413623,"광주광역시 광산구 소촌로86번길 20-5 모아드림타운 2차 상가 202호(소촌동, 모아드림2차아파트)",태권도,126.7961253,35.1519985
장수영 테라피요가,27108216,광주광역시 광산구 임방울대로 216 4층 장수영 테라피요가(신가동),요가,126.8182292,35.1804294
화랑태권스쿨,625755928,광주광역시 북구 연양로 36 양지빌딩 201호 2층 화랑태권스쿨(양산동),태권도,126.871427,35.2061705
튼튼한태권도,629540068,"광주광역시 광산구 풍영로329번길 51 상가2층 튼튼한태권도(장덕동, 신완마을 휴먼시아)",태권도,126.8116899,35.1995564
티맥스태권도,622617262,광주광역시 북구 면앙로 50 상가3층 티맥스태권도(문흥동),태권도,126.9175708,35.1789743
양산S복싱체육관,625731121,광주광역시 북구 하서로 421 양산빌딩403호 양산S복싱체육관(용두동),복싱,126.8741981,35.2126716
학운태권도체육관,622240078,광주광역시 동구 의재로 149-18 2층(운림동),태권도,126.9452016,35.1327706
전남체육관 27도장,29533166,광주광역시 광산구 하남대로 248-16 2층 운남태권도장(전남체육관27도장)(운남동),태권도,126.8204265,35.1777859
류스포츠,623730901,광주광역시 서구 상무자유로 73 (치평동)일가정양립지원본부 지하 1층 수영장(치평동),수영,126.8422161,35.1522117
T1태권도장,626755529,광주광역시 남구 화산로17번길 1 2층(진월동),태권도,126.8987045,35.1121867
해바라기태권도,624613003,광주광역시 광산구 금봉로 113 4층 해바라기태권도(우산동),태권도,126.8111045,35.1521322
행복한태권도장,626545515,광주광역시 남구 화산로31번길 5 3층 행복한태권도장(진월동),태권도,126.9003368,35.1128317
Y2휘트니스,626528994,광주광역시 남구 용대로 117 3층 Y2휘트니스(봉선동),헬스,126.9181139,35.1266666
리더스클럽 합기도 바른교육관,25763040,광주광역시 북구 양일로 73 2층201호(양산동),합기도,126.8728789,35.19802
리더스합기도,23689116,"광주광역시 서구 월드컵4강로28번길 60 103,104,105,106호 리더스합기도(화정동, 신동아아파트)",합기도,126.8825858,35.140773
한국체육관,625765679,광주광역시 북구 매곡로 85 매곡프라자 301호,태권도,126.8921426,35.1922648
봉선태권도장,,"광주광역시 남구 봉선중앙로 103 라인광장 1차상가 202호 봉선태권도장(봉선동, 라인광장아파트)",태권도,126.9099532,35.1301798
조은탁구장,623667989,광주광역시 서구 월드컵4강로28번길 62 농협 4층 조은탁구장(화정동),탁구,126.8826952,35.141375
일곡태권도장,625729191,광주광역시 북구 일곡로 100-1 2층 상가 일곡태권도장(일곡동),태권도,126.8995836,35.2089949
조선태권도장,26758251,광주광역시 남구 회재로1186번길 31 주월동 현대아파트2차 상가(주월동),태권도,126.8922171,35.1289777
파랑새탁구회관,,광주광역시 광산구 도산로9번길 12 (도산동),탁구,126.7909755,35.1288569
바른학송합기도,29720332,광주광역시 광산구 월계로 124 2층 바른학송합기도(월계동),합기도,126.8390133,35.2134286
고실태권도예절관,,"광주광역시 광산구 풍영로 294-8 부영아파트 상가2층(장덕동, 고실마을 부영 애시앙)",태권도,126.8166058,35.1968041
경희해찬솔태권도,624019418,"광주광역시 동구 남문로693번길 11 상가동2층 201호~203호(학동, 학2마을아파트)",태권도,126.9273557,35.131234
당찬태권도,624629996,"광주광역시 북구 설죽로 585-1 201호(일곡동, 쌍용아파트)",태권도,126.8974669,35.2109252
KIMS태권도장,29545689,광주광역시 광산구 산정로6번길 21-13 1층(산정동),태권도,126.80442,35.1676326
용인대참사랑태권도,622654306,광주광역시 북구 월동로 38 3층(두암동),태권도,126.93519,35.1749415
해오름태권도,629532067,광주광역시 광산구 목련로217번길 34 2층(운남동),태권도,126.821653,35.1737895
키다리태권도,624006784,광주광역시 남구 효우로 332-7 상가 202호 키다리태권도(행암동),태권도,126.88191,35.0997727
봉선골프존,626710001,광주광역시 남구 불로마을길 9 552-1(봉선동),골프,126.9122099,35.1219021
봉선태권도장,26513013,"광주광역시 남구 봉선중앙로 105 라인광장 1차 상가 2층 봉선태권도장(봉선동, 라인광장아파트)",태권도,126.9106726,35.1303831
24시 달려라휘트니스 첨단점 헬스 PT,,"광주광역시 광산구 첨단중앙로106번길 65-7 2층, 달려라휘트니스 첨단점(월계동)",헬스,126.8465284,35.2156463
효천태권도장,626827800,광주광역시 남구 효우2로 30 광주 남구 효우2로 30,태권도,126.8888351,35.1018857
목련태권도,629613663,광주광역시 광산구 목련로153번길 56 운남주공7단지아파트 상가2층 목련태권도(운남동),태권도,126.815787,35.1738133
광림태권도,623516772,광주광역시 남구 금화로376번길 21 영무예다음상가 2층,태권도,126.8884635,35.1403705
레드원클라이밍,708771150,광주광역시 남구 봉선2로 81 가로수빌딩 3층 레드원클라이밍(봉선동),클라이밍(암벽등반),126.9152463,35.1261265
클라임패밀리,23813777,광주광역시 광산구 임방울대로 507 D동B층102호(지하1층)(수완동),기타종목,126.819462,35.204907
창무체육관,625113362,광주광역시 북구 용주로8번길 46 창무체육관 2층(용봉동),합기도,126.9012493,35.1799422
부모사랑태권도,629555556,"광주광역시 광산구 월곡산정로 40 우미상가2층부모사랑태권도(우산동, 우미아파트)",태권도,126.8065219,35.165886
팀맥 스타짐,629456077,광주광역시 광산구 송정로 44 3층 (팀맥스타짐)(송정동),복싱,126.7956454,35.1353196
유덕태권도장,623811006,광주 서구 상무버들로 34 가남빌딩 4층 유덕태권도,태권도,126.8597833,35.1646448
수피아필라테스요가,,광주광역시 광산구 임방울대로801번길 8 cm타워 4층(쌍암동),요가,126.8462171,35.2182291
경희대가람태권도,629415400,"광주광역시 광산구 선운중앙로 43 단지내상가 2층(경희대가람태권도)(선암동, 광주 선운지구 EG the1 2단지)",태권도,126.7763214,35.149412
라필라테스,25716668,광주광역시 북구 양산로 71 3층 302호 라필라테스(양산동),필라테스,126.8820231,35.2101111
라파엘,,광주광역시 광산구 월계로 191 5층 라파엘필라요가(월계동),요가,126.8464279,35.2136383
코리아태권도체육관,622684801,광주광역시 북구 삼정로 85 코리아태권도장(두암동),태권도,126.9371614,35.1696756
알앤비휘트니스,626528455,광주광역시 서구 풍금로 165 4층 알앤비휘트니스(금호동),헬스,126.8592659,35.1306941
나르샤태권도,626754213,광주광역시 동구 남문로 349 2층 나르샤태권도(월남동),태권도,126.9386182,35.1031259
주식회사 자연주택(포레스힐피트니스),625112388,"광주광역시 북구 대자실로 22 201호, 2층 포레스힐피트니스(운암동, 운암동 포레스-힐2)",헬스,126.8740474,35.1790428
주식회사 케이원볼링 봉선점,626540925,광주광역시 남구 봉선2로 81 지하1층(봉선동),볼링,126.9152463,35.1261265
장덕태권도,629628112,"광주광역시 광산구 풍영로170번길 39-9 새한포유상가 2층 201호 장덕태권도(장덕동, 성덕마을 새한포유)",태권도,126.8154055,35.1871362
어반수영장봉선점,,광주광역시 남구 봉선로52번길 14 어반수영장봉선점(주월동),수영,126.90287,35.1284736
광명체육관,629510618,"광주광역시 광산구 월곡산정로 12 상가3층 302호(우산동, 하남주공아파트 1차/2차 아파트)",태권도,126.8026708,35.1657166
신창당구장,629626666,광주광역시 광산구 신창로72번길 10-29 2층 신창당구장(신창동),당구,126.8387259,35.1913994
웅비태권도,,광주광역시 북구 서하로 256 3층 웅비태권도(오치동),태권도,126.9083067,35.1869671
주식회사 퍼스트볼링,627100592,광주광역시 북구 우치로257번길 17 (오치동),볼링,126.9032803,35.1876892
무천지심 태권도장,23714610,"광주광역시 서구 화정로 87-1 (쌍촌동, 시영아파트 3단지 상가 201호)",태권도,126.8669947,35.1460598
우람태권도,623521261,광주광역시 북구 서양로 139 2층 우람태권도(우산동),태권도,126.9162015,35.1679435
광산구시설관리공단 빛고을국민체육센터,29559101,광주광역시 광산구 무진대로211번길 28 빛고을국민체육센터(우산동),수영,126.8044625,35.1635029
안남규태권도장,625118555,광주광역시 북구 북문대로 246 3층 안남규태권도장(동림동),태권도,126.8654202,35.1873317
바른체육관,622647750,광주광역시 북구 천지인로 173번길 22 광명아파트 상가2층,기타종목,126.9192207,35.1852522
번개태권도,23759283,"광주광역시 서구 화정로 96 중흥,광명아파트 상가2층",태권도,126.8678377,35.1448149
주식회사누브,,광주광역시 서구 상무대로955번길 46 (쌍촌동) 3층,골프,126.8669661,35.1554684
라움태권도,625729163,광주광역시 북구 양산택지로 93 건물 3층 라움태권도(본촌동),태권도,126.8822275,35.2143773
해맑은태권도,622631333,"광주광역시 북구 천지인로173번길 10 상가2층 해맑은태권도(문흥동, 중흥아파트)",태권도,126.9185791,35.1838046
린태권스쿨,625235110,"광주광역시 서구 하남대로710번길 20 우미린@ 정문상가 2층 린태권스쿨(동천동, 우미린)",태권도,126.8686981,35.169736
광주 바이스앤,29510920,광주광역시 광산구 풍영로101번길 52 2층(흑석동),골프,126.8094286,35.1823932
최병일,,광주광역시 서구 운천로16번길 4 3층 금호무도관(금호동),합기도,126.8596985,35.1340661
573스위밍풀,626555731,광주광역시 남구 효천길 3 1층(임암동),수영,126.8782049,35.1024893
플러스실내골프연습장플러스폭스짐,625117044,광주광역시 북구 비엔날레로 108 3층 플러스폭스짐(용봉동),헬스,126.8905233,35.1813608
광주광역시 북구 반다비 체육센터,625240730,광주광역시 북구 필문대로 55 북구 반다비체육센터 2층(풍향동),수영,126.9269526,35.1647158
광주광역시 서구시설관리공단 풍암국민체육센터,626546058,광주광역시 서구 풍암공원로 20 풍암국민체육센터(풍암동),종합체육시설,126.8810502,35.1300695
광주광역시검도회,23736292,광주광역시 서구 금화로 278(풍암동) 염주체육관 내 검도장,검도,126.8790595,35.1368102
주짓수 MMA 라스트짐,626510517,광주광역시 남구 효우2로26번길 4 2층 201호(행암동),복싱,126.8892695,35.1021241
주짓수그라운드,,"광주광역시 북구 용주로30번길 16 상가 3층 주짓수그라운드(용봉동, 삼원맨션)",주짓수,126.9012629,35.180826
유육탑스포츠,622630060,광주광역시 북구 설죽로 394 3층 육탑스포츠(삼각동),헬스,126.9001754,35.1943992
블랙벨트태권도장,626511888,광주광역시 남구 방림로 30 2층 블랙벨트태권도장(방림동),태권도,126.920643,35.1346183
마나스테이,283203233,광주광역시 북구 매곡로 15 대송빌딩 4층 마나스테이요가(용봉동),요가,126.8942186,35.1864141
비호태권도장,624013412,광주광역시 남구 백운로 83-1 2층(백운동),태권도,126.9059199,35.1406618
나라찬태권도,626825578,광주광역시 남구 봉선2로 81 가로수빌딩3층302호(봉선동),태권도,126.9152463,35.1261265
라스트짐,623510517,광주광역시 남구 화정로260번길 34 4층 라스트짐(월산동),기타종목,126.8869516,35.1451709
광주광역시장애인국민체육센터,626003900,광주광역시 서구 금화로 278 광주광역시장애인국민체육센터(풍암동),헬스,126.8790595,35.1368102
스타클래스태권도,,광주광역시 서구 화정로244번길 21 2층 스타크래스태권도(화정동),태권도,126.8849754,35.145585
광주국제당구장,623751111,광주광역시 광산구 고봉로 56 1층 국제당구장(흑석동),당구,126.8010867,35.1825215
웰빙탁구교실,629741010,광주광역시 광산구 첨단중앙로152번길 5-8 4층 웰빙탁구교실(쌍암동),탁구,126.8427922,35.21965
우리 태권도 체육관,629412228,광주광역시 광산구 사암로27번길 55 2층(신촌동),태권도,126.805543,35.1448376
유촌 태권도,623759997,광주광역시 서구 상일로 52 2층 유촌 태권도(쌍촌동),태권도,126.8634105,35.1600756
광주남구청소년수련관,626705000,광주광역시 남구 봉선로 208 남구청소년수련관(봉선동),수영,126.917192,35.1222373
유캔태권도,629523737,광주광역시 북구 첨단연신로91번길 20-7 창우빌딩6층(신용동),태권도,126.8618711,35.206989
그라찌야발레무용학원,629511233,광주광역시 광산구 목련로397번안길 17 그라찌야발레무용학원(신가동),무용(발레 등),126.8322484,35.1831966
비상태권도,23727742,광주광역시 서구 금호운천길 60 2층 비상태권도(금호동),태권도,126.8566682,35.1403434
아이퍼스트태권도,29461362,광주광역시 광산구 풍영로145번길 82 602호(흑석동),태권도,126.8098175,35.183513
양진광탁구교실,24123959,광주광역시 북구 설죽로389번길 65 2층(삼각동),탁구,126.8981577,35.1960541
해동검도 산정도장,29593936,광주 광산구 손재로 110번길30 .3층,기타종목,126.7986444,35.1757708
제석태권도,626762222,"광주광역시 남구 봉선로 55 광주공역시 남구 봉선로55 이지더원2단지 상가 2층 제석태귄도(봉선동, 봉선이지더원2단지)",태권도,126.9047926,35.1286954
광주송정스타킥복싱무에타이체육관,629456887,광주광역시 광산구 상무대로 323-2 (신촌동),기타종목,126.8011956,35.143924
광주실내스키장,624161100,"광주광역시 남구 천변좌로338번길 16 B1,  광주실내스키장(구동)",기타종목,126.9088003,35.1485721
비전태권스쿨,25761517,광주광역시 북구 자라봉로63번길 9 2층 비전태권스쿨(양산동),태권도,126.8803984,35.2083049
신제일 태권도,623655660,광주광역시 서구 금화로383번길 10 3층 신제일 태권도(화정동),태권도,126.8871242,35.14278
광주와이필라테스뉴런요가,625155000,광주광역시 서구 풍암2로 8 3층(풍암동),필라테스,126.8796176,35.1268615
광주재활센터,23821275,광주광역시 서구 상무누리로 14 파로스빌딩4층광주재활센터(치평동),필라테스,126.8408721,35.1445365
챔피언이 직접지도하는 무에타이 킥복싱 MWGYM,29710107,"광주광역시 광산구 첨단내촌로 101 라인8차아파트 상가 2층 MWGYM(월계동, 첨단8차라인아파트)",복싱,126.8334716,35.2145934
신창당구장,,광주광역시 광산구 신창로72번길 10-29 2층(신창동),당구,126.8387259,35.1913994
광주파크골프스쿨,629723300,광주광역시 광산구 앰코로 35 폭스존 1층124(쌍암동)(쌍암동),골프,126.8523915,35.2215326
즐거운태권도장,629718522,"광주광역시 광산구 월계로 117-32 라인1차아파트 정문 상가 3층(월계동, 첨단산업기지 라인1차아파트)",태권도,126.8406203,35.2163601
광주화랑권투,622281800,광주광역시 동구 필문대로 265 2층3층 광주화랑권투(동명동),복싱,126.9282131,35.1474329
24시 달려라휘트니스 용봉점 헬스 PT,,"광주광역시 북구 용봉택지로 51 2층, 달려라 휘트니스(용봉동)",헬스,126.8920539,35.1787693
지민태권스쿨,626715282,광주광역시 남구 봉선로79번길 11 2층 지민태권스쿨(봉선동),태권도,126.9070332,35.1266915
지상태권도,625230005,광주광역시 북구 비엔날레로 109-1 2층 지상태권도(용봉동),태권도,126.8898987,35.181736
율곡태권도,622649764,광주광역시 동구 갈마로 48 3층 율곡태권도(산수동),태권도,126.9357829,35.1615582
드림태권도,622686663,광주광역시 북구 삼정로 51 4층,태권도,126.9370525,35.1665543
메종드필라테스&요가,623639789,광주광역시 서구 화정로243번길 4 403호(화정동),필라테스,126.8836625,35.147536
신창탁구클럽,629551939,광주광역시 광산구 왕버들로 265 신창동 은명빌딩3층 신창탁구클럽(신창동),탁구,126.8376805,35.1962392
정희연무용학원,623832726,광주광역시 서구 금화로 283 스타빌딩 3층 정희연무용학원(화정동),무용(발레 등),126.8779669,35.1378491
신창태권도인성관,629595992,"광주광역시 광산구 신창로 69 5층, 신창태권도장(신창동)",태권도,126.8367614,35.1914631
호림태권도,,"대전광역시 유성구 과학성장로 80 근린생활시설 2동 201호(둔곡동, 우미린)",태권도,127.3652354,36.4548727
코리아태권도장 복수점,425822030,"대전광역시 서구 복수서로 15 (복수동, 복수센트럴자이)자이상가 207,208호",태권도,127.3729334,36.3067526
해오름태권도장,422722712,대전시 중구 석교동65-19 한라빌딩2층,태권도,127.4442098,36.3081787
리본mma주짓수,424889682,대전광역시 서구 문정로 82 3층(탄방동),주짓수,127.3882886,36.3464462
가오풋살장,283518878,대전광역시 동구 은어송로 116-83 1층(가오동),축구(풋살),127.4649669,36.3100705
호암태권도,428223757,대전광역시 유성구 반석동로 42 에이스프라자 5층 501호 호암태권도(반석동),태권도,127.3122366,36.3911529
리본대전둔산점 평생교육원,424786766,대전광역시 서구 둔산남로 108 4층 리본필라테스(탄방동),필라테스,127.3894749,36.348728
소나무향기태권도,428265220,대전광역시 유성구 지족로148번길 5-25 303~305호(지족동)(지족동),태권도,127.3035546,36.3785099
용인대합기도,428236702,대전광역시 유성구 문화원로 16 고원빌딩3층(장대동),합기도,127.3380242,36.3612391
용인대지노태권스쿨,425841323,"대전광역시 서구 복수중로34번길 3 2층, 용인대지노태권스쿨(복수동)",태권도,127.3754599,36.3075163
연세 맘스닥터 아동발달센터,428264668,"대전광역시 유성구 학하중앙로128번길 22-10 2,3층(학하동)",기타종목,127.3053803,36.3404572
남대전 복싱클럽부사동,422223557,대전광역시 중구 보문로 62 (부사동),복싱,127.4341978,36.3134502
대전광역시시설관리공단 용운,422801000,대전광역시 동구 동부로 138 (용운동),수영,127.4665658,36.3251422
한밭검도관,426241616,대전광역시 대덕구 선비마을로5번길 3 4층(송촌동),검도,127.4456609,36.3618256
이화아동발달연구소,428627151,대전광역시 유성구 대학로 233-1 1층(어은동),기타종목,127.3586011,36.3627431
한성유도관본점,422726533,대전광역시 동구 은어송로 33 502호(가오동),유도,127.4535,36.3049677
제일채육관태권도,326247266,대전광역시 동구 가양로 89 2층 제일 태권도(가양동),태권도,127.4421015,36.3442705
중리태권도,426257799,대전광역시 대덕구 중리남로40번길 77 중리태권도(중리동),태권도,127.4272866,36.3643853
점프농구교실,,대전광역시 동구 옥천로106번길 263 점프농구교실(판암동),농구,127.4646356,36.3155938
영웅체육관 2관,26343232,대전광역시 동구 동서대로 1518 3층(삼성동),태권도,127.4218608,36.34091
자이복싱,422221942,대전광역시 중구 충무로107번길 122 3층(대흥동),복싱,127.4260737,36.3233211
단국대나래태권도,422567676,"대전광역시 중구 충무로107번길 100 대흥동 센트럴자이 1단지  A동 상가 단국대 나래태권도(대흥동, 센트럴자이)",태권도,127.4277499,36.3222413
팀피니쉬법동점,,대전광역시 대덕구 중리북로 10 4층팀피니쉬법동점(법동),기타종목,127.4289388,36.3673587
한울태권도스포츠센터,426267620,대전광역시 대덕구 비래동로15번길 2 대양코아3층 한울태권도스포츠센터(비래동),태권도,127.4497521,36.3556403
솔파란아동발달센터,426210786,"대전광역시 동구 동서대로 1688 빅플러스타워 602, 605호(성남동)",기타종목,127.437419,36.3488949
단국대 나래태권도,422725443,대전광역시 동구 용운로 69 3층 단국대 나래태권도(용운동),태권도,127.4502655,36.3270022
송강태권도,,"대전광역시 유성구 구즉로 16 상가동 206호(송강동, 한마을아파트)",태권도,127.38513,36.4303406
움직임필라테스,,대전광역시 중구 계백로1716번길 26 미성빌딩 3층 302호(문화동),필라테스,127.4102401,36.3204726
대전mma,22427989,대전광역시 중구 충무로107번길 122 3층 체육관(대흥동),기타종목,127.4260737,36.3233211
위너스FC,,"대전광역시 서구 관저동로90번길 47 1109동1601호(관저동, 느리울마을아파트11단지)",축구,127.3437158,36.3019172
엘림탁구클럽,,대전광역시 서구 유등로 659 3층 엘림탁구클럽(탄방동),탁구,127.4014467,36.3457599
운동과학연구센터(대전),428237173,"대전광역시 유성구 왕가봉로2번길 68 (노은동, 덕청빌딩) 3층",수영,127.317367,36.3651862
베스트점핑,427615484,대전광역시 중구 중앙로13번길 22-8 2층 베스트점핑(용두동),기타종목,127.4137853,36.3236131
효성태권도,426317549,대전광역시 동구 충정로 131 효성태권도 201호(자양동),태권도,127.4495822,36.3430053
로또 당구클럽,271841973,대전광역시 서구 계룡로 346 3층 (등기상4층)(갈마동),당구,127.3674019,36.353574
하이운동발달센터,,대전광역시 서구 관저로 175 5층(관저동),기타종목,127.3415368,36.2993458
엘리트탁구클럽,,대전광역시 유성구 문화원로10번길 2 두정빌딩지하(장대동),탁구,127.3371376,36.3613405
다윗복싱주식회사,425358688,대전광역시 서구 배재로 174 4층(도마동),복싱,127.3705354,36.3240781
베네핏휘트니스,424833565,대전광역시 서구 청사로123번길 34 7층헬스장(월평동),헬스,127.3776662,36.3613219
효성태권도,426317549,대전광역시 동구 충정로 131 2층(자양동),태권도,127.4495822,36.3430053
합기도 월드도장,422723198,대전광역시 중구 대종로 135 2층(호동),합기도,127.4497364,36.3040863
다원요가필라테스,426363840,대전광역시 대덕구 계족산로81번길 92 아카데미타워501호(송촌동),요가,127.4374882,36.3665528
베네핏휘트니스,,대전광역시 대덕구 동춘당로94번길 11-21 은혜프라자 601호 베네핏(송촌동),헬스,127.4392157,36.3662142
수복싱,28267977,대전광역시 유성구 지족로364번길 19 성훈프라자 420호(지족동),복싱,127.3179351,36.3861643
합기도 양우관 센트럴체육관,,대전광역시 중구 서문로105번길 7 2층(문화동),합기도,127.4064359,36.3174637
베네핏,,대전광역시 유성구 원내로39번길 17 3층(원내동),헬스,127.3199554,36.3005961
엘리트태권도,425422910,대전광역시 서구 가수원로 71-1 2층 엘리트태권도(가수원동),태권도,127.3507192,36.3003432
용인대백룡태권도,425858688,대전광역시 서구 복수남로12번길 44 4층(복수동),태권도,127.3810091,36.299206
괴정 스마트태권도,425353292,대전광역시 서구 도솔로 343 2층 스마트태권도(괴정동),태권도,127.3848187,36.3383574
행복태권도,425284450,대전광역시 서구 계룡로500번길 54 2층(갈마동),태권도,127.3782454,36.3424114
타이거태권도장,426224367,"대전광역시 대덕구 계족로663번길 30-6 2층,타이거태권도장(법동)",태권도,127.4271301,36.3708899
합기도천지관정무체육관,422568239,대전광역시 중구 목중로 58 4층(중촌동),합기도,127.4086595,36.3383766
피트니스바디타임즈,428259364,대전광역시 유성구 은구비로 36 월드코아 5층 6층 피트니스바디타임즈(지족동),헬스,127.3189963,36.3756029
위너스FC,,대전광역시 유성구 원신흥남로11번길 12-1 위너스풋살파크 (위너스FC축구클럽)(원신흥동),축구,127.3372658,36.3336534
드림바디유도클럽 중리관,426332728,대전광역시 대덕구 중리서로 83 럭키스포츠 2층 드림바디유도클럽(중리관)(중리동),유도,127.42282,36.3663485
익스트림마샬아츠,424717708,대전광역시 서구 대덕대로220번길 38 지하1층 어게인짐(둔산동),기타종목,127.3813219,36.3518903
리즈필라테스,7077996673,대전광역시 동구 동부로73번길 6 4층 리즈필라테스(판암동),필라테스,127.4608818,36.3225515
다사랑태권도,422837222,대전시 동구 천동 520번지 월드빌딩 4층,태권도,127.4474454,36.3163139
둔산주짓수클럽,424858226,대전광역시 서구 계룡로553번안길 65 3층 둔산주짓수클럽(탄방동),주짓수,127.3888779,36.3461027
둔산그랜드볼링센터,425281100,"대전광역시 서구 대덕대로 150 경성쇼핑상가지하1층 볼링장(갈마동, 큰마을아파트)",볼링,127.3765098,36.3446655
신탄진점핑하이,,대전광역시 대덕구 덕암로 255 2층 렛츠고점핑다이어트(덕암동),기타종목,127.4250716,36.4430945
띠울 볼링센터,424710923,"대전광역시 서구 문정로10번길 40 1층,지하1층 볼링센터(탄방동)",볼링,127.3828866,36.344153
엘리트탁구클럽,,대전광역시 서구 계룡로629번길 63 지하1층탄방탁구장(탄방동),탁구,127.3946076,36.3413449
다솔발레무용학원,22838584,대전광역시 동구 대전로542번길 80-47 4층(천동),무용(발레 등),127.4466091,36.3160486
두드림탁구클럽,426313157,대전광역시 대덕구 계족산로81번길 60 에스파스빌딩401호(송촌동),탁구,127.438832,36.3655249
우리당구클럽,,"대전광역시 중구 대종로517번길 61 203, 204호(선화동)",당구,127.4212605,36.3284186
파르바티요가,,대전광역시 서구 원도안로207번길 15-22 1층 파르바티요가(도안동),요가,127.343063,36.3214491
용인대 합기도,28210805,대전광역시 유성구 월드컵대로 298 302호(상대동),합기도,127.33314,36.3482504
주비욘드그룹,273767466,대전광역시 중구 계백로 1711 3층(오류동),필라테스,127.4094062,36.3218631
용인대 충무태권도,426267363,대전광역시 대덕구 계족로489번길 84 3층  충무 태권도(중리동),태권도,127.4281505,36.3556243
보문합기도장,422266644,대전시 중구 보문로151 보문맨션상가1층,합기도,127.4260752,36.3165474
용인대은성태권도2관,422845100,대전광역시 동구 용운로205번길 34 3층(용운동),태권도,127.4659653,36.3280197
동아태권도,422568884,대전광역시 중구 중앙로13번길 63 2층 동아태권도(용두동),태권도,127.4116626,36.3248685
엘로리실용음악학원,423357777,대전광역시 동구 은어송로 58 글로리타워 8층(가오동),댄스(줌바 등),127.4559283,36.3060427
팀훅,,대전광역시 유성구 와룡로 19 로드fc 대전유성점 팀훅(송강동),기타종목,127.3838263,36.429043
1ON1뉴힐링라이프재활운동센터대전점,424879867,대전광역시 서구 대덕대로317번길 20 선사앤조이빌딩 452- 453호(월평동),기타종목,127.3784296,36.3613939
프렌즈아쿠아키즈풀,425452792,대전광역시 서구 도안남로 116 1층 프렌즈아쿠아키즈풀(관저동),수영,127.3328613,36.3043778
한 태권도장,429334911,대전광역시 대덕구 대덕대로 1583 2층 한 태권도장(석봉동),태권도,127.4237286,36.4505741
파랑새 유소년 스포츠클럽,423313370,대전광역시 대덕구 송촌북로5번길 29 5층 파랑새 유소년 스포츠클럽(중리동),농구,127.4355549,36.3625057
주비욘드피티필라테스,298407536,대전광역시 유성구 신성남로 57 3층(신성동),필라테스,127.3501749,36.3868799
용인대 새로 태권도,,대전광역시 유성구 학하서로20번길 12 1층(계산동),태권도,127.303595,36.3417233
용인대 변동태권도,271838000,대전광역시 서구 중반2길 116 2층 용인대  변동 태권도(변동),태권도,127.3849877,36.3240722
필라테스포유,,대전광역시 유성구 대학로 11 3층 302호(봉명동),필라테스,127.3414582,36.3549254
채움필라테스요가,422748288,대전광역시 동구 은어송로 56 한미프라자 10층(가오동),필라테스,127.4557087,36.3058895
용인대 래미안태권도,,"대전광역시 서구 가장로 106 402 가장동 삼성 래미안 상가(가장동, 삼성 래미안아파트)",태권도,127.3846873,36.3329316
웰빙탁구장,,대전광역시 중구 산성로 55 지하1층(산성동),탁구,127.3947842,36.3074872
사대전하나스포츠클럽,428265014,대전광역시 유성구 월드컵대로 32 월드컵경기장 남서관 1층 하나클라이밍짐(노은동),기타종목,127.3250035,36.3651467
주월드스포츠컨설팅 관저다목적체육관,425456000,대전광역시 서구 관저중로 10 관저다목적체육관(관저동),수영,127.3352043,36.29299
법동화랑태권도체육관,,대전광역시 대덕구 아리랑로 213 3층 법동화랑태권도체육관(법동),태권도,127.4271203,36.3743967
주월드스포츠컨설팅 도마실국민체육센터,425825556,대전광역시 서구 유등로 235 도마실국민체육센터(도마동),수영,127.3852098,36.3124105
신화합기도,25261121,대전광역시 서구 조달청길 38 2층(도마동),합기도,127.3741527,36.3191302
미르주짓수유도관,22739680,대전광역시 동구 동부로 89 2층 미르주짓수유도관(용운동),유도,127.4623428,36.3225611
정심태권도장,428679880,대전광역시 유성구 유성대로 1728 ch빌딩 3층 용인대 정심태권도장(전민동),태권도,127.401128,36.3994696
경희대성빈태권도,,대전광역시 동구 계족로140번길 183 3층 경희대성빈태권도(용운동),태권도,127.4545355,36.3284308
사회복지법인 성재원 성세체육관,425423280,대전광역시 유성구 유성대로298번길 175 성세체육관(용계동),기타종목,127.3210657,36.3216925
띠울 볼링 센터탄방,424710923,"대전광역시 서구 문정로10번길 40 1층,지하1층 볼링센터(탄방동)",볼링,127.3828866,36.344153
바디스타 휘트니스 용문가장점,425366652,대전광역시 서구 도산로 330 6층(용문동),헬스,127.3892085,36.3347973
이글태권도,425435072,대전광역시 유성구 진잠로42번길 117 3층(원내동),태권도,127.3199347,36.298936
바디스타휘트니스 관저점,425436652,대전광역시 서구 관저로 157 5층(관저동),헬스,127.3397644,36.299313
사이언스짐,28242467,"대전광역시 유성구 온천로 60 2층 사이언스짐(봉명동, 사이언스타운 주상복합 )",헬스,127.3443166,36.354541
가람태권도,429365828,대전광역시 대덕구 대덕대로1470번길 10 2층(목상동),태권도,127.4118342,36.4483955
Sfit 점핑다이어트,4241217577,대전광역시 서구 관저북로 6 402-1호(관저동),기타종목,127.3375166,36.3021826
에이치 바디핏,422729679,대전광역시 동구 옥천로 148 4층 에이치바디핏(판암동),헬스,127.4566505,36.3166631
효성태권도장,426341253,대전광역시 동구 계족로 364 2층 효성태권도(성남동),태권도,127.4339902,36.3445373
잇츠GYM,,대전광역시 유성구 어은로 50 2층 잇츠짐(어은동),헬스,127.357094,36.3628677
주센트럴볼링센타,426248800,대전광역시 대덕구 한밭대로 1027 우성사료 지하1층 센트럴볼링장(오정동),볼링,127.4126862,36.3588063
배재태권도장,25338265,대전시 서구 도솔로 53번지 2층,태권도,127.3732381,36.3153648
경성태권도,425333307,"대전광역시 서구 대덕대로 150 상가동303호 경성태권도(갈마동, 큰마을아파트)",태권도,127.3765098,36.3446655
늘푸른태권도장,426282992,대전광역시 동구 동대전로248번길 33 2층 늘푸른태권도(가양동),태권도,127.4489172,36.3444823
동그라미 클럽,425373337,대전광역시 서구 갈마로 194 지하 1층(괴정동),탁구,127.3770523,36.3372828
스너그아동발달센터,423350103,대전광역시 유성구 은구비남로33번길 59 5층 1호 스너그아동발달센터(지족동),기타종목,127.3191312,36.3748482
동구아름다운복지관,422809519,대전광역시 동구 안골로 49 동구아름다운복지관(구도동),기타종목,127.4722505,36.2681199
경희대 엑스포태권도,428637676,대전광역시 유성구 엑스포로 469 325~14(전민동),태권도,127.4045918,36.3982893
흑추관합기도,426254506,대전광역시 대덕구 동춘당로54번길 24 1층 흑추관합기도(송촌동),합기도,127.4442488,36.3638967
흑추관총본부,,대전광역시 대덕구 계족로489번길 80 4층 흑추관총본부(중리동),합기도,127.4285106,36.3556906
태권도 동아체육관,422568884,대전광역시 중구 중앙로13번길 63 2층(동아체육관)(용두동),태권도,127.4116626,36.3248685
늘봄아동발달센터,423227727,대전광역시 유성구 반석로 9 더존타워 704호 늘봄아동발달센터(반석동),기타종목,127.3135882,36.3915238
정림탁구클럽,,"대전광역시 서구 정림로 55 상가동 301, 302호(정림동, 우성아파트1차)",탁구,127.363995,36.3047855
유성반다비체육센터,428627338,대전광역시 유성구 유성대로 978 유성반다비체육센터(신성동),수영,127.3443047,36.3785616
대전광역시 서구건강체련관,424883054,대전광역시 서구 둔산서로 100 대전광역시 서구건강체련관(둔산동),수영,127.383844,36.355504
요가늘 아쉬탕가,,대전광역시 유성구 계룡로74번길 32 3층 요가늘 아쉬탕가(봉명동),요가,127.3384324,36.3532002
이유필라테스,,대전광역시 유성구 대학로 11 3층 302호 이유필라테스(봉명동),필라테스,127.3414582,36.3549254
인성태권도,26360117,"대전광역시 대덕구 동춘당로114번길 47 상가동 204호(송촌동, 선비마을2단지아파트)",태권도,127.4391307,36.3687306
태권도장 채움,425430626,"대전광역시 서구 관저로 83 신선코아303호(관저동, 신선마을아파트)",태권도,127.3327005,36.3000808
흑추관가온누리합기도용무도특공무술,425243844,대전광역시 중구 평촌로 112 한마루빌딩2층(유천동),합기도,127.3992439,36.3226821
해오름태권도장,422722712,대전광역시 중구 대종로 205 한라빌딩 2층 해오름태권도장(석교동),태권도,127.4442155,36.3081837
피트니센스PT,428250514,대전광역시 유성구 봉명로 27-3 2층 피트니센스PT(원신흥동),헬스,127.3425514,36.3422511
산소발자국금원요가,428225124,대전광역시 유성구 대학로 33 2층 금원요가(봉명동),요가,127.342218,36.356881
주씨엘키즈 서구국민체육센터,425838486,대전광역시 서구 정림서로 181 (정림동),종합체육시설,127.3628589,36.3038071
용인대한솔태권도,426337557,대전광역시 동구 동서대로1770번길 47 2층 한솔태권도(가양동),태권도,127.446216,36.352868
용운검도관,422733130,대전광역시 동구 계족로140번길 183 덕림코아 6층 용운검도관(용운동),검도,127.4545355,36.3284308
유성종합스포츠센터,428627333,대전광역시 유성구 유성대로 978 유성종합스포츠센터(신성동),요가,127.3443047,36.3785616
제우스당구클럽,,대전광역시 동구 옥천로 178 5층 제우스당구클럽(판암동),기타종목,127.4600385,36.3169902
헬스맨헬스걸,426218885,대전광역시 대덕구 비래동로15번길 2 4층 헬스맨헬스걸(비래동),헬스,127.4497521,36.3556403
GDR아카데미 대전만년점,427163333,대전광역시 서구 만년로68번길 38 4층(만년동),골프,127.3805557,36.3653576
유신태권도,426277044,대전광역시 대덕구 비래동로31번길 6 3층(비래동),태권도,127.4504647,36.3568397
에이스실내테니스장,,대전광역시 서구 둔산남로180번길 15 에이스실내테니스장(탄방동),테니스,127.3976073,36.3482297
GDR아카데미 대전만년점,427163333,대전광역시 서구 만년로68번길 38 여자만장어구이 4층(만년동),골프,127.3805557,36.3653576
와동태권도,422851769,"대전광역시 대덕구 신탄진로232번길 24 3층, 와동태권도(와동)",태권도,127.4242496,36.4010798
인트로짐,423822580,대전광역시 서구 배재로 188 3층(도마동),헬스,127.3707665,36.325485
극동태권도장,422825373,대전광역시 동구 산내로1287번길 10-5 4층(낭월동),태권도,127.4681729,36.2786027
삼성바른움직임트레이닝센터,424821143,"대전광역시 서구 둔산로 228 4층 3호,4호(둔산동)",헬스,127.3991292,36.3509708
Vip당구장,425225909,대전광역시 서구 갈마중로 12 204호(갈마동),당구,127.3706097,36.3473751
프렌즈탁구클럽,426353959,대전광역시 대덕구 동춘당로 83 N동303호(송촌동),탁구,127.4398831,36.3646313
가온헬스,422233166,대전광역시 중구 충무로107번길 122 4층(대흥동),헬스,127.4260737,36.3233211
뉴키즈센터,,대전광역시 서구 갈마중로28번길 13 지하층 101호(갈마동),기타종목,127.3725495,36.3470397
청운태권도,426247999,대전광역시 동구 계족로463번길 49 4층(용전동),태권도,127.4295171,36.3532133
쑥쑥아동청소년발달센터,426238859,대전광역시 대덕구 계족산로81번길 95 6층 쑥쑥아동청소년발달센터(송촌동),기타종목,127.4370426,36.3662155
팀지니어스 신흥,422859234,대전광역시 동구 옥천로 56 3층(신흥동),기타종목,127.4473712,36.3200058
경무고려태권도장,426285532,대전광역시 동구 한밭대로1237번길 74 경무고려태권도장(용전동),태권도,127.4363893,36.3594988
장원체육관 태권도,426232236,대전광역시 대덕구 중리남로40번길 84 2층(중리동),태권도,127.4275633,36.3646308
신의한수 바둑에듀센터,428251977,대전광역시 유성구 노은로 144 501호 바둑학원(지족동),기타종목,127.3184983,36.3725132
최무배짐,,대전광역시 서구 월평중로14번길 15 지하1층(월평동),기타종목,127.3649125,36.3558122
하랑스포츠,427194944,대전광역시 유성구 지족로148번길 39-29 301호(지족동),기타종목,127.30569,36.3782468
명품아동청소년발달센터,425439565,"대전광역시 서구 관저중로95번길 57 1층, 101호 명품아동청소년발달센터(관저동)",종합체육시설,127.3316319,36.3010422
한양대도담태권도,428220229,대전광역시 유성구 죽동로 291 5층 한양대 도담 태권도(죽동),태권도,127.3382225,36.3699671
에브리바디 바른자세운동,,대전광역시 유성구 은구비남로7번길 16 303호(지족동),기타종목,127.3167501,36.3730122
피크골프,,대전광역시 서구 원도안로242번길 15-10 201호(도안동),골프,127.3468316,36.3246812
용인대석사드림태권도,428238290,대전광역시 유성구 은구비서로23번길 29 경보빌딩3층(지족동),태권도,127.319674,36.3750963
유아히어지엑스스튜디오,,대전광역시 서구 원도안로179번길 30-22 1층(도안동),에어로빅,127.342439,36.3202579
용인대수합기도장,426392324,대전광역시 대덕구 한밭대로 1049 2 층(오정동),합기도,127.4150402,36.3588693
S풋볼아카데미 대덕점,423460130,대전광역시 대덕구 동춘당로 83 2층(송촌동),축구(풋살),127.4398831,36.3646313
필굿재활운동센터,,대전광역시 동구 대학로 62 대전대학교 산학협력단 208호(용운동),기타종목,127.4606466,36.3343597
뉴스타볼링센터가오점,422820100,대전광역시 동구 동구청로 101 세이프존5층 뉴스타볼링센터(가오동),볼링,127.456156,36.3070518
스타일 피트니스,422718772,대전광역시 동구 계족로 167 5층(대동),헬스,127.4429913,36.3287773
피트스포츠센터,423370337,대전광역시 중구 대종로 608 청춘병원 4층 피트스포츠센터(선화동),헬스,127.4173683,36.3359365
굿라이프휘트니스 원동점,,대전광역시 동구 중앙로200번길 66 dmc빌딩 6층 굿라이프휘트니스 (원동),헬스,127.4325664,36.327871
온누리태권도,423696786,"대전광역시 서구 신갈마로 95 갈마그랜드프라자 3층 305호 온누리태권도(갈마동, 갈마아파트)",태권도,127.3667803,36.343282
최강두리태권도,425442322,대전광역시 서구 관저로 172 502호 최강두리태권도(관저동),태권도,127.3410305,36.2987609
호림태권도장(대전),426358399,"대전광역시 대덕구 비래서로 43 (비래동, 비래프라자) 비래프라자4층",태권도,127.449684,36.3544145
경희대 파란태권도,428265420,대전광역시 유성구 지족로148번길 5-10 2층 경희대파란태권도(지족동),태권도,127.3029503,36.3782279
둔산합기도특공무술,424878777,대전광역시 서구 문정로 178 3층(둔산합기도특공무술)(둔산동),합기도,127.395487,36.350016
에그마마헬스케어,,대전광역시 서구 신갈마로211번안길 7 (갈마동) A동 101호(갈마동),기타종목,127.3640876,36.3529393
바디팩토리,428264447,대전광역시 유성구 지족로 282 6층(지족동),필라테스,127.3081266,36.3872542
태사랑태권도,425858017,대전광역시 서구 정림로 22 3층(정림동),태권도,127.3664428,36.3023346
원포인트특수체육센터,25458196,대전광역시 서구 관저중로95번길 57 원포인트특수체육센터 401호(관저동),기타종목,127.3316319,36.3010422
새일태권도,426714125,대전광역시 대덕구 덕암로125번안길 1 1층 새일태권도(덕암동),태권도,127.4197306,36.432587
월드당구클럽,427217210,대전광역시 서구 계룡로509번길 45 아이비에스빌딩 4층 월드당구클럽(탄방동),당구,127.382822,36.3458297
용인대합기도,425256702,대전광역시 서구 계룡로576번길 45 2층(괴정동),합기도,127.3858923,36.340452
보디플러스 헬스,25423200,대전광역시 유성구 원내로39번길 10 6층(원내동),헬스,127.3203064,36.3002467
당구사랑,7077224530,대전광역시 중구 충무로 1 .2층(대흥동),당구,127.4178371,36.3184768
승리태권도,426233396,대전광역시 대덕구 동춘당로94번길 11-21 3층 승리태권도(송촌동),태권도,127.4392157,36.3662142
태바빌리존(당구사관학교),425356739,대전광역시 서구 신갈마로 183 6층 당구장(갈마동),기타종목,127.3678786,36.3500768
hs피트니스,426371333,대전광역시 동구 흥룡로 60 동구프라자 3층 hs피트니스(가양동),헬스,127.4504051,36.3500293
해오름태권도장,425821896,대전광역시 중구 과례로 25 4층 해오름태권도장(문화동),태권도,127.4102639,36.3108918
테니스팡,,대전광역시 유성구 한밭대로 414 캠퍼스힐 8층(궁동),테니스,127.3450881,36.3614589
파워태권도,424889843,대전광역시 서구 청사서로 32 5층501호(월평동),태권도,127.3768992,36.3606711
퀸당구 클럽,424883949,대전광역시 서구 둔산로137번길 31 4층 퀸당구 클럽(둔산동),당구,127.3890276,36.3527771
하나탁구장,424837091,대전광역시 서구 월평북로 82 대주빌딩지하 하나탁구장(월평동),탁구,127.3772991,36.3620336
경희대청룡태권도,425831234,대전광역시 중구 문화로 110 2층 경희대청룡태권도(문화동),태권도,127.3978582,36.312201
플라이짐,,대전광역시 중구 보문산로177번안길 20 2층(문화동),헬스,127.3988372,36.3067992
대청태권도,,대전광역시 대덕구 석봉북로9번길 21 1층 대청태권도(석봉동),태권도,127.4237567,36.4481014
이삭아동발달센터,428257613,대전광역시 유성구 지족로 292 하나로빌딩 401호(지족동),기타종목,127.309108,36.3875309
국가대표 경희대 부부 태권도장,,대전광역시 유성구 과학지원3길 17 둔곡타워 5층(둔곡동),태권도,127.3606135,36.4561993
서연점핑,234721307,대전광역시 유성구 지족동로 160 동지빌딩 3층 302호(서연점핑)(지족동),기타종목,127.3086534,36.3879545
박보정다옴필라테스요가,426230098,대전광역시 대덕구 한남로12번길 27 빌딩일번지 3층 박보정다옴필라테스요가(오정동),필라테스,127.4253687,36.3516206
경희태권도,425810177,"대전광역시 중구 보문산로 31 114동 후문상가 3층(산성동, 한밭가든아파트)",태권도,127.3844589,36.3056442
스포렉스태권도,425353500,대전광역시 중구 유등천동로 468-2 2층 스포렉스태권도(태평동),태권도,127.3888477,36.3230209
비젼태권도,,대전광역시 동구 홍도로33번길 55 2층(홍도동),태권도,127.4268082,36.3493981
대전시설관리공단(산성주민복지관),427243680,대전광역시 중구 보문산로 26 산성주민복지관(산성동),기타종목,127.3834768,36.3040532
트라이 감각통합 특수체육 연구소,,대전광역시 서구 계룡로629번길 62 모닝갤러리 302호(탄방동),기타종목,127.3947443,36.3409088
도마실국민체육센터,425825556,"대전광역시 서구 유등로 235 도마동,도마실국민체육센터(도마동)",수영,127.3852098,36.3124105
MTA하늘태권도,425419400,대전광역시 서구 관저북로 25 월드상가302호(관저동),태권도,127.3367406,36.303987
바디팩토리3호점,424724417,"대전광역시 서구 문정로 131 뉴한양프라자 3층 바디팩토리3호점(탄방동, 공작한양아파트)(탄방동, 공작한양아파트)",헬스,127.3937345,36.347545
이니셜필라테스,423821230,대전광역시 서구 배재로 188 농협건물 2층(도마동),필라테스,127.3707665,36.325485
합기도양우관아림도장,426362024,대전광역시 대덕구 비래서로 40 2층(비래동),합기도,127.4489159,36.3539661
꾸러기태권도,422223342,대전광역시 중구 수도산로 28 3층 꾸러기태권도(대흥동),태권도,127.4268455,36.3202735
꾸러기아동발달센터,426227105,대전광역시 대덕구 동춘당로94번길 11-7 7층 꾸러기아동발달센터(송촌동),기타종목,127.4396741,36.3658722
충남태권도장,425255833,"대전광역시 중구 계룡로 852 상가 3층 309호 충남태권도장(오류동, 삼성아파트)",태권도,127.4073511,36.324253
용전장원태권도,23221858,"대전광역시 동구 계족로489번길 73 상가동302호(용전동, 한숲아파트)",태권도,127.4286568,36.3547494
Dream of Judo 태평유도관,424860608,대전광역시 중구 평촌로 108 미소빌딩 5층(유천동),유도,127.3987347,36.322607
용인대효태권도장,429332220,"대전광역시 유성구 송강로42번길 61 청솔상가201호 용인대 효 태권도장(송강동, 청솔아파트)",태권도,127.3825476,36.4361819
아이무브특수체육센터,428248814,"대전광역시 유성구 지족로 368 A동 310,312,313호(지족동)",기타종목,127.3174217,36.3864625
라이온킹 용인대 태권도장,424777888,대전광역시 서구 신갈마로 242 B102호 라이온킹 용인대 태권도장(갈마동),태권도,127.3695829,36.3551304
블루밍태권도장,425273377,"대전광역시 서구 갈마로 262 서문상가 701동304호 블루밍태권도장(내동, 맑은아침 아파트)",태권도,127.3824462,36.3317195
양우합기도,,대전광역시 서구 배재로172번길 3 4층 양우합기도(도마동),합기도,127.3705261,36.323886
플라잉유소년스포츠,,대전광역시 서구 관저동로 170 5층501호(관저동),축구(풋살),127.3411595,36.3073063
성세체육관,425423280,대전광역시 유성구 유성대로298번길 175 성세체육관(용계동),기타종목,127.3210657,36.3216925
퍼펙트볼링센터,24823900,대전광역시 서구 월평북로 90 3층 퍼펙트볼링센터(월평동),볼링,127.3784301,36.3618652
대흥태권도,422575448,대전광역시 중구 수도산로 22 2층 대흥태권도(대흥동),태권도,127.4267247,36.3206496
관저 달빛검도관,,대전광역시 서구 구봉산북로21번길 6 (관저동),검도,127.3238577,36.2950489
선사치유 재활필라테스&통증수기관리,24890688,대전광역시 서구 청사로123번길 34 신안빌딩5층 선사치유(월평동),필라테스,127.3776662,36.3613219
충효태권도장,424721510,대전광역시 서구 문정로 100 2층(탄방동),태권도,127.3905135,36.3464957
백룡태권도,425839577,"대전광역시 중구 서문로 32 상가동202호(문화동, 한밭우성아파트)",태권도,127.4095117,36.3119533
한성유도관,422726533,대전광역시 중구 대종로 205 7층(석교동),유도,127.4442155,36.3081837
팀피니쉬,436281818,대전광역시 대덕구 비래동로 19 2층팀피니쉬(비래동),기타종목,127.4498865,36.3558572
루루장애재활지원센타,426311086,대전광역시 동구 계족로 499 2층(용전동),기타종목,127.4324956,36.3563402
루루복지지원센터,426331086,대전광역시 동구 계족로 499 루루빌딩 4층(용전동),기타종목,127.4324956,36.3563402
알에이치RH필라테스,,대전광역시 서구 원도안로224번길 47-23 301호(도안동),필라테스,127.3471083,36.3244762
sm볼링펍,424880753,대전광역시 서구 문정로 85 세이백화점 5층 세이볼링장(탄방동),볼링,127.3888334,36.3470384
국가대표 울림태권도,422841216,대전광역시 동구 대전로542번길 95 203호(천동),태권도,127.444524,36.3155553
기통찬약손나라,251946784,대전광역시 서구 도산로 356 2층 201호(용문동),기타종목,127.3910909,36.3363543
한국평생문화체육발달센터 사회적협동조합,425240246,대전광역시 서구 대덕대로 129 ok114빌딩 6층(갈마동),기타종목,127.3744468,36.3451832
MTA그린태권도,,대전광역시 중구 평촌로 84 306호(유천동),태권도,127.3966346,36.3219161
나라찬태권도,,"대전광역시 유성구 와룡로174번길 18-3 202,203호(봉산동)",태권도,127.383521,36.4411596
대한방문재활협회,268899789,대전광역시 서구 배재로 155-40 하워드관 에이치306호(도마동),기타종목,127.3652283,36.320202
커브스송촌클럽,426354567,대전광역시 대덕구 송촌북로16번길 57 403호(송촌동),에어로빅,127.439238,36.3652204
한비아동발달센터,428255995,"대전광역시 유성구 계룡로 55 2층 201호(봉명동, 유성자이)",기타종목,127.3369656,36.3557614
위드아동발달센터,423358250,대전광역시 유성구 온천로107번길 15 202호(봉명동),기타종목,127.3497037,36.3549424
경희대태권도체육관,428671288,대전광역시 유성구 어은로57번길 1 3층(어은동),태권도,127.3564043,36.36311
롯데태권도,25356333,"대전광역시 서구 신갈마로 46 (내동, 롯데아파트) 롯데아파트상가 306호",태권도,127.367956,36.3373691
대전통합재활센터,424840508,"대전광역시 유성구 계룡로132번길 10 403,404호(봉명동)",기타종목,127.3445723,36.3522386
아이꿈아동발달연구소,428225733,대전광역시 유성구 반석로 10 반석역프라자 602호 606호(반석동),기타종목,127.3134807,36.3921118
SS스포츠아카데미,,대전광역시 서구 월평로 66 7층 SS스포츠아카데미(월평동),기타종목,127.364421,36.3559741
대전체형교정 밸런스핏,423621268,대전광역시 서구 가수원로 95 트윈빌딩 2층 밸런스핏(가수원동),기타종목,127.3496464,36.3025647
대전청소년위캔센터 클라이밍,422220950,대전광역시 동구 대전천동로 508 위캔센터 7층 클라이밍(원동),클라이밍(암벽등반),127.4329053,36.3269921
대전제이복싱,,대전광역시 서구 도안북로93번길 20-5 리더스타워 5층(도안동),복싱,127.3390832,36.3311
대전시설관리공단 장애인체육센터,27243570,대전광역시 유성구 덕명로56번길 85 장애인체육센터(덕명동),헬스,127.3073465,36.3537921
대전광역시장애인댄스스포츠연맹,426282255,대전광역시 서구 둔산남로 3 운암키즈몰빌딩 7층 701호(둔산동),댄스(줌바 등),127.3781275,36.3481099
대전광역시시설관리공단한밭수영장,426104951,대전광역시 중구 대종로 373 한밭수영장(부사동),수영,127.4280138,36.317337
대전광역시립체육재활원,426319889,대전광역시 대덕구 대화로10 대전광역시립체육재활원,수영,127.4190858,36.3682408
대전광역시립산성종합복지관수영장,425868033,대전광역시 중구 유등천동로 232 대전광역시립산성종합복지관(산성동),수영,127.3826733,36.3038098
세븐복싱,422737772,대전광역시 동구 옥천로 187 유락프라자502호(판암동),복싱,127.4608139,36.3180633
흑추관 케이오투 합기도,429361455,대전광역시 대덕구 신탄진북로 17 2층 (흑추관 케이오투 합기도)(신탄진동),합기도,127.4352291,36.4499272
위더스댄스학원,425411029,대전광역시 서구 계백로 1141 가수원클리닉 2층 204호(도안동),댄스(줌바 등),127.3500451,36.3048047
세이코츠 유도관,,"대전광역시 서구 월평북로 11 3단지 상가 지하1층(월평동, 주공아파트)",유도,127.3690031,36.3632586
조이아동청소년발달센터,425438357,대전광역시 서구 관저북로13번길 23-12 한빛빌딩 301호(관저동),기타종목,127.33549,36.3024813
민준기탁구교실,425814935,대전광역시 중구 계백로 1626 유천신협2층 민준기탁구교실(유천동),탁구,127.4005412,36.3188116
띠울볼링센터,424710923,"대전광역시 서구 문정로10번길 40 1층,지하1층 띠울 볼링센터(탄방동)",볼링,127.3828866,36.344153
대성휘트니스헬스,426331536,대전광역시 대덕구 동춘당로 161 5층(법동),헬스,127.4335455,36.3677093
용인대백룡태권도,425839577,대전시 중구 서문로13(문화동) 4층,태권도,127.407907,36.3096191
코닐리우 탁구센터 동구삼성점,,대전광역시 동구 옛신탄진로 2 5층 코닐리우 탁구센터 동구삼성점(삼성동),탁구,127.4259295,36.3412995
코닐리우코리아,428258385,"대전광역시 유성구 학하중앙로 144 1층, 코닐리우코리아(학하동)",탁구,127.3079401,36.3404204
대전광역시 서구건강체련관,424883054,대전광역시 서구 둔산서로 100 대전광역시 서구건강체련관,수영,127.383844,36.355504
연세이글한빛태권도,426273537,대전광역시 대덕구 중리북로 8 3층 한빛태권도(법동),태권도,127.4291781,36.3673297
크로스핏 울산토르,,울산광역시 북구 아진로 78 지하1층 크로스핏 토르(상안동),크로스핏,129.3403155,35.6304122
현대자동차문화회관 볼링장,522883885,울산광역시 북구 염포로 601 4층 볼링장(양정동),볼링,129.388252,35.5382049
산돌키즈태권도,,"울산광역시 동구 남목13길 22 , 3층(동부동, 아성오우션맨션 상가)",태권도,129.4285179,35.5444511
우리아이태권도,522974994,울산광역시 중구 반구로 46 3층. 우리아이태권도(반구동),태권도,129.3459211,35.5544841
kat태권도,522644560,울산광역시 울주군 언양읍 북문4길 4 2층,태권도,129.1247467,35.5703843
병영한일태권도장,522975808,울산광역시 중구 병영로 54 2층(동동),태권도,129.3460695,35.5740953
점프윙스줄넘기클럽,,울산광역시 울주군 범서읍 천상중앙길 58-1 3층 점프윙스줄넘기클럽,기타종목,129.2298715,35.56358
이지짐EZ GYM,522822888,울산광역시 중구 번영로 534 이지짐(반구동),헬스,129.3410127,35.5667817
토브그라운드 MTA,522922600,울산광역시 북구 아진로 41-12 2층 201호(상안동),태권도,129.3441051,35.6295391
더좋은필라테스,,울산광역시 북구 명촌20길 35 커뮤니티센터 2층(명촌동),필라테스,129.3536146,35.558034
퍼스트태권도,522120636,울산광역시 울주군 범서읍 대리2길 39 3층,태권도,129.2456884,35.5696957
울산택견회전수관,522497717,울산광역시 남구 신복로72번길 24-40 2층 205호(무거동),기타종목,129.2565613,35.5526384
약사태비태권도,522947878,"울산광역시 중구 평산로 2 ,4층(약사동)",태권도,129.3406837,35.5674258
한마루태권도,522541414,울산광역시 울주군 언양읍 헌양길 180 2층 한마루태권도,태권도,129.1169338,35.5676703
열매맺는 통합발달연구소,,울산광역시 북구 명촌10길 48 1층 왼쪽 단층건물(명촌동),기타종목,129.3588826,35.5532246
유지희 탁구클럽,250216470,울산광역시 북구 상방로 85 상가지하1층 유지희탁구클럽(화봉동),탁구,129.3662128,35.5897098
라온축구교실,522563379,울산광역시 남구 돋질로384번길 6 라온축구교실(삼산동),축구(풋살),129.3464908,35.5424275
천도체육관,,울산광역시 동구 꽃바위2길 31 2층(방어동),태권도,129.4141523,35.4812928
헤이지 필라테스,,울산광역시 북구 아진로 61 2층 헤이지 필라테스(상안동),필라테스,129.3412557,35.6288914
천마권투체육관,,울산광역시 북구 달천로 5 3층(천곡동),복싱,129.334608,35.6332756
루나요가,522608828,울산광역시 남구 수암로116번길 59 2층 루나요가(야음동),요가,129.320537,35.5235286
라이크댄스콜라텍,,울산광역시 북구 진장24길 31 2층(진장동),댄스(줌바 등),129.3577259,35.5652995
필라테스클리닉 달동점,522565777,울산광역시 남구 삼산로 117 3층 필라테스클리닉(달동),필라테스,129.3203181,35.5358438
샤론아동발달센터,29107875,"울산광역시 남구 봉월로 129 201(신정동, 성산아이리스)",기타종목,129.3063881,35.5440146
아리솔태권도장,522222290,울산광역시 남구 옥현로 21 2층 아리솔태권도장(무거동),태권도,129.2584312,35.5397832
레드몽스포츠클럽,522814977,울산광역시 중구 종가로 749 2층 레드몽스포츠클럽(장현동),기타종목,129.3439277,35.5884088
국가대표 영어 태궈니스트 태권도,,"울산광역시 동구 서부로 51 지웰시티자이 2단지 상가 B418, 국가대표 영어 태궈니스트(서부동, 신영 울산 지웰시티 자이 2단지)",태권도,129.4296043,35.5255622
더이룸아동발달연구소,22560252,울산광역시 남구 번영로51 4층 더이룸아동발달연구소,기타종목,129.3301283,35.5302107
농업회사법인 주식회사 포니랜드,,울산광역시 울주군 언양읍 대암1길 153-29 포니랜드,승마,129.171706,35.5381251
몸가짐운동센터,50777660466,울산광역시 남구 번영로124번길 6 3층 몸가짐운동센터(달동),헬스,129.3293037,35.5364574
비호체육관,522863153,울산광역시 북구 호계매곡3로 30 2층202호(호계동),기타종목,129.3651876,35.6350758
한국체대석사청산관합기도,522887234,울산광역시 북구 박상진11로 7 702호(송정동),합기도,129.3637142,35.6008734
웰핏휘트니스,522357276,울산광역시 동구 월봉6길 56 2층 웰핏휘트니스(방어동),헬스,129.4214301,35.490636
인재태권도장,,울산광역시 북구 달천로 22 3층 인재태권도장(천곡동),태권도,129.3329629,35.6341243
태화점핑 다이어트,522444999,울산광역시 중구 화진1길 3 3층(태화동),기타종목,129.3075907,35.5563246
너틀파트 복싱클럽 너클조,522968611,울산광역시 중구 평산1길 2 3층 너클조복싱짐(약사동),복싱,129.3412758,35.5676426
합기도나르샤,522856060,울산광역시 북구 산하중앙1로 125 302호(산하동),합기도,129.4397291,35.6354174
웰핏휘트니스,522527276,울산광역시 중구 북부순환도로 861 2층 웰핏휘트니스(서동),헬스,129.3440398,35.5807499
요가이음,,울산광역시 동구 진성14길 78 2층(전하동),요가,129.4258632,35.5087276
펀짐,,울산광역시 동구 진성14길 122 3층 펀짐(전하동),기타종목,129.4262799,35.5111341
나다움,,울산광역시 남구 봉월로38번길 48 비니하우스 2층 201호(신정동),기타종목,129.3114653,35.5370799
문성길복싱클럽,522393666,울산광역시 울주군 온양읍 솔밭2길 38 4층 문성길복싱클럽,복싱,129.2872663,35.4058409
태권도,522393332,울산광역시 울주군 온양읍 솔밭2길 29 야무진태권도,태권도,129.2878473,35.4063719
위더스체육관,522018111,울산광역시 동구 방어진순환도로 493 2층위더스복싱헬스(방어동),복싱,129.4214088,35.4878826
포니랜드,,울산광역시 울주군 언양읍 대암1길 153-29 포니랜드,승마,129.171706,35.5381251
화봉 점핑 다이어트,522875535,울산광역시 북구 화산로 12-5 4층 화봉 점핑다이어트(화봉동),기타종목,129.3658298,35.5932726
용인대W복싱GYM,522679399,울산광역시 남구 번영로 57 3층(야음동),복싱,129.3301876,35.5307038
동구국민체육센터,522344141,울산광역시 동구 봉수로 153 동구국민체육센터(화정동),수영,129.4163277,35.5034954
심리운동센터 숲,,울산광역시 동구 꽃바위로 236 2층 심리운동센터 숲(방어동),종합체육시설,129.4159269,35.4813822
울산언어심리운동센터,529631260,울산광역시 남구 신복로46번길 35-20 3층(무거동),기타종목,129.2565279,35.5522439
서밋공방,238614306,울산광역시 남구 삼산중로131번길 42-14 1층(삼산동),기타종목,129.3311712,35.5446616
휴휘트니스,,울산광역시 북구 제내1길 2 4층 헬스장(신천동),헬스,129.351375,35.6313325
(사)울산동구공공스포츠클럽,522339222,울산광역시 동구 대송로 140 2층 스포츠센터(화정동),탁구,129.4226036,35.4959565
용인대한빛태권도,522459191,울산광역시 중구 성안로 192 NH빌딩 202호(성안동),태권도,129.3179203,35.5770758
울산엠아이디유소년농구교실,,울산광역시 북구 명촌18길 2 3층 울산엠아이디유소년농구교실(명촌동)(명촌동),농구,129.3549316,35.5572161
IFC,522610077,울산광역시 남구 문수로370번길 6 201호 IFC(옥동),축구(풋살),129.293398,35.5334726
MTA태권도무거지점,522493022,울산광역시 남구 신복로62번길 23 1층(무거동),태권도,129.2555456,35.5516164
이미경검도관,522831113,울산광역시 북구 화봉로 57 201.203(화봉동)(화봉동),검도,129.3653365,35.5886302
계룡태권도,22486663,울산광역시 울주군 범서읍 대리로 18 두정빌딩 2층 계룡태권도,태권도,129.2446052,35.5713889
필라테스클리닉 구영점,22453331,울산광역시 울주군 범서읍 구영로 140 공원빌딩 4층,필라테스,129.2429797,35.5702038
금강태권도장,,울산광역시 울주군 범서읍 천상1길 20-1 2층3층,태권도,129.2304757,35.5627972
선인체육관,522621450,울산광역시 울주군 언양읍 읍성로 183 1층 선인태권도,태권도,129.1268954,35.5701361
필B기구필라테스전문샵,522331248,울산광역시 동구 방어진순환도로 829 2층(전하동),필라테스,129.4321797,35.5153898
최성환스케이트클럽,,울산광역시 동구 봉수로 101 아산체육관 아이스링크장(화정동),빙상(스케이트),129.416273,35.4952305
요가스톤필라테스,522855454,울산광역시 중구 번영로 580 SkyM 빌딩 8층 요가스톤필라테스(남외동),요가,129.3453715,35.5685691
점프윙스줄넘기,,울산광역시 동구 화문로 58 1층(방어동),줄넘기,129.4151238,35.4834849
한국나눔복지회 울주군지부,22655877,울산광역시 울주군 언양읍 방천4길 2 2층,기타종목,129.1141333,35.5645599
휴먼헬스  휘트니스 클럽,522019686,울산광역시 동구 대학길 71 3층 휴먼헬스클럽(화정동),헬스,129.42166,35.4988687
한국나눔복지회 운동재활센터,522655877,울산광역시 남구 돋질로 87 5층(신정동),기타종목,129.3150925,35.5390519
예코치펜싱클럽,,울산광역시 남구 문수로 306 3층(옥동),펜싱,129.2868209,35.5353605
그당구장,,울산광역시 북구 중산서로 16 2층 그당구장(중산동),당구,129.3489402,35.6528824
동구국민체육센터,22344141,울산광역시 동구 봉수로 153 동구국민체육센터(화정동),수영,129.4163277,35.5034954
커브스수암클럽,522573088,울산광역시 남구 수암로 143 3층(야음동),헬스,129.3229678,35.5273309
MTA즐거운태권도,522520823,울산광역시 동구 꽃바위로 360 2층 MTA즐거운태권도(방어동),태권도,129.426003,35.4883615
메카볼링센타,522831144,"울산광역시 북구 화봉로 54 성원상가 메카볼링장(연암동, 성원아파트)",볼링,129.3646871,35.5878102
국무원합기도 체육관,522567677,울산광역시 남구 문수로327번길 8 2층 국무원합기도(옥동),합기도,129.2895156,35.5360242
리버스휘트니스,,울산광역시 북구 아진로 94 3층 리버스휘트니스(천곡동),헬스,129.338717,35.631041
롤러코스터 롤러장,,울산광역시 중구 번영로 329 B 1층 롤러코스터 롤러장(옥교동),롤러인라인,129.3237064,35.5550439
꽃바위볼링장,522332588,울산광역시 동구 방어진순환도로 442 2층 볼링장(방어동),볼링,129.4158802,35.4874891
대덕체육관,522954400,울산광역시 북구 수동5길 6 2층(호계동),태권도,129.3604614,35.6234212
포올영웅태권도,522644543,울산광역시 울주군 삼남면 울산역로 274 301동205호(울산역 신도시 동문굿모닝힐),태권도,129.1313038,35.5579353
울산택견전수관,522852060,"울산광역시 북구 이화5길 20 중산현대상가 301호(중산동, 현대아파트)",기타종목,129.338125,35.6633904
제이엠멀티짐재미짐유아체육,522341315,"울산광역시 동구 월봉10길 100 상가 2층(방어동, 송정타워맨션A)",기타종목,129.4178787,35.4891462
반구대대 전용클럽,,울산광역시 중구 화합로 429-1 2층 반구대대 전용클럽(반구동),종합체육시설,129.3364876,35.5632137
세계로태권도,522493914,"울산광역시 중구 다운6길 16 다운아파트 1차 상가 빅세일마트 3층 세계로태권도(다운동, 다운아파트)",태권도,129.2686019,35.5647839
학성승무태권도체육관,522980027,울산광역시 중구 해오름1길 6 남외동(남외동),태권도,129.3435141,35.5597954
리히트필라테스,,울산광역시 울주군 범서읍 천상5길 6-10 2층,필라테스,129.2237593,35.5633079
경희영어태권도,522277553,울산광역시 남구 대암로 69 501호/502호(야음동),태권도,129.3238028,35.530811
라온클라이밍짐,,울산광역시 남구 삼산로 48 라온클라이밍짐 12층(신정동),기타종목,129.3130006,35.5333972
대경 메디앤짐 재활운동센터,22611561,울산광역시 남구 삼산로301번길 13 1층(삼산동),헬스,129.3399955,35.5417615
서울산 탁구교실,522633636,울산광역시 울주군 언양읍 동문길 41 2층,탁구,129.125157,35.5672869
대건체육관,,울산광역시 동구 진성12길 20 2층(일산동),태권도,129.4266188,35.5053941
미동태권도,522354941,울산광역시 동구 진성6길 93 101호(전하동),태권도,129.4230859,35.5069501
유신태권도,522252222,울산광역시 울주군 웅촌면 삼동로 1617 상가3층유신태권도(한솔그린빌),태권도,129.213739,35.4921162
매곡태권스쿨,522931199,울산광역시 북구 매곡1로 46 대우프라자302호 매곡태권스쿨(매곡동),태권도,129.3512761,35.6447162
울산점핑운동전문센터,,울산광역시 동구 진성2길 43 2층(전하동),종합체육시설,129.4273156,35.5113978
병영홍익태권도장,522949217,울산광역시 중구 병영로 43 2층 병영홍익태권도장(서동),태권도,129.3457676,35.5733656
용인대새하늘태권도장,529053838,울산광역시 중구 동천5길 18-4 용인대새하늘태권도(서동),태권도,129.3463143,35.5815326
울산FC,284346019,울산광역시 울주군 온양읍 남창강변로 36 4층,축구(풋살),129.2803373,35.4158718
용인대학사태권도클럽,522613930,울산광역시 남구 중앙로 48 3층 용인대학사태권도클럽(신정동),태권도,129.3178333,35.5259288
와나스타주식회사,22546750,울산광역시 울주군 언양읍 대암1길 207 1층,요가,129.1671931,35.5402112
역도산체육관,,울산광역시 남구 중앙로166번길 54 2층 역도산태권도(달동),태권도,129.3194863,35.5373523
삼부기업사삼성SDI볼링장,7042443259,울산광역시 울주군 삼남면 가천금사길 45 레포츠센타 지하1층 볼링장,볼링,129.0898267,35.5116234
필라테스클리닉,522275777,울산광역시 남구 삼산중로74번길 14 3층(삼산동),필라테스,129.3369724,35.540263
A미코스텔라 인라인클럽인라인강습,,울산광역시 남구 신복로72번길 28-23 6층,롤러인라인,129.2550625,35.5525735
달동백룡태권도,522578611,울산광역시 남구 신정로 14 2층(달동),태권도,129.3232782,35.5332759
엠케이짐,,울산광역시 북구 매곡산업로 152 4층 엠케이짐(매곡동),헬스,129.363206,35.6416413
엠케이줄넘기학원,522542328,울산광역시 울주군 언양읍 읍성로 45 3층 엠케이(MK)줄넘기학원,줄넘기,129.1177957,35.5678952
중앙특수체육센터(한국운동재활협회 울산남구지회),522655877,울산광역시 남구 삼산로93번길 10 3층/5층,기타종목,129.3177651,35.5358333
아이에프씨IFC동구점,522330177,울산광역시 동구 해수욕장9길 42 풋살장(일산동),축구(풋살),129.4302888,35.491385
인애아동발달센터,522822827,울산광역시 북구 호계로 272 5층 인애아동발달센터(호계동),기타종목,129.35135,35.6276481
아이에프씨 케이,522610077,울산광역시 남구 문수로370번길 6 더파크 301호(옥동),축구(풋살),129.293398,35.5334726
원창탁구교실,522212216,울산광역시 남구 신복로46번길 32 원창탁구교실(무거동),탁구,129.2581573,35.5519588
나토얀태권도장1관,,울산광역시 중구 반구정10길 55 보강빌딩201호(반구동),태권도,129.3455258,35.555886
좋은아이합기도,522543313,울산광역시 울주군 언양읍 북문8길 3 1층,합기도,129.1210366,35.5719664
블랙벨트인성태권도장,522864382,울산광역시 중구 종가22길 4 302호(장현동),태권도,129.3423255,35.5870557
다이몬휘트니스 호계점,,울산광역시 북구 제내1길 2 필그린쇼핑센터 4층 다이몬휘트니스(신천동),헬스,129.351375,35.6313325
다이몬휘트니스 천곡점,,울산광역시 북구 아진로 94 아진프라자 3층 다이몬휘트니스(천곡동),헬스,129.338717,35.631041
투게더배드민턴센터,251441424,울산광역시 울주군 상북면 상북로 249-1 투게더배드민턴센터,배드민턴,129.0927591,35.5879509
브레인태권도,7077207122,울산광역시 북구 아진로 102 그린상가 3층 브레인태권도(천곡동),태권도,129.3378238,35.6309448
마루태권도,522822858,울산광역시 북구 중산3길 2 2층. 마루태권도(중산동),태권도,129.3488875,35.6526079
휘폴수영장,522229600,울산광역시 중구 다운로 121 지하1층 휘폴수영장(다운동),수영,129.2663511,35.5633981
월드스포츠아카데미,522567806,울산광역시 남구 삼산로 168 3층(달동),기타종목,129.3256887,35.5366881
동구국민체육센터,522334141,울산광역시 동구 봉수로 153 (화정동),수영,129.4163277,35.5034954
배경집탁구클럽,,울산광역시 남구 은월로12번길 12 옥동현대@2단지 상가 2층 배경집탁구클럽(옥동),탁구,129.2914709,35.5401099
스테디필라테스,,울산광역시 북구 호계매곡3로 8 2층 스테디필라테스(호계동),필라테스,129.3626384,35.6351645
미르태권도,,울산광역시 중구 서원1길 58 2층 미르태권도(복산동),태권도,129.337034,35.5607058
송정대명태권도,522879801,울산광역시 북구 송내4길 12 3층(화봉동),태권도,129.3671977,35.5888087
송정탁구클럽,,울산광역시 북구 화산로 119 8층 송정탁구클럽(송정동),탁구,129.3651781,35.6025668
킴스운동발달센터,522957582,울산광역시 중구 종가17길 24-23 201호(서동),필라테스,129.339376,35.5817958
전하체육센터,522354411,울산광역시 동구 봉수로 285 전하체육센터(전하동),종합체육시설,129.4220994,35.5120985
남울산아동발달센터,22692111,울산광역시 남구 신정로 167 4층(신정동),기타종목,129.3175756,35.5463857
경희대명문태권도,522340444,울산광역시 동구 대송8길 32 2층(화정동),태권도,129.4201188,35.500735
삼일키즈태권도,522815512,울산광역시 중구 동천5길 18-10 2층 삼일 키즈태권도(서동),태권도,129.3462932,35.5820154
해맑은아동발달센터,522676730,울산광역시 남구 삼산로 125 4층(교연빌딩)(달동),기타종목,129.3210229,35.536092
주더스포울산진장지점,,울산광역시 북구 진장17길 10 신선도원몰 3층 잇츠짐(진장동),헬스,129.3564495,35.5624072
학사태권도클럽,522865200,울산광역시 북구 호계로 327-22 학사태권도클럽(신천동),태권도,129.3479466,35.6319715
강동MTA태권도장,522568677,"울산광역시 북구 강동산하2로 43 상가 208호 MTA태권도장(산하동, 울산블루마시티 2차 푸르지오)",태권도,129.4370752,35.6244087
마인드휘트니스 울산점,527070798,울산광역시 북구 박상진12로 11 8층 마인드휘트니스(송정동),헬스,129.3653329,35.6014883
마인드휘트니스 울산태화점,527070797,울산광역시 중구 명륜로 23 2층 마인드휘트니스(태화동),헬스,129.3087782,35.5545614
울산재활운동센터,,울산광역시 남구 팔등로109번길 3-1 1층 울산재활운동센터(신정동),기타종목,129.3180462,35.5471473
청원태권도장,522641128,울산광역시 울주군 삼남읍 중남로 46 1층,태권도,129.1079218,35.5354805
다옴요가필라테스,522355484,울산광역시 동구 진성4길 55 3층 다옴요가필라테스(전하동),요가,129.4261012,35.5089972
울산문성길복싱클럽,522393666,울산광역시 울주군 온양읍 솔밭2길 38 4층 문성길복싱클럽,복싱,129.2872663,35.4058409
영화태권도예체능센터,522545753,울산광역시 울주군 언양읍 방천9길 38 영화태권도 1층,태권도,129.115806,35.5663946
다온용인대국가대표태권도,,울산광역시 북구 화산4길 22 2층 다온용인대국가대표태권도(화봉동),태권도,129.3656109,35.5969204
성남락볼링장,522742580,울산광역시 중구 중앙3길 6 4층 볼링장(성남동),볼링,129.3175404,35.5545253
드림태권도,522711716,울산광역시 남구 두왕로126번길 15 2층 드림태권도(선암동),태권도,129.3114327,35.5143158
수태권도,22445550,울산광역시 울주군 범서읍 대리3길 24 2층,태권도,129.2489118,35.5682853
덕신호랑이태권도,,울산광역시 울주군 온산읍 덕망로 65 2층,태권도,129.3066007,35.4385411
사단법인 전통무예화랑도진흥원,,울산광역시 남구 봉월로70번길 54 2층 전통무예 화랑도진흥원(신정동),합기도,129.3112119,35.540114
월드베스트태권도 2관,522889468,울산광역시 북구 두부곡4길 18 월드베스트태권도 2층(연암동),태권도,129.3674626,35.5853716
BLSO 복싱 아카데미,522872611,울산광역시 북구 상방로 147 3층 임의택복싱짐(연암동),복싱,129.366187,35.5839387
더혼 명촌도장합기도우슈,522834443,울산광역시 북구 명촌12길 18 성진빌딩 2층(명촌동),합기도,129.3545842,35.5554399
올림피아드볼링장,512368300,울산광역시 동구 동진2길 7 올림피아드볼링장(방어동),볼링,129.4262589,35.4875495
한양태권도,522775847,울산광역시 남구 어은로 8 2층 한양태권도(무거동),태권도,129.2733938,35.54988
영킴스태권도,522528847,울산광역시 동구 바드래길 58 1층 영킴스태권도(전하동),태권도,129.428798,35.5156152
남성희소아청소년발달센터,522860675,울산광역시 북구 신답로 48 프리지아 3층 남성희소아청소년발달센터(상안동),기타종목,129.3431985,35.6290124
필라테스B 무거점,522773335,울산광역시 울주군 범서읍 굴화길 5 2층 필라테스,필라테스,129.2552534,35.5564547
해바라기볼링센터,522686677,울산광역시 남구 삼산로 375 2층 볼링장(삼산동),볼링,129.3482045,35.5401969
건강한태권도교육관,22866885,울산광역시 북구 천곡남로 33 삼성코아루상가 305호(천곡동),태권도,129.3348221,35.6306608
필라테스 온,,울산광역시 울주군 언양읍 읍성로 38 3층,필라테스,129.1179818,35.567103
튼튼통합발달센터,522463353,울산광역시 울주군 범서읍 점촌6길 5-9 2층 튼튼통합발달센터,기타종목,129.2434912,35.5682431
현명한지산태권도장,,울산광역시 북구 매곡1로 15-1 프리머스상가 202호(매곡동),태권도,129.3533823,35.642418
휘트니스클리닉,522346479,울산광역시 동구 대학길 30 명송빌딩 지하1층 휘트니스클리닉(화정동),헬스,129.4195664,35.4983038
화정체육관,522339222,울산광역시 동구 대송로 140 2층(화정동),탁구,129.4226036,35.4959564
온아동발달센터,522472022,울산광역시 울주군 범서읍 장검1길 59 4층 온 아동발달센터,기타종목,129.2528803,35.551088
두드림복싱다이어트,522715566,울산광역시 울주군 온양읍 온양로 80 효성빌딩3층,복싱,129.2804283,35.4105346
영웅태권도,,울산광역시 동구 화진길 87 2층 영웅태권도(화정동),태권도,129.4218537,35.4921591
우주체육관,522355779,울산광역시 동구 대송6길 46 우주체육관(화정동),태권도,129.418641,35.5007738
점핑 퀸 다이어트,522567778,울산광역시 남구 도산로 105 2층(달동),기타종목,129.3264516,35.5312148
강호합기도,22481488,울산광역시 중구 함월12길 23 우수빌딩 2층(성안동),합기도,129.3054573,35.5752079
교동탁구교실,,울산광역시 울주군 삼남읍 봉화마을길 2 2층,탁구,129.113886,35.5592145
드림태권도,522387757,울산광역시 울주군 온산읍 영남7길 13 상가2층드림태권도(온산동원아파트),태권도,129.3062735,35.441198
김경애아동발달연구소,522727787,울산광역시 남구 삼산로107번길 6-4 1층 김경애 아동발달연구소(달동),기타종목,129.3193393,35.5359154
국술원종합무술본관,522528833,울산광역시 동구 양지1길 21 (화정동),기타종목,129.4201596,35.4965897
충무태권도,522450350,"울산광역시 중구 평동길 26 상가1층 충무태권도(우정동, 청우하이츠맨션)",태권도,129.30711,35.5585815
금강볼링장,522863233,울산광역시 북구 호계로 332-8 지하1층(신천동),볼링,129.3506371,35.6329695
온산문화체육센터,522299000,울산광역시 울주군 온산읍 명봉거남로 46 ,기타종목,129.3153243,35.4384521
온리스포츠배드민턴센터,,울산광역시 북구 약수4길 20 온리스포츠배드민턴센터(중산동),배드민턴,129.3473255,35.6485921
마스터예체능,,울산광역시 동구 옥류로 70 2층(동부동),기타종목,129.4259743,35.5448428
우리탁구클럽,522910487,"울산광역시 북구 상방로 12 상가 지하1층(화봉동, 한우리아파트)",탁구,129.3588085,35.5903705
울산광역시제2장애인체육관,22427330,울산광역시 중구 종가로 350 (교동),헬스,129.3155379,35.5644481
메디앤컬필라테스 우정점,268585575,"울산광역시 중구 종가6길 8-18 럭키빌딩 7층 701,702호 메디앤컬필라테스 우정점(우정동)",필라테스,129.3106404,35.5633205
희망태권도,522274722,울산광역시 남구 두왕로34번길 39 2층 희망태권도(선암동),태권도,129.3114175,35.5075355
타이탄문현효태권도,522529798,울산광역시 동구 꽃바위2길 24 1층 타이탄문현효태권도(방어동),태권도,129.4133705,35.4813481
사단법인 울산동구공공스포츠클럽,522339222,울산광역시 동구 대송로 140 2층 울산동구공공스포츠클럽(화정동),탁구,129.4226036,35.4959565
필라테스B매곡점,522965677,울산광역시 북구 매산로 29 조은프라자 3층(매곡동),필라테스,129.3581095,35.6428414
필라테스클리닉 삼산점,522275777,울산광역시 남구 삼산중로74번길 14 3층 필라테스클리닉(삼산동),필라테스,129.3369724,35.540263
강동제일검도관,522924200,울산광역시 북구 강동산하4로 38 2층(산하동),검도,129.4362542,35.6314528
동아대힘찬태권도,522333388,울산광역시 동구 월봉4길 58 2층(방어동),태권도,129.4200508,35.4896152
매곡점핑다이어트,522827779,울산광역시 북구 매곡1로 4-18 3층 점핑다이어트(매곡동),기타종목,129.354471,35.6435095
새샘태권도,522230717,울산광역시 울주군 범서읍 장검길 51-4 2층,태권도,129.2532775,35.5536977
점핑머신 울산점,,울산광역시 동구 진성14길 122 3층(전하동),기타종목,129.4262799,35.5111341
충효체육관,522647859,울산광역시 울주군 삼남읍 사촌신복로 563 충효체육관,태권도,129.1098451,35.5349766
구영아이스포츠,522117077,울산광역시 울주군 범서읍 구영로 155 3층 구영아이스포츠,축구(풋살),129.2439425,35.5689062
필라테스클리닉 송정점,522923331,울산광역시 북구 박상진12로 11 7층(송정동),필라테스,129.3653329,35.6014883
현무태권도,522331500,울산광역시 동구 문재7길 10 3층 현무태권도(방어동),태권도,129.4178055,35.4838037
챔프복싱아카데미,522926662,울산광역시 북구 호계로 332-8 2층(신천동),복싱,129.3506371,35.6329695
합기도천지관,522923505,울산광역시 중구 반구정4길 20 합기도천지관(반구동),합기도,129.3438905,35.5560492
디엔디댄스스튜디오,,울산광역시 북구 당수골5길 70 1층(호계동),댄스(줌바 등),129.3600913,35.6307009
세종 KBA 농구교실,,세종특별자치시 금남면 금병로 905 KBA 농구교실,농구,127.3405704,36.4974913
세종국가대표태권도,448641251,"세종특별자치시 도움3로 159 가재마을3단지상가 B1호(종촌동, 가재마을3단지)",태권도,127.2432049,36.5043615
옥득진프로바둑학원,448638222,세종특별자치시 한누리대로 1820 4층 옥득진프로바둑학원(반곡동),기타종목,127.3127124,36.4981376
축구배울래아카데미,449030014,세종특별자치시 노을3로 104 한솔빌딩 4층 401호(한솔동),축구(풋살),127.2537344,36.4803606
장애인형 국민체육센터,28504280,세종특별자치시 시청대로 591 장애인형 국민체육센터(반곡동),수영,127.3192565,36.4946651
세종동양킥복싱체육관,448663751,세종특별자치시 조치원읍 충현로 228 b1 동양체육관,복싱,127.2939247,36.6088316
세종승리태권도장,448635225,세종특별자치시 조치원읍 새내10길 87 1층 승리태권도,태권도,127.3029562,36.6009447
지스타엔터컴,,세종특별자치시 세종로 1215 503-505호(고운동),기타종목,127.2410371,36.5111203
세종충녕바둑학원,448638222,"세종특별자치시 한누리대로 1820 405-2, 406-1, 406-2호 (반곡동, 왕관빌딩)(반곡동)",기타종목,127.3127124,36.4981376
나사볼링센터 본점,448630929,세종특별자치시 한누리대로 350 뱅크빌딩지하1층(어진동),볼링,127.2572294,36.495415
세종태권도,448646492,세종특별자치시 조치원읍 문화길 39 청운빌딩2층,태권도,127.2893117,36.6029312
마음바른휘트니스,448650466,세종특별자치시 보듬3로 160 아이콤타워5층 마음바른휘트니스(아름동),필라테스,127.2418852,36.5123089
대성스포츠아카데미 특수체육센터,28620472,세종특별자치시 아름서1길 13-5 B1층(아름동),기타종목,127.2425959,36.5113369
세종합기도천지관,448683032,세종특별자치시 다정중앙로 40 501호(다정동),합기도,127.2493815,36.4940426
경희대 수덕태권도,448628808,세종특별자치시 조치원읍 충현로 159 욱일아파트 상가2층 경희대수덕태권도(욱일아파트),태권도,127.2932492,36.6027948
조이풀수영장,448622596,세종특별자치시 금남면 용포2길 7 1층조이풀수영장,수영,127.2797765,36.4606298
송준골프아카데미,448680754,세종특별자치시 만남로 136 4층 송준골프아카데미(고운동),골프,127.2400719,36.5113684
미니핏필라테스,,"세종특별자치시 다정중앙로 58 다정메디프라자 6층 601,602호(다정동)",필라테스,127.2492274,36.495625
미요가필라테스,428689207,세종특별자치시 새롬중앙로 62-15 317호(새롬동),요가,127.251249,36.486926
화랑합기도,448666909,세종특별자치시 조치원읍 도원2로 39 2층 화랑합기도,합기도,127.2870288,36.592725
부강합기도,442754993,세종특별자치시 부강면 부강로 32 2층,합기도,127.366777,36.5290498
용인대 백호 태권도장,,세종특별자치시 조치원읍 대동학교길 26 2층,태권도,127.2953863,36.5963242
나인원91Fit,237103900,세종특별자치시 한누리대로 316 세종마루2 2층 91fit헬스장(나성동),헬스,127.2568026,36.4924837
용인대 성민 태권도 반곡관,447157688,"세종특별자치시 한누리대로 1820 212,213호(반곡동, 왕관빌딩)(반곡동)",태권도,127.3127124,36.4981376
부강탁구장,,세종특별자치시 부강면 부촌길 32 2층 202호,탁구,127.367422,36.5292433
커브스종촌클럽,448643070,세종특별자치시 도움1로 106 614호(종촌동),기타종목,127.2481238,36.502816
미요가필라테스,428629208,세종특별자치시 한누리대로 2012 201호 미요가필라테스(소담동),필라테스,127.2998473,36.4853119
엘리트풋살아카데미,,세종특별자치시 호려울로 51 골드타워6층 602호 엘리트풋살아카데미(보람동),축구(풋살),127.2893523,36.4779592
원승마클럽,,세종특별자치시 소정면 매실로 474-41 원승마클럽,승마,127.1861823,36.7233681
에듀풀 키즈 스위밍,447157155,세종특별자치시 한누리대로 350 3층 308호 에듀풀 키즈 스위밍(어진동),수영,127.2572294,36.495415
패밀리탁구장,,세종특별자치시 조치원읍 새내8길 22-13 지하상가b1층 패밀리탁구클럽(풍산아파트),탁구,127.3001512,36.5992138
KTI새빛태권도,448638612,세종특별자치시 새롬중앙로 47 세움빌딩601호(새롬동),태권도,127.250789,36.4850028
엘리트태권도,448647077,세종특별자치시 연서면 당산로 349 2층 엘리트태권도,태권도,127.2826335,36.5628306
원펀치복싱클럽,448651287,세종특별자치시 보듬3로 8-11 세종jm빌딩 4층(도담동),복싱,127.2582378,36.5132137
한뜰 태권도,448632277,세종특별자치시 다솜1로 21 한뜰마을4단지 상가동 208호 한뜰태권도장(어진동),태권도,127.2561137,36.5003731
도담서창태권도,448641034,"세종특별자치시 보듬4로 9 315.316(도담동, 도램마을11단지)",태권도,127.2600097,36.51388
키움운동발달센터골든샤크,28629848,세종특별자치시 연기면 조뱅이길 76-19 1동,배드민턴,127.2337173,36.5361876
종촌종합복지센터 종합사회복지관,448503000,세종특별자치시 도움1로 116 종촌종합복지센터(종촌동),헬스,127.2465012,36.5027646
키커축구클럽,,세종특별자치시 마음로 272-4 고운메디프라자702~4호(고운동),축구(풋살),127.2353447,36.5195857
몬스터합기도,448666602,세종특별자치시 마음로 272-11 401호(고운동),합기도,127.236247,36.5188204
엘스텝탁구클럽 나성점,,세종특별자치시 나성남로 7-16 804호 805호 806호(나성동),탁구,127.2621539,36.4824101
보람탁구센터,,세종특별자치시 남세종로 454 7층 701호(보람동),탁구,127.2897062,36.477252
리즈필라테스,448620282,세종특별자치시 나성로 125-4 엔에스타워2차 411호(나성동),필라테스,127.2588736,36.4902603
엘리트태권도,448645377,세종특별자치시 연서면 당산로 349 2층 엘리트태권도,태권도,127.2826335,36.5628306
참마음요가,448659866,세종특별자치시 새롬중앙로 33 606호(새롬동),요가,127.2518361,36.4840497
인디브골프아카데미,,세종특별자치시 나성북1로 22 디펠리체 7층(나성동),골프,127.2587053,36.4910904
운동과학연구센터,448677173,세종특별자치시 국책연구원2로 18 알파타워 6층 609~611호(반곡동),기타종목,127.3016139,36.4907146
dreamofjudo 세종유도관,448630609,세종특별자치시 보듬3로 100 해피라움1동 304호(아름동),유도,127.2486205,36.5119496
송원락볼링쎈타,448650927,세종특별자치시 조치원읍 신안새동네길 6 송원락볼링쎈타,볼링,127.2921321,36.6141664
고운점핑다이어트,,세종특별자치시 마음로 70 204호(고운동),기타종목,127.2343732,36.5050816
그린나래장애아동발달센터,323266196,경기도 부천시 상동로 90 B동 316호 그린나래발달센터(상동),기타종목,126.7537185,37.5051724
(주)박재활운동센터,218118861,"경기도 의정부시 동일로 713 3층302,303호(금오동)",기타종목,127.0505281,37.7504504
J2MSPORTS,319980035,경기도 김포시 사우중로 78 밀레니엄프라자 401호(사우동),기타종목,126.7208597,37.6213547
거북이당구장,323246906,경기도 부천시 상동로117번길 31 대림타운3층  거북이당구장(상동),기타종목,126.7517282,37.5076028
JK탁구클럽,25216959,경기도 남양주시 와부읍 덕소로 226 골드타워 8층 JK탁구클럽,탁구,127.2213275,37.5794338
KD브로스유도클럽,312650467,경기도 용인시 수지구 성복2로76번길 26-3 드림타워 5층 508호 KnD브로스유도클럽(성복동),유도,127.0807766,37.3152915
KG태권짐,316814745,경기도 평택시 청북읍 안청로1길 45-1 5층,태권도,126.9113446,37.0159334
남양주체육문화센터,315601301,경기도 남양주시 다산지금로 91 남양주체육문화센터(이패동),수영,127.176445,37.6067631
KTG태권도장,,"경기도 화성시 비봉면 간곡1길 5 엔터타워 504, 505호 KTG태권도",태권도,126.8725623,37.2468646
KTI태권도,,경기도 광주시 초월읍 현산로 90 2층KTI태권도,태권도,127.2916011,37.3954084
라인업점핑,,경기도 성남시 분당구 느티로 73 204호(정자동),기타종목,127.1127857,37.3687772
Ktigers삼성태권도,316167777,경기도 안성시 공도읍 공도로 132 골드일번가 4층 삼성태권도,태권도,127.1748973,37.0014237
.광교 무브먼트 아카데미,,"경기도 수원시 영통구 도청로18번길 26 엘포트몰(스타벅스) 뒷건물, 지하2층 252호",기타종목,127.0568585,37.2875825
박재현재활전문센터,318538868,경기도 의정부시 동일로 713 을지타워 3층 303호(금오동),기타종목,127.0505282,37.7504504
비스트&비키니,,경기도 안산시 단원구 라성안길 17 (원곡동) 5층 비스트&비키니,헬스,126.8023444,37.3277604
LS아이랑발달지원센터,,"경기도 성남시 중원구 원터로17번길 21 2,3층(하대원동)",기타종목,127.1420412,37.4287322
수지댄스스포츠,,경기도 용인시 수지구 풍덕천로139번길 8 .3층 302호 수지댄스(풍덕천동),댄스,127.0965416,37.3244147
MOL아동청소년발달센터,285103351,경기도 용인시 기흥구 강남서로 9 602호 MOL아동청소년발달센터(구갈동),기타종목,127.1266594,37.2721468
MOVWELL재활운동센터,256155781,경기도 화성시 향남읍 상신하길로298번길 7-23 향남롯데시네마3층 309호,필라테스,126.9128321,37.1149696
MTA다한태권도,312818582,경기도 용인시 기흥구 구성3로28번길 12 5층 태권도 (청덕동)(청덕동),태권도,127.1517699,37.2946088
MTA태권도장,312346501,"경기도 수원시 권선구 곡선로 34 5, 6층 태권도장(곡반정동)",태권도,127.0282723,37.2391263
M핫요가,315920288,경기도 남양주시 진접읍 경복대로 253 진접메디컬센터 6층,요가,127.2027807,37.7211991
NJ댄스스튜디오,7075431102,경기도 군포시 산본로323번길 16-30 3층 NJ댄스스튜디오(산본동),댄스(줌바 등),126.931627,37.3601748
N돌핀 특수체육 수영장,7075761724,경기도 화성시 동탄순환대로16길 88-9 1층(산척동),수영,127.1211074,37.1723192
J&J 유도 아카데미,7046568300,경기도 양평군 용문면 다문북길 67 2층,유도,127.5910093,37.4861169
헬스에반하다,313387880,경기도 용인시 처인구 양지면 양지로 140 2층 헬스장,헬스,127.2837996,37.2343437
PLAY X 엑서사이즈,314218585,경기도 의왕시 계원대학로 34 402호(내손동),기타종목,126.9750837,37.3790546
경희대대한민국태권도,318551952,경기도 의정부시 백석로68번길 27 호원프라자 3층 경희대석사 대한민국태권도,태권도,127.0456593,37.7285468
SNPE일산역점,29765476,경기도 고양시 일산서구 고양대로 676 3층(일산동),요가,126.77098,37.6839866
SRC재활체육관,27993893,경기 광주시 초월읍 경수길 25 SRC재활체육관,수영,127.2870784,37.4186103
고양시 덕양행신장애인주간보호센터,318396100,경기도 고양시 덕양구 서정마을2로 13 행신종합사회복지관 1층 고양시덕양행신장애인주간보호센터,기타종목,126.8471263,37.6213823
S맞춤운동센터,7077981484,경기도 부천시 경인로1185번길 71-13 1층 S맞춤운동센터(송내동),헬스,126.7511365,37.4869019
S플라잉요가앤필라테스,,경기도 부천시 원미구 상동로 108 604호(상동),기타종목,126.7538595,37.5067725
TNP스포츠클럽,312235554,경기도 오산시 경기대로658번길 45 TNP스포츠클럽(내삼미동),축구(풋살),127.0565557,37.1816376
PG스크린 골프 연습장,314381003,"경기도 군포시 대야2로 35 307호(대야미동, 천봉프라자)",골프,126.9168507,37.3302644
VIP당구클럽,,경기도 고양시 덕양구 권율대로 894 6층(신원동),당구,126.8904153,37.6632325
WS복싱클럽사우점,319828212,경기도 김포시 김포대로 847 305호 WS복싱클럽(사우동),복싱,126.7195975,37.619711
1ON1 뉴힐링라이프 재활운동센터 일산점,319047698,"경기도 고양시 일산서구 주화로 88 ,503호 (주엽동, 효림빌딩)",기타종목,126.7585378,37.6705508
W필라테스여성전용스튜디오,312748278,"경기도 용인시 기흥구 한보라2로 15 5층 W필라테스(보라동, 랜드빌2)",필라테스,127.111344,37.2543819
남양주체육문화센터,315601301,경기도 남양주시 다산지금로 91 남양주체육문화센터(이패동),수영,127.176445,37.6067631
kj볼링센터,317629890,경기도 광주시 초월읍 경충대로1284번길 41-24 kj볼링센터,볼링,127.2903645,37.3916787
kts의왕탁구클럽,,경기도 의왕시 부곡초등길 5 (삼동) 계성빌딩 4층,탁구,126.9507933,37.3166713
다지기 아동발달센터,24162086,경기도 안산시 상록구 샘골로 119 우석프라자 2층,배드민턴,126.8627322,37.294559
lsk움직임연구소,,경기도 남양주시 다산중앙로 105-18 205호(다산동),기타종목,127.1519354,37.6224017
rr필라테스,,경기도 고양시 일산동구 장백로 10 101-206(백석동),필라테스,126.7898053,37.6406934
sh운동센터,319411616,경기도 파주시 한마음1길 26 4층401호(금촌동),종합체육시설,126.7711215,37.7565622
sky탁구클럽,,경기도 남양주시 경춘로 386 2층 스카이탁구클럽(다산동),탁구,127.1573287,37.6055433
가나다언어발달연구소,312821544,경기도 용인시 기흥구 동백중앙로 356 지우프라자 5층 502호(동백동),기타종목,127.159624,37.2824121
가디언즈 주짓수,314036655,경기도 안산시 상록구 안산천동로2길 9-1 4층(월피동),주짓수,126.8494909,37.3336379
sh운동센터,319411616,경기도 파주시 한마음1길 26 네오프라자 4층 401호(금촌동),필라테스,126.7711215,37.7565622
가온누리명성태권도장,318845666,경기도 여주시 청심로 234-6 2층 가온누리명성태권도장(상동),태권도,127.6451684,37.2943138
가온태권도,,경기도 용인시 기흥구 덕영대로2077번길 47 ks빌딩 3층 가온태권도(영덕동),태권도,127.0939854,37.2663047
가온태권도장,314335679,경기도 시흥시 정왕신길로49번길 28 3층 태권도장(정왕동),태권도,126.7283054,37.3601267
가운태권도,25551714,경기도 남양주시 가운로2길 55 304호(다산동),태권도,127.1569874,37.6007244
가짐피티,220102641,경기도 용인시 수지구 성복2로 108-2 130호 가짐피티(성복동),헬스,127.0746422,37.3158106
가평군장애인복지관,315829785,경기도 가평군 가평읍 석봉로191번길 65-19 가평군장애인복지관,헬스,127.5017124,37.8311978
가평볼링센터,315821555,경기도 가평군 가평읍 가평제방길 107 가평볼링센터,볼링,127.5177404,37.8246463
갈매현대탁구장,,"경기도 구리시 갈매순환로 188 AC 2동 8,9,10,11호(갈매동)",탁구,127.1222475,37.6361677
감일검도관,24891230,경기도 하남시 감일순환로 55 삼오베스트프라자 303호 감일검도관(감일동),검도,127.1635224,37.509558
감일퍼스트태권도장,24722979,경기도 하남시 감일백제로 105 신성메디프라자 4층 퍼스트태권도(감이동),태권도,127.161231,37.5046789
가천대 미르태권도장,317634797,경기도 광주시 퇴촌면 천진암로 387 2층,태권도,127.3156564,37.4716828
점프스쿨 구성센터,312858883,경기도 용인시 기흥구 구성로 103 상록멀티프라자 211호 점프스쿨(언남동),기타종목,127.1207504,37.2938993
조이발레아카데미학원,314801850,경기도 안산시 단원구 광덕동로 91 5층 조이발레아카데미(고잔동),발레,126.8325699,37.3126523
강산볼링센터,26813681,경기도 평택시 안중읍 안현로서2길 14 지하1층강산볼링센타,볼링,126.9302699,36.9883403
강재영줄넘기학교,319498253,경기도 파주시 청석로 262 이지타운606호(동패동),줄넘기,126.7182583,37.7251254
강철학운태권도,,경기도 김포시 양촌읍 황금로109번길 1 3층 강철학운태권도,태권도,126.6216885,37.6185628
강해GYM복싱,314935582,경기도 시흥시 도일로135번길 4 4층402호 강해GYM복싱(거모동),복싱,126.784624,37.3425827
강현합기도,316671363,경기도 평택시 서정북로 83 2층(서정동),합기도,127.0586553,37.0711488
강호합기도,313429420,경기도 안양시 만안구 박달로 352 상가2층 강호합기도(박달동),합기도,126.8925527,37.4044795
1ON1 뉴힐링라이프 재활운동센터 김포풍무점,319977698,"경기도 김포시 풍무로 128 ,웰라움퍼펙트시티 415호 ( 풍무동 , CGV건물 )",기타종목,126.7234591,37.6070007
갤러리 스포츠,255065100,경기도 안성시 중앙대학로 333 2층(옥산동),골프,127.2448075,37.0024309
경희대 인성 태권도장,314866000,경기도 안산시 단원구 석수로 138 단지내 오피스텔상가 1층 경희대인성태권도(선부동),태권도,126.8061655,37.3492459
경희대능곡태권도장,313186262,경기도 시흥시 승지로60번길 25 5층 504호 경희대능곡태권도장(능곡동),태권도,126.8122329,37.3679744
건강해짐,,경기도 남양주시 오남읍 진건오남로 944 유한프라자3층한 건강해짐,헬스,127.191237,37.7067758
건강해짐 고현점,26669679,경기도 오산시 동부대로 332-13 오산 고현동 더테라스퀘어 나동 2층 건강해짐 헬스장(고현동),헬스,127.0790798,37.1320824
건국대신일체육관,313134915,경기도 시흥시 시흥대로1074번길 28 2층 건국대 신일 체육관(은행동),태권도,126.7960588,37.431084
경기도지적발달장애인복지협회 파주시지부,319480704,경기도 파주시 황골로 74-13 204호 (경기도지적발달장애인복지협회 파주시지부)(금촌동),기타종목,126.7773862,37.7548188
경기레포츠클라이밍,312337467,경기도 용인시 기흥구 흥덕1로 13 P183호(영덕동),클라이밍(암벽등반),127.0664805,37.2710469
경기태권도장,318723157,경기도 의정부시 의정로140번길 4 1층(가능동),태권도,127.0349002,37.7453571
경원태권도장,318443989,경기도 의정부시 태평로145번길 42 경원태권도장(의정부동),태권도,127.0482435,37.745386
새론감통아동발달센터2,319853245,경기도 김포시 김포한강9로76번길 37 경서프라자 1002호(구래동),기타종목,126.627325,37.6441978
경희대 박사 위너 태권도,,경기도 남양주시 진접읍 금강로1576번길 7 2층 경희대 박사 위너 태권도,태권도,127.1948614,37.7312788
경희대 박사 태권도장,315280301,경기도 남양주시 진접읍 부평로 42 214호,태권도,127.2002061,37.7401469
경희대 비룡 태권도,326533484,경기도 부천시 원미구 중동로 168 복사골건영아파트 2차상가 4층(중동),태권도,126.7675675,37.4947484
1ON1 뉴힐링라이프 재활운동센터 수원호매실점,313080880,경기도 수원시 권선구 금곡로 202 6층 뉴힐링라이프 재활운동센터 수원호매실점,기타종목,126.9526872,37.2734821
경희대 석사 명성태권도장,312028359,경기도 수원시 영통구 태장로54번길 70 2층 경희대석사 명성태권도장(망포동),태권도,127.05186,37.2358421
성남시 한마음복지관,317259588,경기 성남시 분당구 야탑로 227 ,헬스,127.1441876,37.4082763
경희대 스타 태권도장,314921243,경기도 시흥시 군자로504번길 1 보성상가 3층(거모동),태권도,126.7845506,37.3449531
다니생활체육관,3180840144,경기도 시흥시 시흥대로268번길 8 3층(능곡동),필라테스,126.8072584,37.3643039
경희대 신화 태권도장,,경기도 수원시 권선구 곡반정로 160 525호(곡반정동),태권도,127.0342029,37.241706
쉬즈댄스아카데미,220660122,경기도 광명시 철산로 27 명동빌딩 4층 쉬즈벨리댄스(철산동),요가,126.8690078,37.4768323
경희대MTA태권도장,,경기도 광명시 하안로 180 4층 MTA태권도장(소하동),태권도,126.887832,37.4534177
경희대석사 우리아이 태권도장,316770979,경기도 안성시 비룡로 26 단지내 상가2층(당왕동),태권도,127.2647432,37.0146268
굿데이짐,312780070,경기도 수원시 권선구 금호로 226 5층(탑동),헬스,126.9749008,37.2751703
경희대MTA태권도장,7047937001,경기도 남양주시 화도읍 경춘로2290번길 4 1동상가 3층 전체,태권도,127.341882,37.6559729
경희대거인체육관,313949966,경기도 군포시 산본천로 31 7단지중앙교육센타 3층(산본동),태권도,126.927217,37.3598021
경희대국제태권도,326761388,"경기도 부천시 원미구 부천로245번길 33 상가동106동201호(춘의동, 춘의동 우민 늘사랑 아파트)",태권도,126.7841814,37.5050389
경희대두드림태권도장,318956357,경기도 수원시 팔달구 세지로244번길 3 그린상가빌딩 2층 경희대두드림태권도장(인계동),태권도,127.0240793,37.2728354
경희대라이언태권도,312543313,경기도 수원시 장안구 금당로39번길 6 303호(조원동),태권도,127.0160944,37.3031987
아이비전 아동발달연구센터,242334001,경기도 용인시 수지구 신봉1로 84 404호 아이비전 아동발달연구센터(신봉동),기타종목,127.0764975,37.3236675
경희대멘토태권도,317212134,"경기도 성남시 중원구 도촌남로 101 상가동 201호(도촌동, 東분당 파크뷰)",태권도,127.1602392,37.4135278
양주시승마장,3180827282,양주시 은현면 그루고개로 221번길 264-21 양주시승마장,승마,126.9981091,37.8433149
경희대박사문무태권도,312447213,경기도 수원시 팔달구 팔달문로 149 2층 태권도장(우만동),태권도,127.0322505,37.2828612
경희대백마참태권도장,326843313,"경기도 부천시 오정구 고강로40번길 62 상가 201호 (백마태권도)(원종동, 주영캐슬)",태권도,126.8084972,37.5276091
경희대삼성태권도,318618857,경기도 양주시 회정로 134 5층 507호 경희대삼성태권도(덕정동),태권도,127.0684721,37.8371569
경희대새솔탑태권도,23573688,경기도 화성시 수노을중앙로 142 센타프라자6층 경희대새솔탑태권도(새솔동),태권도,126.8185844,37.2843834
경희대석사 거룡태권도,226866937,경기도 광명시 광명로888번길 30 광명로832번길 5 601호,태권도,126.8565011,37.4774517
경희대석사 정민태권도,,경기도 안양시 만안구 장내로 50 경희대석사 정민태권도 2층(안양동),태권도,126.9144219,37.3935763
경희대석사 창대태권도장,23353536,"경기도 용인시 처인구 중부대로 1142-1 진우아파트 상가 201~204, 209호(삼가동)",태권도,127.1724138,37.2394168
경희대석사고려태권도장,,"경기도 안성시 공도읍 벚꽃길 73 산수화아파트상가 2층 206, 7호(산수화아파트상가)",태권도,127.1518099,37.0041411
경희대석사명학태권도교육관,314682429,경기도 안양시 만안구 안양로 226 구산빌딩 4층 경희대석사명학태권도(안양동),태권도,126.926229,37.3935141
경희대석사블랙벨트태권도장,314855577,경기도 안산시 단원구 광덕동로 39 304호(대우프라자 3층)(고잔동),태권도,126.8320734,37.3079047
1ON1 뉴힐링라이프 재활운동센터 평택점,,경기도 평택시 평택5로34번길 96 201호(합정동),기타종목,127.1129457,36.9876211
경희대석사선무태권도장,24512184,경기도 군포시 금재로25번길 4 2층 (금정동),태권도,126.9436146,37.360824
경희대석사성호태권도,312157687,"경기도 수원시 팔달구 권광로 373 월드메르디앙주상가 121동 304,305호(우만동, 월드메르디앙 아파트)",태권도,127.0340697,37.2808409
경희대석사쌍용태권도,315737346,경기도 남양주시 오남읍 양지로281번길 16 상가2층 경희대석사쌍용태권도(쌍용스윗닷홈아파트),태권도,127.1904352,37.7001529
남양주도시공사 에코-랜드 수영장,25601321,경기도 남양주시 별내면 청학로8번길 39 에코랜드 수영장,수영,127.1274738,37.7035429
경희대석사영웅태권도장,22557511,경기도 수원시 팔달구 세지로421번길 37-1 3층 경희대석사영웅태권도장(우만동),태권도,127.0293205,37.2877954
경희대석사정진태권도장,313135035,경기도 시흥시 신천로19번길 8 2층 정진태권도장(신천동),태권도,126.7906743,37.4331155
경희대석사체육관,,경기도 시흥시 은행로 178 2층 경희대석사태권도(대야동),태권도,126.7979014,37.4465485
고산국가대표태권도장,,경기도 의정부시 서광로 135 605호(산곡동),태권도,127.1109434,37.7289622
점프스쿨 새솔센터,3180550898,경기도 화성시 노들길 4 엠폴리스1차 3층 점프스쿨 새솔센터(새솔동),기타종목,126.8200083,37.2797924
태극빌리어드,,경기도 부천시 경인로 477 201호(괴안동),기타종목,126.808635,37.4832396
경희대송라체육관,315947370,경기도 남양주시 화도읍 마석로 110-4 경희대송라체육관,태권도,127.3040049,37.6601855
경희대수태권도,313181998,경기도 시흥시 월곶중앙로70번길 3 407호(월곶동),태권도,126.7380122,37.3894537
경희대수태권도장,318515411,"경기도 양주시 회천중앙로 240 센트럴본타워 703호,704호(덕계동)",태권도,127.053184,37.8191236
경희대슈퍼아이태권도,319820709,경기도 김포시 김포한강9로 32 골든씨티3층 슈퍼아이태권도(구래동),태권도,126.6271956,37.6397501
경희대신길태권도장,314917333,경기도 안산시 단원구 신길로 87 신길프라자 402호(신길동),태권도,126.78813,37.3379075
경희대신나무태권도장,22036441,"경기도 수원시 영통구 매영로310번길 12 신성상가 지층 경희대신나무태권도장(영통동, 신성.신안.쌍용.진흥아파트)",태권도,127.0658335,37.2543887
경희대안화태권도장,,경기도 화성시 병점3로 133 후문상가(B동) 301호 302호(병점동),태권도,127.0463863,37.2131312
경희대인성태권도장,314866000,"경기도 안산시 단원구 석수로 138 502동 1층 상가3동 101,102,103,104호(선부동)",태권도,126.8061655,37.3492458
경희대정우태권도장,312222561,경기도 화성시 병점2로 30 명신프라자 4층 경희대정우태권도장(병점동),태권도,127.0402958,37.2060923
경희대정훈태권도,326771484,경기도 부천시 오정구 오정로 250 4층 401.2호  정훈태권도(오정동),태권도,126.7865264,37.5295671
경희대청원태권도장,,경기도 안산시 상록구 본오로 146 2층 경희대청원태권도장(본오동),태권도,126.8669465,37.2980196
경희대초심태권도,317682310,경기도 광주시 이배재로 41 경희대초심태권도3층(탄벌동),태권도,127.2458788,37.4204601
경희대태권도장,23418855,경기도 부천시 옥길로 110-19 ES타워 601호(옥길동),태권도,126.823496,37.466614
경희대태권도장천사총본관,226151494,경기도 광명시 광오로 35 2층 경희대 태권도장 천사총본관(광명동),태권도,126.8482746,37.4763431
경희대태권쏭태권도장,319862303,경기도 김포시 김포한강9로 30 보연상가 501~503호(구래동),태권도,126.6271208,37.6395184
경희대품태권도장,,"경기도 양주시 옥정서로1길 60 단지내상가 2층 경희대품태권도(옥정동, e편한세상 옥정 더퍼스트)",태권도,127.0851938,37.8156074
경희대프라자충효체육관,318733841,경기도 의정부시 신촌로29번길 24 가능프라자 4층(가능동),태권도,127.0379743,37.7514515
경희발달재활센터 스포츠클럽,,경기도 안산시 단원구 광덕서로 82 (고잔동)206호,기타종목,126.8278261,37.3119739
고려라온태권도장,23250426,경기도 부천시 부흥로 133 보람아주상가 3층 고려라온태권도(중동),태권도,126.7575285,37.497399
경희석사백호태권도,326752117,경기도 부천시 오정구 여월로 72 502호(여월동),태권도,126.8063007,37.5117693
1ON1 뉴힐링라이프재활운동센터 남양주점,315232678,경기도 남양주시 늘을1로16번길 25 502-1호(호평동),기타종목,127.2428881,37.6540709
경희엄지YG효자태권도 원곡지점,314859695,경기도 안산시 단원구 라성안길 17 303호(원곡동),태권도,126.8023444,37.3277604
팀제이맥스(TEAM J-MAX),,경기도 성남시 중원구 성남대로997번길 25-13 3층,헬스,127.1264382,37.4179573
공감탁구클럽,,경기도 시흥시 신천로83번길 20 2층(신천동),탁구,126.7837711,37.4379587
경희특수체육센터,314144999,경기도 안산시 단원구 광덕서로 82 210호 경희특수체육센터(고잔동),기타종목,126.8278261,37.3119739
계명대승리K타이거즈태권도,315365402,경기도 포천시 왕방로 258 1층(신읍동),태권도,127.2027604,37.902696
해누리센터,316131002,경기도 화성시 10용사로 316 5층 해누리센터(능동),기타종목,127.052448,37.1992302
고려대 승리태권도,312780013,경기도 수원시 권선구 매곡로 56 2층 고려대 승리태권도(금곡동),태권도,126.9534956,37.2701657
고려대효무술관,23757200,경기도 평택시 진위면 엘지로 55 상가 203호(한일아파트),태권도,127.0703049,37.1263118
고려라온태권도장,323250426,경기도 부천시 원미구 부흥로 133 보람아주상가 3층 301호 고려라온태권도장(중동),태권도,126.7575285,37.497399
고려백호태권도장,29864219,경기도 김포시 양촌읍 양곡3로1번길 26-30 한솔프라자2층 고려백호태권도장,태권도,126.6314948,37.6542082
행복한동행 경희대도담태권도장,226878995,경기도 광명시 광화로 22 로얄프라자4층 401호(광명동),태권도,126.8489515,37.4735695
화도체육문화센터,25601293,경기도 남양주시 화도읍 수레로 1259 화도체육문화센터,수영,127.3012197,37.6496462
고려태권도,25327868,경기도 포천시 일동면 소야길 20 2층,태권도,127.3146582,37.9563713
고려태권도,26721780,경기도 부천시 평천로 708 약대빌딩6층 고려태권도장(약대동),태권도,126.7694707,37.5148598
고발달센터,7040275090,"경기도 화성시 동탄감배산로 143 202동 2113호(오산동, 동탄역 유림노르웨이숲)",기타종목,127.0889835,37.1989403
고양 굿모닝태권도장,319252924,경기도 고양시 일산서구 가좌3로 29 주현프라자 2층 굿모닝태권도장(가좌동),태권도,126.7190911,37.6873606
고양시덕양행신장애인주간보호센터,318396100,경기도 고양시 덕양구 서정마을2로 13 1층 고양시덕양행신장애인주간보호센터(행신동),기타종목,126.8471263,37.6213823
고양시재활스포츠센터,29291500,경기도 고양시 일산서구 탄현로 139 고양시재활스포츠센터(탄현동),헬스,126.7645591,37.7032101
고우탁구클럽,315463878,경기도 수원시 권선구 매송고색로 661-1 장일빌딩3층(고색동),탁구,126.9769345,37.2499655
영웅태권도전문도장,318375657,경기도 의정부시 호암로 237 고구려빌딩3층영웅태권도장(호원동),태권도,127.0446465,37.7216326
고읍영웅태권도,28408442,경기도 양주시 고읍로 117-11 한양수자인 2단지 상가2층 영웅태권도(만송동),태권도,127.0842816,37.7952752
다니생활체육관,314116303,경기도 시흥시 마산로 43 다니생활체육관(조남동),기타종목,126.8564947,37.3757195
곤지암 볼링쎈타,317693337,경기도 광주시 곤지암읍 도척로 137 곤지암볼링센터,볼링,127.3386774,37.3393506
포천유나이티드,,경기도 포천시 군내면 청군로 3164 직두리 체육공원,축구,127.2265229,37.8803506
강무합기도 사능도장,315743002,경기도 남양주시 진건읍 진건오남로 83 용정빌딩2층,합기도,127.1780437,37.6581649
더샾필라테스&요가,315728259,경기도 구리시 갈매중앙로 81-6 더오페라빌딩 602호(갈매동),필라테스,127.116975,37.6321669
골든킥태권도인성교육관,312987688,경기도 수원시 권선구 금곡로 116 유동타워601호 골든킥태권도(금곡동),태권도,126.9430843,37.2739115
골프연습장,313728272,경기도 오산시 수청로 193 6층 골프그라운드세교점(금암동),골프,127.0455185,37.1766517
골프존파크 행신리스톤점,319708628,경기도 고양시 덕양구 중앙로 605 2층 골프존(행신동),골프,126.8309292,37.6259904
1ON1 뉴힐링라이프재활운동센터 부천점,322126364,경기도 부천시 원미구 중동로254번길 28 3층 302호(중동),기타종목,126.7704246,37.5020819
군포시장애인종합복지관,313963108,경기도 군포시 청백리길 18 (금정동),기타종목,126.9332399,37.3625805
국가대표용인대석사태권도장,314690027,경기도 안양시 만안구 장내로 50 (안양동),태권도,126.9144219,37.3935763
국가대표우슈도장,313766593,경기도 화성시 동탄지성로 18 금정프라자6층 603호 국가대표우슈도장(반송동),기타종목,127.0726151,37.205253
과천도시공사,25001433,경기도 과천시 중앙로 294 관문실내체육관(관문동),배드민턴,126.996973,37.4414931
과천도시공사,25001332,경기도 과천시 통영로 5 별관2층 헬스장(중앙동),헬스,126.9892376,37.4282679
과천도시공사과천시청소년수련관,25001263,경기도 과천시 참마을로 9 수영장(문원동),수영,127.000878,37.4264782
과천슈퍼키즈 태권도장점핑클럽,,경기도 과천시 과천대로2길 12 M타워 과천 6층 602호 슈퍼키즈 태권도장(갈현동),태권도,126.9803144,37.4071149
미사검도관,27966636,경기도 하남시 신평로 170 신풍빌딩 2층 201호(신장동),검도,127.2117408,37.5474361
1ON1 뉴힐링라이프재활운동센터 용인점,25461619,경기도 용인시 기흥구 중부대로 579 강남대프라자 4층 405호 뉴힐링라이프재활운동센터(구갈동),종합체육시설,127.1269587,37.2704165
광교썬더스농구교실,312143479,경기도 용인시 기흥구 신정로 288 1층(보정동),농구,127.1005611,37.2929801
광명국민체육센터,226107360,경기도 광명시 사성로 74 광명국민체육센터(철산동),탁구,126.8656657,37.4868035
광명스쿨,220882776,경기도 광명시 하안로 112 208호(소하동),합기도,126.8916635,37.4483787
광명에어로빅YAHA,28989436,경기도 광명시 하안로 254 정산빌딩 지층 4호(하안동),에어로빅,126.8829667,37.4592282
광명장애인종합복지관,226163700,경기도 광명시 목감로 120 광명장애인종합복지관(광명동),기타종목,126.8464263,37.4789538
광백태권도,318675252,경기도 양주시 평화로 1420 5층(덕계동),태권도,127.0462845,37.8177149
광성 경희대 태권도,313733301,"경기도 오산시 수목원로 577-15 단지내상가 201,202호 광성 경희대 태권도(세교동, 세마역 에듀파크)",태권도,127.0412276,37.1821781
의왕도시공사(평생학습관수영장),3180867402,경기도 의왕시 오전로 122 지하 1층(오전동),수영,126.975461,37.3550309
광주볼링장,317648401,경기도 광주시 마루들길 259-20 광주볼링장(양벌동),볼링,127.2624611,37.3782436
경희대 한울 태권도,,경기도 화성시 향남읍 행정중앙2로 14 단지상가 201호(향남시범 넓은들마을 우미린아파트),태권도,126.9163674,37.1288208
교동경희대석사체육관,312843936,경기도 용인시 기흥구 마북로154번길 12 3층 경희대태권도(마북동),태권도,127.1244964,37.3031743
교하에이스탁구,,경기도 파주시 청석로 256 교하일번가 9층 교하에이스탁구클럽(동패동),탁구,126.7176874,37.7246771
교하운정스카이승마장,319419455,경기도 파주시 장자울길 4-33 교하운정스카이승마장(다율동),승마,126.7384328,37.7369475
구래피티샵,7040092949,경기도 김포시 김포한강8로 382 고은메디타워 301호(구래동),헬스,126.6266123,37.6435559
금메달태권도장,326799507,경기도 부천시 고리울로51번길 7 2층(고강동),태권도,126.8216934,37.5276357
구래한돌바둑학원,319899766,경기도 김포시 김포한강8로 386 802호 구래한돌바둑학원(구래동),기타종목,126.626184,37.6434874
구름빌리어드,23913949,"경기도 군포시 산본로323번길 16-7 6층 (산본동,롯데프라자)(산본동)",기타종목,126.9317628,37.3592302
구리김태식복싱체육관,,경기도 구리시 체육관로80번길 24 302호(수택동),복싱,127.1394092,37.5915897
구리무훈체육관,25627271,경기도 구리시 이문안로 86 수택동 449-31번지 2층 3층 무훈도장,기타종목,127.1410746,37.5917943
원에프짐,,경기도 김포시 김포한강7로22번길 174-140 1층(마산동),헬스,126.6411737,37.6430755
구리시장애인종합복지관,315620068,경기도 구리시 이문안로 86-1 구리시장애인종합복지관(수택동),댄스(줌바 등),127.1410825,37.5915575
구리실내테니스장,230040691,경기도 구리시 동구릉로129번길 49 3층(인창동),테니스,127.1355007,37.6118273
별내커뮤니티센터,315601441,경기도 남양주시 순화궁로 313 별내커뮤니티센터 운영사무실 b1(별내동),수영,127.127036,37.6549343
구성탁구클럽,22837161,경기도 용인시 기흥구 용구대로 2362 지하 1층 구성탁구클럽(마북동),탁구,127.1092136,37.2974964
국가대표 명학태권도장,313486988,경기도 안양시 만안구 성결대학로 14 2층 명학태권도(안양동),태권도,126.9324532,37.3832664
국가대표 용문태권도장,312816150,경기도 용인시 기흥구 신갈로 140 302호(신갈동),태권도,127.1061565,37.2791251
국가대표 용인대박사태권도장,233638006,경기도 화성시 봉담읍 상리3길 87 상가(화성봉담2 그랑드비체),태권도,126.9490599,37.2299896
1ON1뉴힐링라이프재활운동센터화성동탄점,3180433068,경기도 화성시 동탄지성로 18 1001호 뉴힐링라이프재활운동센터(반송동),헬스,127.0726151,37.205253
1on1 뉴힐링라이프 재활운동센터 안산점,313653701,"경기도 안산시 상록구 도매시장로 63 , 3층 뉴힐링라이프 재활운동센터 안산점(이동)",기타종목,126.8609693,37.3119431
국가대표 희망태권도장,319730615,"경기도 고양시 덕양구 행신로 153 3층 , 국가대표 희망태권도장(행신동)",태권도,126.8323279,37.6193342
국가대표건영태권도,318447989,경기도 의정부시 능곡로26번길 40-22 상가 3층 국가대표건영태권도장(신곡동),태권도,127.0625719,37.7396476
국가대표별하태권도장,319669944,"경기도 고양시 덕양구 세솔로 149 삼송마을 lh16단지 상가 2층 201호 태권도장(원흥동, 삼송마을엘에이치16단지)",태권도,126.8832253,37.6528445
국가대표스타클래스태권도장,,경기도 광명시 범안로 1035 7층 국가대표스타클래스태권도장(하안동),태권도,126.8779255,37.4619614
랠리탁구장,314585580,경기도 군포시 번영로 588 지하1층(금정동),탁구,126.9409999,37.3619993
1ON1 뉴힐링라이프 재활운동센터 김포구래점,319847698,"경기도 김포시 김포한강9로76번길 49 ,606호(구래동, 포인트프라자)",기타종목,126.626586,37.644744
1on1 뉴힐링라이프재활운동센터 안양점,7086997876,경기도 안양시 동안구 흥안대로 458 평촌메가타운 4층 404호 뉴힐링라이프재활운동센터(평촌동),기타종목,126.9761157,37.3948992
국가대표우슈도장동탄지점,313766593,경기도 화성시 동탄지성로 18 금정프라자6층 603호(반송동),기타종목,127.0726151,37.205253
국가대표전은경태권도장,315101865,"경기도 남양주시 백봉로 32 A동 상가 2층 211호 국가대표전은경태권도(호평동, 두산 알프하임)",태권도,127.2547357,37.6510528
국가대표정도태권도장,319640458,경기도 고양시 덕양구 마상로 176 2층.국가대표정도태권도장(성사동),태권도,126.8416834,37.6573389
국가대표줄넘기클럽JW,,경기도 광주시 벌원길 65 3층(탄벌동),기타종목,127.2480936,37.4159186
국가대표참태권도장,319798787,경기도 고양시 덕양구 소원로 270 3층 국가대표참태권도(행신동),태권도,126.8514779,37.6149284
국가대표챔피언태권도장,317269120,경기도 광주시 신현로 121 SH-E동 2층 국가대표챔피언태권도장(신현동),태권도,127.1599458,37.3589727
국가대표탁구교실,314656557,"경기도 안양시 만안구 장내로120번길 22 3층, 국가대표탁구교실(안양동)",탁구,126.921872,37.395899
호평체육문화센터,315601401,경기도 남양주시 늘을2로 67 호평체육문화센터(호평동),수영,127.242293,37.6588611
볼더박스 클라임,312225010,경기도 화성시 경기대로 1038 4층 볼더박스 클라임(진안동),기타종목,127.0350587,37.2084341
국가대표푸른솔태권도,318418428,"경기도 양주시 부흥로 2021-7 상가2층 3층 국가대표푸른솔 태권도장(고읍동, TS푸른솔1차아파트)",태권도,127.0808143,37.8010844
국가대표휘트니스태권도장,319059535,경기도 고양시 일산동구 일산로 328 4층 휘트니스 태권도장(마두동),태권도,126.7844107,37.6647571
국무합기도,313986290,경기도 군포시 군포로 489-2 3층(당동),합기도,126.9442009,37.3502167
국선도건강센타,319075850,경기도 고양시 일산동구 강석로 153 신협빌딩 701호(마두동),종합체육시설,126.7775134,37.6542132
그레이트짐,323439682,경기도 부천시 소사구 경인옛로 3 4층 그레이트짐(소사본동),헬스,126.7931093,37.481993
꿈틀그라운드,312980701,"경기도 수원시 영통구 창룡대로 250 1동 107호 (근린생활시설 2층 꿈틀그라운드)(이의동, 수원광교 행복주택)",기타종목,127.0367648,37.2947375
나라찬효태권도,318589900,경기도 양주시 회천중앙로 248 5층 나라찬효태권도(덕계동),태권도,127.0535361,37.8196515
경희삼성태권도,25689080,경기도 구리시 이문안로99번길 13 3층(수택동),태권도,127.1423493,37.5925427
군포시장애인종합복지관,313991084,경기도 군포시 청백리길 18 복지관 2층 성인사회참여지원팀(금정동),종합체육시설,126.9332399,37.3625805
군포시청소년수련관,313901404,경기도 군포시 산본로 322 군포시청소년수련관(금정동),수영,126.9347135,37.3598091
굿라이프,22329004,경기도 수원시 팔달구 중부대로 110 한라시그마팰리스 상가 2층 207호(인계동),기타종목,127.0288321,37.2774567
21세기태권도,,경기도 안산시 상록구 부곡로 64 2층 21세기태권도(부곡동),태권도,126.8607181,37.3280176
237탁구클럽,,경기도 구리시 체육관로74번길 27 지층(수택동),탁구,127.1396319,37.5913506
굿컴퍼니(별별통합지원센터),312912171,경기도 수원시 권선구 금호로23번길 21 슬로피아 1층(금곡동),기타종목,126.9541719,37.2698021
권의성태권도장,26571576,경기도 평택시 조개터로42번길 66 3층 권의성태권도장(합정동),태권도,127.1063129,36.9900333
그레이스요가,222393302,경기도 용인시 기흥구 동백중앙로 283 C동703호(중동),요가,127.1534729,37.2780255
그린나래발달센터,,"경기도 용인시 기흥구 동백중앙로 225-6 221,222호 그린나래발달센터(중동)",기타종목,127.1503072,37.2740046
그린라인 플라잉요가,318823097,경기도 여주시 여흥로 129 지하1층(홍문동),요가,127.6377676,37.2957155
그린축구운동발달센터,,경기도 성남시 수정구 사송로 60 2층 그린축구운동발달센터(사송동),축구(풋살),127.1132108,37.414738
극동골프연습장,316773223,경기도 안성시 미양면 신두만곡로 933 극동골프,골프,127.2553385,36.9747891
극동볼링장,316773500,경기도 안성시 석정1길 27 극동볼링장3층(석정동),볼링,127.2610327,37.010283
글로벌박사경희대태권도장,313963100,경기도 군포시 삼성로 6 5층 글로벌박사경희대태권도장(부곡동),태권도,126.9345146,37.3363873
글로벌스포츠탁구교실,317446689,경기도 성남시 수정구 산성대로269번길 8 5층 글로벌스포츠(탁구교실)(신흥동),탁구,127.1467867,37.4415497
2JCM필라테스,312179676,경기도 수원시 권선구 세권로108번길 42 지하 JCM(세류동),기타종목,127.0150818,37.2559379
그린나래장애아동발달센터,23266169,경기도 부천시 상동로 90 메가플러스빌딩  B동 316호,기타종목,126.7537185,37.5051724
금메달 태권도,,경기도 부천시 오정구 고리울로51번길 7 고(고강동),태권도,126.8216934,37.5276357
금메달태권도,226140655,경기도 광명시 도덕로 40 상보빌딩 4층 금메달태권도(광명동),태권도,126.8522487,37.4684335
금메달태권도장,314323726,경기도 시흥시 정왕천로427번길 27-2 2층 태권도장(정왕동),태권도,126.7504813,37.3469723
금모래태권도 효 교육관,,경기도 시흥시 대은로 8-10 5층 금모래태권도(은행동),태권도,126.7937298,37.4394867
금빛태권도,318263331,"경기도 의정부시 호동로 67 402,406호(호원동)",태권도,127.0433266,37.7279274
금빛태권도,318580377,경기도 양주시 평화로1489번길 59-9 3층 금빛태권도(덕계동),태권도,127.0464971,37.8235038
금오검도관,318524525,경기도 의정부시 청사로47번길 26 파크프라자 506호(금오동),검도,127.0681933,37.7524158
금오핫점핑,7088251122,"경기도 의정부시 장곡로 598 204-1호 (신곡동,월드프라자)(신곡동)",기타종목,127.0692947,37.7497612
설렘필라테스,319739609,경기도 고양시 덕양구 화중로 72 803호 설렘필라테스(화정동),필라테스,126.8310953,37.6336038
금촌MK볼링장,319480929,"경기도 파주시 중앙로 308 2층(금촌동, 금촌타워상가아파트)",볼링,126.7757132,37.7633424
다원태권도장,,경기도 안산시 상록구 샘골로 80 2층(본오동),태권도,126.8629854,37.2909087
기리요가스튜디오,,경기도 안양시 동안구 평촌대로 118 민백빌딩 지하1층(평촌동),요가,126.9608693,37.3831277
기파랑태권도,314107905,경기도 안산시 단원구 초지동로 33 5층(초지동),태권도,126.8165661,37.3067632
첼린저볼링장,318513800,경기도 의정부시 용민로 110 6.7층첼린저볼링장(민락동),볼링,127.089912,37.7390472
길가온태권도장,314032177,경기도 안산시 단원구 화정천동로 378 2층(와동),태권도,126.8174738,37.3381476
길라잡이태권도장,315280930,경기도 남양주시 퇴계원읍 경춘북로558번길 3 4층 길라잡이태권도장,태권도,127.1459031,37.6479267
길현탁구장,23764047,경기도 고양시 덕양구 중앙로64번길 38 2층(화전동),탁구,126.8770044,37.5975507
김건환탁구클럽,312364387,경기도 화성시 효행로 1052 씨네샤르망 A동 5층 김건환탁구클럽(병점동),탁구,127.042457,37.213946
김대연 탁구클럽,7088351799,경기도 성남시 중원구 마지로 133 지하 1층 김대연탁구클럽(하대원동),기타종목,127.1443555,37.4276772
다나한요가 월피점,3139394082,"경기도 안산시 상록구 예술광장로 35 4층 401호 다나한요가(월피동, 에스엘타운)",요가,126.8477396,37.3281014
김민성탁구클럽,,경기도 의정부시 평화로 278 2층 김민성탁구클럽(호원동),탁구,127.0475552,37.7166813
로하스당구장,,경기도 연천군 전곡읍 은전로78번길 77 로하스당구장,기타종목,127.0700397,38.0251673
김영희탁구교실,,경기도 군포시 광정로 78 8층 김영희탁구교실(산본동),탁구,126.9297765,37.3600098
다보람발달센터,,경기도 김포시 김포한강3로 287 가동 202호(장기동),기타종목,126.6597786,37.6413772
동호테니스아카데미,314250260,"경기도 안양시 동안구 흥안대로94번길 68 107호(호계동, 양우 내안애 팰리스)",테니스,126.9569379,37.3664901
김탁구클럽,314380099,"경기도 안산시 상록구 샘골로 158 B101,102(본오동)",탁구,126.8634038,37.2978613
김포천하태권도,319988633,"경기도 김포시 김포한강2로 273 단지내 상가 2층(201~203) 천하태권도(장기동, 청송마을 모아미래도엘가)",태권도,126.6621913,37.6498173
김포팬텀유소년축구클럽,7040900326,경기도 김포시 승가로 87-1 김포팬텀유소년축구클럽(풍무동),축구(풋살),126.712769,37.605276
김포프라임 유소년 축구클럽,,경기도 김포시 김포한강8로162번길 16 제이앤(마산동),축구(풋살),126.6442744,37.6361857
김포한강유도체육관 감정점,319819373,경기도 김포시 중봉1로 51 5층 김포한강유도체육관(감정동),유도,126.7025988,37.6250449
33바디랩,,경기도 평택시 지산로 110 2층(지산동),헬스,127.0671513,37.0809877
김혜경언어심리상담센터,315657428,경기도 구리시 건원대로34번길 11 8층(인창동),기타종목,127.1407953,37.6046198
김혜현 탁구클럽,,"경기도 시흥시 장현능곡로 188 SG프라자 5층 김혜현 탁구클럽 502,503호(능곡동)",탁구,126.810996,37.3693131
엠뉴짐,326547395,경기도 부천시 성지로 111-1 2층(원종동),헬스,126.8110061,37.5290879
꽃이필라꽃이피지오스튜디오평생교육원,319284987,경기도 양주시 옥정동로7다길 46 6층 607~610호(옥정동),종합체육시설,127.0928169,37.8194618
꿈꾸는 놀이터 아동발달센터,,"경기도 수원시 권선구 곡반정로 160 A동 3층 318호,319호(곡반정동, 라퍼스트)",기타종목,127.0342029,37.241706
꿈나무심리언어연구소,312544888,경기도 수원시 장안구 정조로 988 조원샤르망 212호(조원동),기타종목,127.010214,37.2951264
꿈나무인지언어연구소,312544888,수원시 팔달구 행궁로 77 송산빌딩 2층,기타종목,127.0158851,37.2757504
꿈나무태권도,280171611,경기도 성남시 분당구 동판교로 59 자유퍼스트프라자1동 1층(백현동),태권도,127.115058,37.3883538
꿈마루 운동발달센터,7087480103,경기도 안성시 아양1로 73 아너스퀘어 504~505호 꿈마루운동발달센터(옥산동),기타종목,127.2584522,37.0082227
꿈마을협동조합,,"경기도 남양주시 덕송3로 30 1202동 1층(별내동, 행복나눔센터)(별내동, 별가람마을1-2단지)",골프,127.1136793,37.6700269
꿈틀그라운드,,"경기도 수원시 영통구 창룡대로 250 근린생활시설 2층 꿈틀그라운드(이의동, 수원광교 행복주택)",기타종목,127.0367647,37.2947375
꿈틀아동발달센터 동탄점,313720701,"경기도 화성시 동탄순환대로10길 20 꿈틀아동발달센터(산척동, 동탄호수공원 경기행복주택)",기타종목,127.1191043,37.1668976
꿈틀아동발달센터꿈틀협동조합,312980701,"경기도 수원시 권선구 호매실로104번길 90 JD타워 401호, 403호(호매실동)",기타종목,126.9627028,37.2595845
끌림필라테스,225672278,경기도 남양주시 오남읍 진건오남로536번길 6 3층 302호 끌림 필라테스,필라테스,127.2102067,37.6809239
나는 요가필라테스,326130389,경기도 부천시 원종로 21 301호(원종동),요가,126.8023655,37.5241681
나는필라테스 능곡역점,314938132,경기도 시흥시 능곡번영길 24 두성타워3층(능곡동),필라테스,126.8074447,37.3700795
나라찬태권도장,,경기도 안산시 단원구 와동로 82 2층(와동),태권도,126.8287526,37.3375662
나래아동발달센터,23468886,"경기도 부천시 경인로 505 206호 (괴안동,역곡하이뷰) 나래아동발달센터(괴안동, 역곡하이뷰)",기타종목,126.8111706,37.4844138
나래아동청소년발달센터,313787675,경기도 오산시 대원로 57 801호(원동),기타종목,127.074755,37.1465825
나르샤점핑,7088343442,경기도 수원시 장안구 송원로 39 406호 나르샤점핑(송죽동),기타종목,127.0067635,37.2991823
나르샤태권도,315233434,"경기도 남양주시 다산순환로 424 성산플레이스2, 5층 나르샤태권도(다산동)",태권도,127.1577463,37.6197104
오남체육문화센터,315601223,경기도 남양주시 오남읍 진건오남로577번길 11 오남체육문화센터,수영,127.2098432,37.6848694
휴필라테스,,경기도 하남시 미사강변동로 85 힐스테이트에코미사 2115호(망월동),필라테스,127.1918814,37.562532
더가꾸다필라테스사우점평생교육원,,경기도 김포시 돌문로 49 3층(사우동),필라테스,126.7174575,37.619317
나인원피트니스 봉담점,,경기도 화성시 봉담읍 삼천병마로 1256-3 3층 나인원 피트니스,헬스,126.9472968,37.2186493
남사스포츠센터,280977805,경기도 용인시 처인구 남사면 한숲로 100 한숲로 100,수영,127.1737916,37.156938
SFC축구클럽,312357588,경기도 화성시 융건로 76-4 SFC축구클럽(배양동),축구,126.9872866,37.2179153
6849600456,3180030208,경기도 화성시 동탄순환대로 617 범환프라자 지하1층 아이누리 수영장(청계동),수영,127.1147414,37.2007437
남수원국예태권도장,312353154,경기도 수원시 권선구 덕영대로1152번길 2 4층 태권도장(세류동),태권도,127.0166208,37.2506194
남양주도시공사 남양주체육문화센터,315601301,경기도 남양주시 다산지금로 91 남양주체육문화센터(이패동),수영,127.1767454,37.6052842
남양주도시공사 별내커뮤니티센터,50713311462,경기도 남양주시 순화궁로 313 별내커뮤니티센터 수영장(별내동),수영,127.127036,37.6549343
남양주시청호평체육문화센터,315601401,경기도 남양주시 늘을2로 67 호평체육문화센터(호평동),기타종목,127.242293,37.6588611
더나은재활운동센터,,경기도 고양시 덕양구 꽃마을로 66 310호311호(향동동),종합체육시설,126.8933501,37.6012623
양주국민체육센터,318289873,경기도 양주시 고읍남로 172 양주국민체육센터(광사동),수영,127.0838395,37.7885664
더리얼휘트니스,318970123,경기도 용인시 수지구 고기로 115 3(동천동),헬스,127.0909004,37.3467254
아임필라테스,318899558,경기도 용인시 수지구 만현로 120 205(상현동),필라테스,127.0847161,37.3060547
88복싱장,,경기도 평택시 포승읍 여술로43번길 18 201.202호 88복싱장(포승삼부르네상스2단지),복싱,126.8475483,36.9907749
남철우 재활운동센터,,경기도 성남시 분당구 정자일로 1 코오롱트리폴리스1 C동 1505호(금곡동),기타종목,127.1053106,37.3508124
내몸에미소,316131211,경기도 화성시 동탄지성로 134 한솔프라자 5층 503호(능동),기타종목,127.0609874,37.2095824
내아이발달센터,7076042468,"경기도 성남시 수정구 위례광장로 19 708호,710호,711호(창곡동)",기타종목,127.1404574,37.4656896
내아이발달센터분당점,7081933667,경기도 성남시 분당구 백현로101번길 17 401~402호 내아이발달센터(분당점)(수내동),기타종목,127.1125099,37.3774801
사단법인해다온복지협회 고양지부,319236675,경기도 고양시 일산서구 하이파크3로78번길 30-1 4층(덕이동),기타종목,126.7562972,37.6982804
네모필라테스,,경기도 동두천시 중앙로 116 501호(지행동),필라테스,127.052518,37.8917688
네오짐,318186194,경기도 고양시 일산동구 약산길 2 부성빌딩 2층 202호(중산동),기타종목,126.792465,37.6792802
네오키즈광명,28997763,경기도 광명시 안현로 52 지하1층 수영장(하안동),수영,126.8774745,37.4655644
더가꾸다필라테스 장기점평생교육원,,경기도 김포시 태장로 800 7층 701호(장기동),필라테스,126.6784503,37.6380961
네츄럴무브,314832848,경기도 안산시 단원구 광덕3로 178 403호 네츄럴무브(고잔동),필라테스,126.8323498,37.3120538
백두태권도,319446222,"경기도 파주시 마음밭길 114 싱기3층(금촌동, 대방노블랜드아파트)",태권도,126.7712622,37.7704247
넥스트짐,,경기도 이천시 마장면 오천로 93 호산프라자 6층,헬스,127.3567462,37.2497427
노블파워점프 점핑 찜질 다이어트,,"경기도 화성시 병점노을4로 5 11층 1112, 1113호 노블파워점프(병점동)",기타종목,127.0292462,37.2049165
노상혁FTC,7086117817,경기도 성남시 분당구 정자일로 162 젤존타워2 604호(정자동),헬스,127.1063239,37.364614
녹양경기태권도,318556900,경기도 의정부시 체육로 304 녹양프라자 7층 경기태권도(녹양동),태권도,127.0413705,37.7609825
녹양인성태권도,318290827,경기도 의정부시 진등로 6 상승빌딩4층 인성태권도(녹양동),태권도,127.0328177,37.7585736
놀잇다 사회적협동조합,319452018,"경기도 파주시 운정중앙로 200 문화센터 내 놀잇다교육센터(목동동, 물향기마을 1단지 아파트)",기타종목,126.7257721,37.7282489
농업회사법인유한회사새곳 비스타밸리,315912275,경기도 남양주시 화도읍 비룡로360번길 15-17 비스타밸리,승마,127.3090863,37.6821745
농업회사법인주식회사한성승마클럽,318667272,경기도 양주시 평화로 1141-11 한성승마클럽(산북동),승마,127.0470119,37.7914681
누누운동 탁구클럽,25919004,경기도 남양주시 화도읍 먹갓로28번길 57 1층,탁구,127.2807706,37.6567002
뉴라이프짐,,경기도 김포시 초당로61번길 51 1층 뉴라이프짐(장기동),필라테스,126.6714555,37.6457701
뉴런농구교실,319079436,경기도 고양시 일산동구 고일로 48 1층(식사동),농구,126.8038178,37.6696318
뉴유성볼링장,316182973,경기도 안성시 공도읍 서동대로 4543 뉴유성볼링센터,볼링,127.206538,37.01054
스포밸리gym,314875050,경기도 안산시 단원구 광덕대로 168 6층(고잔동),헬스,126.8308408,37.311294
뉴타운휘트니스클럽,316623031,경기도 평택시 송탄로 66 이충프라자 502호(이충동),헬스,127.0565025,37.0513387
뉴트럴필라테스 1동탄점,3180039698,경기도 화성시 동탄공원로 36 3층(반송동),필라테스,127.0597088,37.202762
뉴핏휘트니스,27146714,경기도 성남시 분당구 정자로76번길 11 B1 뉴핏휘트니스(정자동),헬스,127.113526,37.3623633
뉴힐링라이프 재활운동센터 오산점,313766686,경기도 오산시 경기대로 178 비전탑오피스텔 305호(원동),헬스,127.073913,37.140645
AYGYM,313884855,경기도 안양시 동안구 평촌대로227번길 48 승진빌딩 지하1층(호계동),복싱,126.9528098,37.3910978
GDR동천골프클럽,312627775,경기도 용인시 수지구 고기로129번길 12-2 동천골프클럽(동천동),골프,127.0882011,37.3476889
늘답언어심리센터,223671940,경기도 광주시 광주역9로 21 DS빌딩 4층(역동),기타종목,127.2536494,37.4070892
능곡콩콩점핑,,"경기도 고양시 덕양구 토당로162번길 14 상가동 202호(토당동, 금강KCC아파트)",종합체육시설,126.8201534,37.6274457
다감필라테스,,경기도 평택시 청북읍 안청로2길 33-70 204호,필라테스,126.916466,37.0182902
코오롱글로벌(주) 스포렉스 행복점,319578908,경기도 파주시 와석순환로 415 B1운정행복센터수영장(와동동),수영,126.7515251,37.7240758
슈팅업치어리딩,312969600,경기도 화성시 봉담읍 상리2길 55 어반센터프라자 310호 311호,댄스,126.9469963,37.2250815
다농볼링장,314102215,경기도 안산시 상록구 예술광장로 1 9층 다농볼링장(월피동),볼링,126.8442343,37.3283714
아이랑발달지원센터,,경기도 성남시 분당구 야탑로 22 4층 아이랑발달지원센터(야탑동),기타종목,127.1214099,37.4084932
다산챔피언스탁구클럽,315650979,경기도 남양주시 다산중앙로 105-18 5층 탁구장(다산동),탁구,127.1519354,37.6224017
다산휘검도관,315685777,경기도 남양주시 다산중앙로146번길 18 다산동 와이파크타워 지하1층 2호 검도관(다산동),검도,127.1544134,37.6257236
소사벌레저 주식회사(소사벌탁구장),,경기도 평택시 비전2로 200 2층 206호(비전동),탁구,127.1128646,37.0012663
탄현스포츠,319122993,경기도 고양시 일산서구 산현로92번길 60 지층 02호(일산동),탁구,126.7708272,37.6894041
다이나믹액션프로모션,318235842,경기도 의정부시 평화로244번길 29 3층(호원동),기타종목,127.0489293,37.7138665
노블레스 볼링장,3180922929,경기도 의정부시 천보로 44 해동타워지하1층 노블레스볼링장(민락동),볼링,127.0963397,37.7443257
다이노 클라이밍,,경기도 남양주시 다산중앙로146번길 12-14 메트로타워 7층 다이노 클라이밍(다산동),클라이밍(암벽등반),127.1546684,37.6251905
다지기아동발달센터,7082530101,"경기도 시흥시 은행로 157 3층 다지기아동발달센터 시흥점 301,302,303호(은행동)",기타종목,126.7989667,37.4449127
다짐,319845096,경기도 김포시 고촌읍 장차로 1 범영빌딩3층 302호 다짐,헬스,126.769639,37.6025548
다짐필라테스탄현점,319184222,경기도 고양시 일산서구 탄현로 120 301호 다짐필라테스(탄현동),필라테스,126.7676707,37.7022224
아임필라테스&요가,312610812,경기도 용인시 수지구 문정로 13 중수프라자 6층(풍덕천동),필라테스,127.0960557,37.3219801
단국대 백호 태권도장,26587080,경기도 평택시 모산1길 17 3층 단국대 백호 태권도장(동삭동),태권도,127.089501,37.0164195
BMP복싱,319861842,경기도 김포시 통진읍 조강로36번길 6 3층 BMP복싱,복싱,126.6015387,37.6896265
다니생활체육관,313149922,경기도 시흥시 마산로 43 다니생활체육관(조남동),필라테스,126.8564947,37.3757195
달콤필라테스,,경기도 시흥시 목감우회로 45 601호 달콤필라테스(목감동),필라테스,126.8609132,37.3820348
당정탁구교실,,경기도 군포시 고산로211번길 32 3층 당정탁구교실(당정동),탁구,126.9507453,37.3435129
대건합기도,315911397,"경기도 남양주시 호평로 94 후문상가 301(호평동, 금강아파트)",합기도,127.2512169,37.6555417
대성검도관,319851248,경기도 김포시 김포한강9로 40 보연그랑플라스2 2층(구래동),검도,126.6270892,37.6405195
산본실내테니스아카데미,,경기도 군포시 고산로 515 110호(산본동),테니스,126.9225068,37.359327
CL 클라이밍,,경기도 화성시 동탄대로 446 (청계동) 그란비아스타 6층 6123호,클라이밍(암벽등반),127.1000579,37.1933905
부천풍산복싱체육관,336123436,경기도 부천시 경인로 183 서원빌딩 6층 부천풍산복싱체육관(심곡본동),복싱,126.7757949,37.4841047
대림고려태권도,314747844,"경기도 안양시 만안구 경수대로 1193 석수대림상가210 호(석수동, 석수e-편한세상아파트)",태권도,126.9136328,37.4149705
대림키즈태권도,315281116,경기도 남양주시 진건읍 진건오남로86번길 32 2층 대림키즈태권도,태권도,127.1811792,37.6583014
대박당구장,,경기도 군포시 금산로6번길 13 3층(금정동),당구,126.9418796,37.3636866
대성태권도,318473883,경기도 의정부시 금신로 376 선덕빌딩3층 우측(금오동),태권도,127.0579927,37.7484038
대원합기도,315653341,경기도 구리시 이문안로 32 3층 체육관(교문동),합기도,127.1348221,37.5918519
라엘배드민턴트레이닝센터,232870627,경기도 광주시 초월읍 경충대로963번길 11-9 라엘배드민턴트레이닝센터,배드민턴,127.3075944,37.3655632
용인대힘찬청룡태권도,29442573,경기도 파주시 금릉이길 35 2층 용인대힘찬청룡태권도(금릉동),태권도,126.7824121,37.75651
대지당구클럽,318971910,경기도 용인시 수지구 현암로 160 6층(죽전동),당구,127.1269415,37.3314114
덕정라온태권도장,318637111,경기도 양주시 화합로1325번길 22-35 상가 3층 덕정라온태권도(덕정동),태권도,127.0632752,37.8484453
대한검도 호매실검도관,312971230,경기도 수원시 권선구 금곡로 100 칠보프라자 602호 호매실검도관(금곡동),검도,126.9412832,37.2738628
대한검도회현인관,318683691,경기도 동두천시 중앙로 112 메인프라자 603호(지행동),검도,127.0525009,37.8914739
평택 한마음 탁구장,316517757,경기도 평택시 평택3로17번길 11 평택  한마음 탁구장(합정동),탁구,127.0923734,36.990782
DS당구클럽,315924939,경기도 남양주시 화도읍 맷돌로 118 7층,당구,127.3032852,37.6572967
랠리탁구장,24512032,경기도 군포시 번영로 588 랠리탁구장(금정동),탁구,126.9409999,37.3619993
더 그린 필라테스,,경기도 고양시 덕양구 토당로 140 2층 더 그린 필라테스(토당동),필라테스,126.8191576,37.6268573
더 베스트 안성태권도장,242181688,경기도 안성시 금산2길 17 1층(금산동),태권도,127.2713194,37.012345
더가꾸다 필라테스 장기점 평생교육원,,경기도 김포시 태장로 800 701호 더가꾸다 필라테스 장기점 평생교육원(장기동),필라테스,126.6784503,37.6380961
더가꾸다필라테스 평생교육원,319858824,경기도 김포시 김포한강4로 521 한강메디프라자4층 403호(구래동),필라테스,126.6261073,37.6458416
더가꾸다필라테스사우점평생교육원,297830098,경기도 김포시 돌문로 49 3층(사우동),필라테스,126.7174575,37.619317
로즈비점핑다이어트,,경기도 의정부시 용민로 313 303호 로즈비점핑다이어트(낙양동),기타종목,127.1038617,37.7525608
더그라운드 볼링앤빌리어드,317613316,경기도 광주시 양벌로215번길 7 2층 더그라운드 볼링앤빌리어드(양벌동),볼링,127.2545821,37.3776665
더나은재활운동센터,,"경기도 고양시 덕양구 꽃마을로 66 310, 311호(향동동, 한일미디어타워)",종합체육시설,126.8933501,37.6012623
더라운드필라테스,,"경기도 고양시 일산서구 중앙로 1391 레이크타운 502호(주엽동, 강선마을12단지아파트)",필라테스,126.7649062,37.6679186
더라인휘트니스,318761470,경기도 의정부시 회룡로 178 발곡프라자(장암동),헬스,127.0534967,37.7263725
더리얼휘트니스,28970123,경기도 용인시 수지구 고기로 115 3층(동천동),헬스,127.0909004,37.3467254
더메이크 사회적협동조합 시흥지부,7075433285,경기도 시흥시 비둘기공원6길 13-1 701호(대야동),기타종목,126.7914946,37.4422659
더발레핏 스튜디오,,경기도 안양시 동안구 시민대로 260 306호(관양동),무용(발레 등),126.959418,37.3935029
룩스필라테스 경기광주점,27672224,경기도 광주시 중앙로 110 로얄팰리스 8층 룩스필라테스(경안동),필라테스,127.2585858,37.4096318
더밝은 사회서비스센터,,경기도 시흥시 승지로 49 3층 더밝은사회서비스센터(능곡동),기타종목,126.8096061,37.3685789
로하스당구클럽,,경기도 연천군 전곡읍 은전로78번길 77 로하스당구클럽,당구,127.0700397,38.0251673
더블엠 다이어트 그룹PT복싱,,경기도 수원시 영통구 태장로 6 B1층(망포동),복싱,127.0466972,37.2380725
더샵필라테스요가 미사역점,27958250,경기도 하남시 미사강변동로 127 경서타워 808호(망월동),필라테스,127.1910518,37.5661873
더샾요가 미사점,243301452,경기도 하남시 미사강변동로 127 경서타워 809호(망월동),요가,127.1910518,37.5661873
더에밀리무용학원,316334486,경기도 이천시 남천로 50 2층 더에밀리무용학원(중리동),무용(발레 등),127.4428068,37.2772143
더올림 아동청소년발달센터,230490379,경기도 의정부시 새말로 1 2층 더올림 아동청소년발달센터(신곡동),기타종목,127.0648036,37.7477075
더원 행동재활센터,322142004,경기도 부천시 길주로 273 604호 더원(중동),기타종목,126.7728425,37.5039782
더좋은gym필라테스,323451110,경기도 부천시 소사구 소사로 202 4층 더좋은짐엔 필라테스(소사본동),헬스,126.7957873,37.4761533
필라테스 쌍떼,319415171,경기도 파주시 와석순환로 78 한강프라자402호(야당동),필라테스,126.7508054,37.7110375
더찬스짐,313337033,경기도 용인시 처인구 모현읍 문현로 345 2층 더찬스짐,헬스,127.2460478,37.3374949
리조트휘트니스PT군포산본점,,경기도 군포시 고산로 693 하나로빌딩 8층(산본동),헬스,126.9350341,37.3719783
리투필라테스,,경기도 하남시 신우실로 65 지안프라자 402호(감일동),필라테스,127.1621105,37.5096862
더함 리햅,,경기도 파주시 금바위로 42 9층 10호(와동동),필라테스,126.7600127,37.7283228
더함필라테스,,경기도 파주시 심학산로423번길 7-21 401호(목동동),필라테스,126.7372549,37.7188081
더함필라테스 운정초롱꽃점,,"경기도 파주시 초롱꽃로 133-3 7층, 701호(동패동)",필라테스,126.7187571,37.7125224
리프레쉬피트니스 3호점,314119679,경기도 시흥시 목감둘레로 253-35 예스프라자 7층(전층)(조남동),헬스,126.8613849,37.3809802
예당검도관,315710086,경기도 남양주시 진접읍 해밀예당3로 59 폴리플라자 301호,검도,127.1978808,37.7149474
더힘찬아동발달센터,,경기도 화성시 봉담읍 상리중심상가길 30 더힘찬아동발달센터 602호,기타종목,126.9450845,37.22658
덕소주짓수파크,,경기도 남양주시 와부읍 덕소로71번길 20-4 덕소주짓수파크,유도,127.212218,37.5881394
데빌김,25292344,경기도 남양주시 오남읍 진건오남로 545-5 가동2층,헬스,127.2098665,37.6820339
코치짐 구리점,25277251,경기도 구리시 갈매순환로 1 마들타워3층(갈매동),헬스,127.1111744,37.6262
GDR실내골프연습장,313557776,경기도 화성시 수노을2로 7 9층(새솔동),골프,126.8166243,37.285504
도담다담아동발달센터,,경기도 부천시 원미구 중동로248번길 86 703호(중동),기타종목,126.7734997,37.5009261
도담댄스아카데미학원,,경기도 시흥시 수풀안길 22 301호(조남동),댄스(줌바 등),126.8627829,37.3811837
스타틀파우라 축구아카데미,7087540707,경기도 수원시 권선구 상탑로21번길 38-12 스타틀파우라 축구아카데미(탑동),축구,126.9739507,37.272619
도담태권도,,경기도 구리시 갈매순환로 92 5층(갈매동),태권도,127.119344,37.6280711
도담태권도,24086451,"경기도 안산시 상록구 샘골로 115 201호 도담태권도(본오동, 굿모닝리빙프라자 I)",태권도,126.8626895,37.2941759
도당태권도장,326825279,경기도 부천시 삼작로 270 3층 도당태권도장(도당동),태권도,126.7914935,37.5200396
스피나필라테스,3180395504,"경기도 성남시 수정구 청계산로4길 59 4, 5 전층(고등동)",필라테스,127.1010878,37.4250362
도복소리태권도장,,경기도 안산시 단원구 원초로 23 푸르지오8차 상가2층 도복소리태권도장(원곡동),태권도,126.8016969,37.3291514
동광태권도특공무술 체육관,316711102,경기도 안성시 서운로 791-11 동광아파트상가 3층 303호(중리동),태권도,127.2667055,36.980681
GG볼링장,315010279,경기도 안산시 상록구 감골1로 27 729동105호(사동),볼링,126.8524953,37.2878817
동그라미탁구교실,318770908,경기도 의정부시 신곡로 45-20 4층(신곡동),탁구,127.0554172,37.7307991
동두천 반다비체육센터,318602894,경기도 동두천시 상패로 56-31 반다비체육센터(상패동),기타종목,127.0481109,37.9063393
동백탁구사관학교,312759846,경기도 용인시 기흥구 동백3로11번길 18 502호(중동),탁구,127.1526165,37.2706227
동삭언어심리연구소,26555767,경기도 평택시 동삭1로22번길 19-21 동삭프라자 204호 동삭언어심리연구소(동삭동),기타종목,127.0932609,37.0208985
동서울승마장,315217767,경기도 남양주시 와부읍 월문천로 280-7 동서울승마장,승마,127.2423361,37.5988742
동성태권도장,317533256,경기도 성남시 수정구 탄리로 79 2층(태평동),태권도,127.1356147,37.4430072
GMA해동검도합기도,316652587,"경기도 평택시 경기대로 1525 2층 GMA해동검도,합기도(지산동)",합기도,127.0622662,37.0806769
237탁구클럽,315680700,경기도 구리시 체육관로74번길 27 지하(수택동),탁구,127.1396319,37.5913506
동양킥복싱GYM,313069455,경기도 용인시 기흥구 신구로12번길 9 3층 동양킥복싱GYM(구갈동),복싱,127.110361,37.2735849
동탄센텀탁구장,313779720,경기도 화성시 동탄기흥로 147-13 센터프라자305호(방교동),탁구,127.0902362,37.1728592
동현스포츠센터,316749814,경기도 안성시 남파로 75 3층(당왕동),헬스,127.2583781,37.0167484
동현피트니스 석정동3호점,316749813,경기도 안성시 석정1길 27 2층(석정동),헬스,127.2610327,37.010283
동호테니스아카데미,,"경기도 안양시 동안구 흥안대로94번길 68 상가동107-1(호계동, 양우 내안애 팰리스)",테니스,126.956938,37.3664901
두드림감각운동발달센터,,경기도 성남시 분당구 야탑로 243 부건프라자 4층 두드림(야탑동),기타종목,127.1455273,37.4073826
두드림탁구클럽,,경기도 동두천시 중앙로 116 7층 703호(지행동),탁구,127.052518,37.8917688
주식회사 그린나래,7041782277,경기도 부천시 소사로 102 복사골 빌딩 301-302(소사본동),기타종목,126.7979634,37.4678701
123당구클럽,318971230,경기도 용인시 수지구 성복2로 17 4층 123당구클럽(성복동),당구,127.0810234,37.3107116
모던힐 별내점,25288251,경기도 남양주시 별내5로5번길 15 신성프라자 7층(별내동),필라테스,127.112451,37.650415
드림에듀지점,,경기도 고양시 일산동구 중산로 234 승산빌딩5층(중산동),헬스,126.7807062,37.6928456
드림온평생교육원,27094560,"경기도 성남시 분당구 서현로 170 326호(서현동, 풍림아이원플러스)",필라테스,127.1225147,37.3889964
드림점핑,,경기도 안성시 공도읍 진사길 11 3층 드림점핑,기타종목,127.1384715,36.9929072
123필라테스,315591239,경기도 남양주시 호평로45번길 28 리더프라자 3층 123필라테스(호평동),필라테스,127.2462077,37.6581815
드림탁구클럽,318365466,경기도 의정부시 평화로 303 3층 드림탁구클럽(호원동),탁구,127.0470782,37.7190441
드림태권도,,경기도 화성시 정남면 만년로 442-10 2층 드림태권도,태권도,126.9825821,37.1613892
바름필라테스,3180055666,경기도 용인시 기흥구 동백중앙로 203 7층 701호 바름필라테스(중동),필라테스,127.1517625,37.2715028
드림히어로즈 태권도장,315910201,경기도 구리시 갈매순환로 194 5층 드림히어로즈 태권도장(갈매동),태권도,127.1217995,37.6366379
디딤터,,경기도 하남시 미사강변한강로 135 스카이폴리스 나동 601호 디딤터 재활운동센터(망월동),기타종목,127.1917806,37.5766518
본국무예 송내합기도 검예 사예,318598828,경기도 동두천시 중앙로 112 메인프라자 601호(지행동),합기도,127.0525009,37.8914739
디에이치꼬모,23467976,경기도 안양시 만안구 장내로 72 4층(안양동),헬스,126.9168646,37.3943268
디엔엠 휘트니스 동구릉역점,,경기도 구리시 건원대로 91 (인창동) 5층 헬스장,헬스,127.1382395,37.6090687
디엔엠휘트니스,,경기도 구리시 이문안로 31 지하1층 디엔엠휘트니스(교문동),헬스,127.134825,37.5923571
디엠댄스,,경기도 구리시 체육관로80번길 32 201호(수택동),댄스(줌바 등),127.1398931,37.5915815
박종진 태권도장,312465606,경기도 수원시 장안구 수일로91번길 2 2층 박종진태권도장(파장동),태권도,127.0010287,37.3099543
디휴먼브레인센터,255047323,경기도 안양시 관악대로272 키즈맘빌딩 블루동 560호,기타종목,126.9530067,37.4018669
뚜존농구교실,,경기도 시흥시 시흥대로 947-4 뚜존체육(미산동),농구,126.7886248,37.4209636
라반휘트니스 본오2호점,315040505,경기도 안산시 상록구 오목로 71 2층(본오동),헬스,126.865832,37.2904002
라온아동발달센터,7082427881,"경기도 수원시 팔달구 중부대로 110 2층 204B , 205호(인계동,한라시그마팰리스)",기타종목,127.0288321,37.2774567
라온아동발달센터,312164474,"경기도 용인시 기흥구 흥덕2로 85 3층(영덕동,우연프라자)(영덕동)",종합체육시설,127.0737987,37.275138
라온제나 태권도장,312949104,경기도 수원시 권선구 호매실로104번길 90 5층 501호(호매실동),태권도,126.9627028,37.2595845
라온주니어스포츠클럽경기광주점,,경기도 광주시 오포로 769-18 라온주니어 스포츠클럽(추자동),종합체육시설,127.22511,37.3610604
라온치료교육센터,314018005,경기도 안산시 단원구 원포공원1로 59 A동 310호(초지동),기타종목,126.8112341,37.3024975
룩스필라테스,,경기도 용인시 수지구 풍덕천로 135 룩스필라테스(풍덕천동),필라테스,127.0965235,37.3238071
라온태권도,326742106,경기도 부천시 오정구 수도로 65 2층(삼정동),태권도,126.7733558,37.5145358
온 필라테스 라운지,317119330,경기도 성남시 분당구 성남대로 168 403호(금곡동),필라테스,127.1094943,37.3508865
라온특수운동심리전문상담센터,,경기도 용인시 기흥구 흥덕2로87번길 18 c동 501.2호(영덕동),종합체육시설,127.0718774,37.2758481
라온필라테스,313750525,"경기도 오산시 운천로 73-1 덕신빌딩301호 라온필라테스(오산동, 덕신빌딩)",필라테스,127.0742362,37.1494184
라온필라테스,319799609,경기도 고양시 덕양구 중앙로 450 7층 라온필라테스(행신동),필라테스,126.8455531,37.6184381
라이온즈부부태권도장,,경기도 남양주시 별내면 청학로54번길 20 레포츠센터 B동 1층,태권도,127.1231475,37.7080552
GP유도멀티짐,28993093,경기도 광명시 오리로 366 지층(소하동),유도,126.8796879,37.4350351
인아휘트니스,318570052,경기도 양주시 고암길 358 5층 인아휘트니스(덕정동),헬스,127.0656471,37.8346999
바디붐 (의정부역점),28449679,경기도 의정부시 태평로99번길 17 3층 바디붐(의정부동),헬스,127.0506522,37.7411207
라이프탁구클럽,,경기도 안성시 서운면 제3공단3길 34-7 라이프탁구클럽,탁구,127.2678133,36.9732431
라인 플레인점핑줄넘기클럽,,경기도 광주시 문형산길 27 3층(신현동),줄넘기,127.1620402,37.3606745
라인점핑,,경기도 의정부시 용민로 60 용현자이프라자 2층 라인점핑(용현동),종합체육시설,127.0852514,37.7366329
라인짐휘트니스,314769484,경기도 안양시 동안구 관악대로287번길 63 흥일빌딩 4층 401호(관양동),헬스,126.9545501,37.4056563
락스타도르 주짓수 스튜디오,,경기도 부천시 길주로 137 상록그린힐 501호 락스타도르 주짓수 스튜디오(상동),주짓수,126.757677,37.5061047
락클라이밍 산본점,313998925,경기도 군포시 광정로 60 9층(산본동),클라이밍(암벽등반),126.9308247,37.3587197
로하스당구장,,경기도 연천군 전곡읍 은전로78번길 77 1층,기타종목,127.0700397,38.0251673
랠리탁구장,,경기도 군포시 번영로 588 지1층. 랠리탁구장(금정동),탁구,126.9409999,37.3619993
랩스휘트니스 상록수역점,314062441,경기도 안산시 상록구 상록수로 50 5층 랩스휘트니스 헬스장(본오동),헬스,126.8655511,37.3022163
러닝메이트 사회서비스센터,317971642,경기도 광주시 중앙로175번길 8 2층(송정동),기타종목,127.2561014,37.4155193
페이버FC,22879111,경기도 용인시 기흥구 언동로71번길 45 3층(청덕동),축구,127.1426094,37.2881339
러브필라테스LOVE PILATES,313423645,경기도 안양시 만안구 시민대로 6 501호(안양동),필라테스,126.934988,37.3832116
GT거호 합기도 해동검도,,경기도 양주시 고읍남로 20 401호 GT거호도장(광사동),합기도,127.0791293,37.794672
럭키태권도장,296552985,경기도 안양시 만안구 석수로 42 럭키교육빌딩 5층 경희대럭키태권도(석수동),태권도,126.9077214,37.408601
르에르필라테스,,경기도 성남시 수정구 수정로 287 3층 르에르필라테스(신흥동),필라테스,127.1464533,37.4503291
레전드 하랑 태권도장,319012575,경기도 고양시 일산동구 숲속마을2로 120 레전드하랑태권도(풍동),태권도,126.8001292,37.6734472
GYM HUR 짐휴,317141171,경기도 성남시 분당구 돌마로 47 5층 509호 510호(금곡동),헬스,127.1072135,37.3503814
Good스포츠과학재활센터,236131873,경기도 평택시 평남로 937 303호(비전동),필라테스,127.104453,37.0043914
레전드축구아카데미,,경기도 의왕시 부곡중앙남7길 8-10 포레터워 5층 501호(삼동),축구(풋살),126.9572767,37.3193156
레하브레인 발달센터,3180558624,"경기도 화성시 동탄순환대로 127-9 우성애비뉴타워 813,814호(산척동)",기타종목,127.1072808,37.1665533
렛츠고동네점핑,,경기도 시흥시 정왕신길로 141 2층 렛츠고동네점핑(정왕동),기타종목,126.7346244,37.3532479
렛츠고동네점핑앤체온다이어트,,경기도 시흥시 옥구천동로 422 2층 렛츠고동네점핑(정왕동),기타종목,126.7316109,37.3581668
렛츠고동네점핑체온다이어트,,경기도 시흥시 함송로 61 보성아파트 상가2층 렛츠고동네점핑(정왕동),기타종목,126.7341708,37.3615017
로기핑퐁,,경기도 양평군 양평읍 관문길18번길 34 1002호(원석비바체),탁구,127.4964447,37.4920567
로아필라테스 동탄목동점,,경기도 화성시 동탄순환대로18길 16 203호~206호(목동),필라테스,127.1243017,37.1831044
로엔 필라테스,,경기도 김포시 김포한강1로 55 이솔프라자 502호(장기동),필라테스,126.6681236,37.6434542
로하스당구클럽,,경기도 연천군 전곡읍 은전로78번길 77 로하스당구클럽,당구,127.0700397,38.0251673
로하스볼링라운지,220666696,경기도 광명시 오리로 970 크로앙스 5층 로하스볼링라운지(광명동),볼링,126.8556293,37.4794445
론테니스존,,경기도 남양주시 진접읍 해밀예당1로 30-9 폴리프라자1 901호,테니스,127.1867779,37.7116431
롤링스타 주짓수킥복싱,,경기도 여주시 세종로 145-7 영인프라자 302호(홍문동),주짓수,127.6357148,37.285359
루루태권스쿨,315026167,경기도 안산시 상록구 중보로 23 501호(이동),태권도,126.8499114,37.306211
루시드 심리발달센터,227656620,"경기도 수원시 권선구 금곡로197번길 18-39 701호, 702호(금곡동)",기타종목,126.9536242,37.2753497
루츠댄스학원,,경기도 안성시 중앙로419번길 18 3층(봉남동),댄스(줌바 등),127.2736425,37.0075294
룩스필라테스 위례창곡점,317552322,경기도 성남시 수정구 위례동로 153 603호(창곡동),필라테스,127.1501737,37.4734999
(주)바디앤,,경기도 용인시 수지구 신봉1로 165 3층 아임필라테스플라잉요가(신봉동),필라테스,127.0686197,37.327795
리나폴댄스Lina Pole,,경기도 광명시 소하로 82 한빛프라자 3층 302호(소하동),댄스(줌바 등),126.8833729,37.4476454
리더스태권도장,316568111,경기도 안성시 공도읍 양기길 28 상가2층201~204호(안성공도서해그랑블),태권도,127.1959752,37.0074664
리더태권도,318657353,경기도 동두천시 이담로 69 3층(지행동),태권도,127.0562512,37.8888275
리더필라테스 시흥은계점,232314333,경기도 시흥시 은계번영길 11 703호(은행동),필라테스,126.8021924,37.437419
리더필라테스 평택고덕국제점,,"경기도 평택시 고덕갈평5길 32 그랜드메디컬타워 606,607,608호(고덕동)",필라테스,127.0474102,37.0565574
HHIM 힘 복싱스쿨,319241282,경기도 김포시 양촌읍 양곡4로 100-24 HHIM 힘 복싱스쿨,복싱,126.6200596,37.6560255
리바디필라테스,200000000,"경기도 고양시 덕양구 통일로 760 B동327호(관산동, 더퍼스트프라임)",필라테스,126.8660967,37.6879012
리본필라테스부천범박점평생교육원,327138877,경기도 부천시 소사구 양지로92번길 9-3 3층 리본필라테스(범박동),필라테스,126.8132856,37.4727166
리아 더 요가,315729622,경기도 남양주시 진접읍 해밀예당3로 60 6층 리아더요가,요가,127.1984011,37.7151382
리아더요가,,경기도 의정부시 청사로 37 4층(금오동),요가,127.0698807,37.7515204
리얼농구교실,315298886,경기도 구리시 동구릉로200번길 25 C동 리얼농구교실(인창동),농구,127.1392264,37.6170133
리온요가,,경기도 파주시 문산읍 문산역로 107 청도1층(청도훼미리코아),요가,126.7867785,37.8559372
리움필라테스 동탄장지점,313721730,경기도 화성시 동탄대로4길 47 AJ프라자 4층 411~414호 리움필라테스(장지동),필라테스,127.1112837,37.1617914
리워크헬스,314950610,경기도 안산시 단원구 시화호수로841번길 8 106호 리워크헬스(성곡동),헬스,126.7602291,37.2964489
리투필라테스 감일점,224097125,경기도 하남시 신우실로 65 402호(감일동),필라테스,127.1621105,37.5096862
본필라테스,317941403,"경기도 하남시 미사강변대로226번길 15 4층 402호 , 403호(망월동)",필라테스,127.1846878,37.5701068
리티댄스아카데미학원,,경기도 양주시 옥정로 208 804호 805호 806호(옥정동),댄스(줌바 등),127.0921511,37.8202251
리플래쉬 헬스,317551938,경기도 성남시 수정구 청계산로4길 53 2층(고등동),헬스,127.1013881,37.4250303
리햅클래식필라테스,317755544,경기도 양평군 양평읍 중앙로 64-4 3층 리햅필라테스,필라테스,127.4959116,37.4950389
림스짐 휘트니스,316350705,경기도 이천시 증신로 137 지하1층(증포동),헬스,127.4531351,37.2883674
링담농구교실,,경기도 과천시 새술막길 10-15 5층 햇살같이웃는아이들(중앙동),농구,126.990873,37.4288845
마이비짐,,경기도 수원시 권선구 오목천로57번길 10-24 2층 201호(오목천동),헬스,126.9696086,37.2403998
High Run 빌리어드클럽,,경기도 평택시 조개터로 33 2층 (합정동),기타종목,127.1023425,36.9901635
마스터 KMaster K태권도장,,"경기도 화성시 수노을중앙로 136 502,503호(새솔동, 메가타워)(새솔동)",태권도,126.8182138,37.2847159
마스터 에이치Master H 어울림태권도장,3180329977,경기도 안산시 상록구 구룡로 4 2층(일동),태권도,126.8664469,37.3109604
마스터 탁구 클럽,200000000,"경기도 의정부시 장곡로 240 상가동 지층 비03호 (장암동 아파트)(장암동)(장암동, 장암동아아파트)",탁구,127.0535578,37.7255292
마스터즈 태권도,,경기도 양주시 고암길 54 동아프라자 3층 마스터즈태권도(고암동),태권도,127.0690581,37.8316598
죽전탁구클럽,28955907,경기도 용인시 수지구 정든로6번길 2 그린피아빌딩 4층 죽전탁구클럽(죽전동),탁구,127.1128959,37.3271923
마실파크골프 시화거북섬,,경기도 시흥시 거북섬둘레길 33 117호(정왕동)(정왕동),기타종목,126.6795928,37.32541
마운틴스타 클라이밍짐,315658849,경기도 구리시 체육관로 82 타워클래스 6층 601호(수택동),클라이밍(암벽등반),127.1381487,37.5919076
마음가짐심리운동센터,319868638,경기도 김포시 김포한강8로 386 센트럴프라자2 804호 마음가짐심리운동센터(구래동),기타종목,126.626184,37.6434874
마음그린 언어심리센터,24043577,경기도 시흥시 승지로 58 4층,기타종목,126.8106089,37.369043
마음뜰 clinic 아동청소년 발달센터,3151833883,경기도 화성시 봉담읍 동화길 51 324호,기타종목,126.9554909,37.2190315
마음뜰 클리닉 아동청소년발달센터,22254023,경기도 수원시 권선구 동수원로242번길 6 502 마음뜰(권선동),기타종목,127.0349988,37.2509437
마음뜰clinic 운동발달센터,7088332963,경기도 수원시 장안구 대평로 128 파크프라자 4층 404호(정자동),기타종목,126.9912484,37.2989814
마음뜰수중운동연구소,315480870,경기도 수원시 권선구 동수원로242번길 6 504호(권선동),수영,127.0349988,37.2509437
마음모아발달센터,,"경기도 용인시 수지구 성복2로76번길 26-4 401호 마음모아(성복동, 신봉샤르망2)",기타종목,127.0804819,37.3148337
마음의GYM 2호점,315272775,경기도 남양주시 진접읍 해밀예당3로 60 7층 마음의GYM 2호점,헬스,127.1984011,37.7151382
마이비짐,,경기도 화성시 효행로 237 2층 마이비짐(기안동),헬스,126.9721289,37.2265592
마이태권도장,,경기도 안성시 대덕면 서동대로 4727 2층 마이태권도장,태권도,127.2260661,37.0133044
마인대디체능센터,,경기도 성남시 수정구 수정북로 111 지하1층 마인대디 체능센터(태평동),종합체육시설,127.1412072,37.4450029
플라잉 스토리,,경기도 파주시 심학산로 415 5층(목동동),요가,126.73781,37.7184805
마인드볼링센터,286910959,경기도 화성시 반월남길 86-12 마인드볼링센터(반월동),볼링,127.0554465,37.2272874
마인발레학원,29891092,경기도 김포시 김포한강11로 288-19 운양프라자 4층 마인발레학원(운양동),무용(발레 등),126.6825412,37.6547054
마홀수영장,315406380,경기도 포천시 신북면 신평로16번길 207 마홀수영장,수영,127.2436467,37.9676493
만호헬스,3106729988,경기도 안성시 죽산면 중서길 8-9 201만호헬스,헬스,127.4233946,37.0760016
맑음체육관,257101202,경기도 성남시 분당구 판교역로192번길 22 305호(삼평동),헬스,127.1120303,37.3980298
맞춤재활운동센터,,"경기도 의정부시 발곡로 10 백상프라자, 213호 맞춤재활운동센터(신곡동)",기타종목,127.0558656,37.7309536
매탄타이혼,312171922,"경기도 수원시 영통구 효원로 393 4층405호 매탄타이혼(매탄동, 밀래니엄프라자)",복싱,127.0446907,37.2591146
맥스당구클럽,,경기도 안산시 단원구 선삼로 32 미성프라자2층(선부동),당구,126.8145929,37.3451819
맥스복싱짐,23216315,경기도 용인시 처인구 중부대로1299번길 10 2층 맥스복싱짐(역북동),복싱,127.1896586,37.237002
맨투맨운동장,,경기도 고양시 덕양구 중앙로 559 510호 맨투맨운동장(행신동),헬스,126.8347923,37.6235504
JH탁구클럽,,경기도 화성시 향남읍 발안로 62 2층,탁구,126.9170154,37.1314497
맹호경희대체육관,312444122,경기도 수원시 팔달구 세지로 300 2층(지동),태권도,127.0239224,37.2779363
머스트짐,319059682,경기도 고양시 일산동구 중앙로 1160 오원프라자 B02 머스트짐(마두동),헬스,126.7789212,37.6509174
머슬짐,316837330,경기도 평택시 안중읍 안현로서6길 7 4층 머슬짐,헬스,126.9280806,36.9833294
머슬케어 필라테스 평택비전점,,경기도 평택시 비전5로 20-36 1001호(비전동),필라테스,127.1157308,36.9993949
머슬코어,,경기도 수원시 팔달구 정조로 667 마이온프라자9층 903호 머슬코어(매교동),기타종목,127.0166755,37.2680086
메디랩필라테스,,경기도 평택시 비전2로 216 로얄프라자 304호 메디랩필라테스(비전동),필라테스,127.1141594,37.0022539
메디앤필라테스평생교육원,314441926,경기도 안양시 동안구 관악대로 91 802호(비산동),필라테스,126.9338453,37.3989076
메리 필라테스,,"경기도 광주시 중앙로 110 8층 801호(경안동, 로얄팰리스)(경안동)",필라테스,127.2585858,37.4096318
메이너스재활운동센터,,경기도 고양시 덕양구 권율대로 690 203동 215호(원흥동),기타종목,126.875331,37.6508659
메이드짐,313971017,경기도 군포시 광정로 78 7층 메이드짐(산본점),헬스,126.9297765,37.3600098
메이유도멀티짐,,경기도 파주시 와석순환로 70 신운정프라자2 204호(야당동),유도,126.7514955,37.710463
메인체육센터,313421282,경기도 의왕시 경수대로 257 7층 705호,기타종목,126.9726591,37.3491604
메타테니스아카데미,,경기도 화성시 봉담읍 수영로39번길 14 1층 103호,테니스,126.9572035,37.2356026
메타필라테스,,경기도 성남시 중원구 광명로 111 5층(성남동),필라테스,127.1409586,37.4362641
은계1어울림센터,23107831,경기도 시흥시 은계로 240 은계1어울림센터(은행동),수영,126.804449,37.4433927
멘토태권도,318582423,경기도 동두천시 지행로 116 1층(지행동),태권도,127.0602809,37.8922394
킥바디핏,,경기도 화성시 동탄반석로 205 105호 킥바디핏(반송동),기타종목,127.0725764,37.2072189
명선헬스,315356333,경기도 포천시 호병로1길 3 1층 명선헬스(신읍동),헬스,127.1951962,37.895376
JK탁구클럽,315216959,경기도 남양주시 와부읍 덕소로 226 골드타워 8층,탁구,127.2213275,37.5794338
명성태권도장,317150957,"경기도 성남시 분당구 정자일로 25 대덕프라자2 507, 508호(금곡동)",태권도,127.1056726,37.3524
명인태권도장,25291555,경기도 남양주시 별내3로 340 천보프라자6층 명인태권도장(별내동),태권도,127.1166463,37.6677031
명인태권도장,25715880,경기도 구리시 갈매중앙로 83 6층 명인태권도장(갈매태권스쿨),태권도,127.1172915,37.6320766
명지대동아태권도,313354861,경기도 용인시 처인구 금학로235번길 10 2층(역북동),태권도,127.1903851,37.239115
명지대한얼합기도,,경기도 안산시 단원구 달미로 96-1 2층  명지대한얼합기도(선부동),합기도,126.8154873,37.3444026
명지탁구클럽,313339658,경기도 용인시 처인구 명지로 21 4층 명지탁구클럽(역북동),탁구,127.1889953,37.2340576
모던힐 별내점,,경기도 남양주시 별내5로5번길 15 7층(별내동),요가,127.112451,37.650415
모두모아발달체육센터,,경기도 파주시 미래로602번길 27 태운프라자 601호 모두모아발달체육센터(와동동),기타종목,126.751955,37.7317105
모두의 테니스,228887380,경기도 파주시 미래로602번길 43 4층 모두의 테니스(와동동),테니스,126.7516225,37.73236
한국스포츠과학연구소 사회적협동조합 하남지부,7088666547,경기도 하남시 신우실로 73 뉴욕타워 3층 301호 ~ 303호(감일동),기타종목,127.1629693,37.5093252
모모아이아동발달연구소,23277995,경기도 부천시 길주로 81 301/502-1호(상동),기타종목,126.751505,37.506318
모현다목적복지회관,313373067,경기도 용인시 처인구 모현읍 문현로 195 모현다목적복지회관,댄스(줌바 등),127.2313206,37.3424945
화성시동탄아르딤복지관,3180770800,경기도 화성시 동탄대로10길 17-12 화성시동탄아르딤복지관 18489(산척동),헬스,127.1078043,37.176722
몬스터유도주짓수스포츠클럽,265461472,경기도 과천시 중앙로 137 B2호(중앙동),유도,126.9917012,37.4288143
밸런스브레인 의정부센터,319285843,경기도 의정부시 오목로225번길 162 민락시티프라자 4층 406호 밸런스브레인(민락동),기타종목,127.0958339,37.7445927
몸놀이운동발달센터,251939948,경기도 안산시 단원구 원포공원1로 70 1동 409호(초지동),종합체육시설,126.8103446,37.3033058
몸매필라테스,,경기도 성남시 수정구 위례광장로 300 중앙타워 3층 341호 몸매필라테스(창곡동),필라테스,127.1427026,37.4734648
한내태권도,316354111,경기도 이천시 갈산로 73 2층 한내태권도(증포동),태권도,127.4615988,37.2894961
몽키즈클라이밍 용인역북점,313352023,경기도 용인시 처인구 명지로40번길 4 링크 153 2층몽키즈클라이밍(역북동),클라이밍(암벽등반),127.1881068,37.2327102
몽키즈클라이밍 일산마두점,319037191,경기도 고양시 일산동구 강촌로 157 704호(마두동),클라이밍(암벽등반),126.79096,37.653656
샵필라테스 평택동삭점,,경기도 평택시 동삭로 384 동화메디컬 5층 샵필라테스(동삭동),필라테스,127.0968218,37.0201866
JSA슈팅아카데미,7077757763,"경기도 성남시 분당구 분당로53번길 12 나산플라자 B1, JSA슈팅아카데미(서현동)",기타종목,127.1219947,37.3836742
무림합기도,317591112,경기도 성남시 중원구 도촌남로 27 504호(도촌동),합기도,127.1506173,37.414505
무림합기도,22424799,경기도 수원시 장안구 금당로 46 602호 무림합기도(조원동),합기도,127.015979,37.3026504
무아메메 폴댄스,,경기도 양주시 부흥로 1938 오션타워 402호 무아메메 폴댄스(광사동),기타종목,127.0781462,37.7949282
바디붐휘트니스 민락점,318513456,경기도 의정부시 오목로225번길 140 성산타워 7층 바디붐휘트니스(민락동),헬스,127.0949045,37.7450392
무이필라테스,236854898,"경기도 시흥시 서울대학로264번길 12 상가B동 213호 무이필라테스(배곧동, 시흥배곧 C2블럭 호반 써밋플레이스 아파트)",필라테스,126.7249125,37.3683075
점프스쿨 음악줄넘기 천천센터,,"경기도 수원시 장안구 만석로19번길 25-5 4층 2호(천천동, 센타프라자)",기타종목,126.9830704,37.2962028
물푸레당구클럽,,경기도 용인시 기흥구 구성3로28번길 32 401호(청덕동),당구,127.1521324,37.2964488
뭉트니스 2호점,317097991,경기도 성남시 분당구 불정로 379 서현프라자 B1 뭉트니스(서현동),헬스,127.1364236,37.3743689
뮤직점프,,경기도 평택시 평남로 933 2층 뮤직점프(비전동),기타종목,127.104851,37.0040516
JUMPINGKICK 나린태권도장,319437787,경기도 파주시 가람로 55 로얄프라자 3층 나린태권도(와동동),태권도,126.7563224,37.7346326
미사강변 주간방과후 활동서비스 센터,,경기도 하남시 미사강변대로 52 502~504호(풍산동),종합체육시설,127.1865296,37.5546607
미사리승마공원,317927721,경기도 하남시 미사동로37번길 175 1동(미사동),승마,127.1997142,37.5778465
미소바른센터,,경기도 고양시 일산동구 중앙로 1160 오원프라자 810호(마두동),기타종목,126.7789212,37.6509174
미소탁구장,316621254,경기도 평택시 지산로 85 우남빌딩 미소탁구장(독곡동),탁구,127.0642576,37.0806276
숭무관,326717979,경기도 부천시 원종로9번길 59 4층 숭무관(원종동),합기도,126.8008831,37.5266871
미스터샤크유도멀티짐,314536210,경기도 안양시 동안구 경수대로 604 대명빌딩 3층(호계동),유도,126.9564121,37.3765828
미스터케이짐,314795354,경기도 성남시 분당구 내정로 172 B1 미스터케이짐(수내동),헬스,127.1199656,37.3736466
민락탁구장,318523388,경기도 의정부시 용현로159번길 12 민락탁구장(민락동),탁구,127.0940457,37.7410699
민락합기도 거호의인총본관,318517383,경기도 의정부시 오목로 217 송민프라자 5층(민락동),합기도,127.0992722,37.745697
1박2일가브리엘당구클럽,,경기도 시흥시 월곶중앙로 64 (월곶동)풍산프라자 3층,당구,126.7385216,37.389193
안산주니어축구클럽,314050911,경기도 안산시 단원구 광덕대로 175 6층 안산주니어축구클럽(고잔동),축구,126.8288995,37.3119422
중앙스포츠아카데미,314030043,"경기도 안산시 단원구 광덕2로 163-15 401호,402호(중앙스포츠아카데미)(고잔동)",농구,126.8285062,37.3111964
Js탁구장,316387553,경기도 이천시 부발읍 경충대로2250번길 60-12 Js탁구장,탁구,127.4799707,37.2621395
1박2일당구장,239978557,경기도 시흥시 월곶중앙로14번길 64 경기 시흥시월곶중앙로64풍산프라자 3층 302호303호(월곶동),기타종목,126.741924,37.3924194
AWESOME스포츠아카데미,317167767,경기도 성남시 분당구 백현로 97 8층 801호 어썸스포츠아카데미(수내동),농구,127.1114019,37.3768278
CL필라테스 동백점,312746378,경기도 용인시 기흥구 동백중앙로 273 6층 601호 CL필라테스(중동),필라테스,127.1534587,37.2770114
TX50태권도,313181484,경기도 시흥시 장곡로 23 티미나프라자 305호(장곡동),태권도,126.7861501,37.3791113
SM탁구클럽,,경기도 남양주시 와부읍 덕소로97번길 29-1 B1 SM탁구클럽,탁구,127.2153667,37.5866432
sta경희대삼성태권도,316535112,경기도 평택시 평남로 933 태성빌딩 5층(비전동),태권도,127.104851,37.0040516
가꾸다구래점평생교육원,319858824,경기도 김포시 김포한강4로 521 4층403호(구래동),필라테스,126.6261073,37.6458416
WEMILY특수지원센터,,경기도 용인시 기흥구 중부대로788번길 13 2단지 상가 지하 101호(상하동),태권도,127.1416491,37.2569917
감골시민홀헬스,24175014,경기도 안산시 상록구 석호로 226 감골시민홀(사동),헬스,126.8553523,37.2933981
경희대의순태권도,318515411,경기도 의정부시 청사로47번길 26 701호(금오동),태권도,127.0681933,37.7524158
곤지암볼링센터,27693337,경기도 광주시 곤지암읍 도척로 137 곤지암볼링센터,볼링,127.3386774,37.3393506
강하 U12 핏섬 축구 아카데미,,경기도 양평군 강하면 운심길 70 강하 체육공원,축구(풋살),127.4141665,37.4965585
갤러리헬스,,경기도 안성시 중앙대학로 333 3층(옥산동),헬스,127.2448075,37.0024309
경희대박사태권도,315280301,경기도 남양주시 진접읍 부평로 42 진접센트레빌시티 상가215,태권도,127.2002061,37.7401469
경동볼링장,318487676,경기도 양주시 고읍남로 13 5층경동볼링장(광사동),볼링,127.0803442,37.794984
경희대늘품태권도장,318986679,경기도 화성시 동탄지성로 300 2층(기산동),태권도,127.0520672,37.2205971
꿈나무심리언어연구소,22544888,경기도 수원시 장안구 정조로 988 조원샤르망 212호(조원동),기타종목,127.0102203,37.2951272
경희대석사등룡태권도장,326746609,경기도 부천시 오정구 삼작로 338 (여월동),태권도,126.7992914,37.5197832
경희대선무체육관,318516961,경기도 의정부시 추동로124번길 30 상현빌딩2층(신곡동),태권도,127.0682647,37.746337
곤지향어울림마당,27971135,경기도 광주시 곤지암읍 곤지암로 21 곤지향어울림마당,탁구,127.3440084,37.3486622
광주도시관리공사(태전국민체육센터),317978538,경기도 광주시 벼루개길42번길 20 태전국민체육센터(태전동),헬스,127.2331108,37.3813467
경희대한결태권도장,326787584,"경기도 부천시 오정구 고리울로52번길 29 203호 경희대한결태권도장(고강동, DH(디에이치)주상복합빌딩)",태권도,126.8215714,37.525888
구리실내테니스장,268220691,경기도 구리시 동구릉로129번길 49 3층(인창동),테니스,127.1355007,37.6118273
경희대효성태권도,316430014,경기도 이천시 장호원읍 장감로49번길 11 2층,태권도,127.6279027,37.117201
광주시문화스포츠센터,317989880,경기도 광주시 회안대로 891 체육동(송정동),수영,127.2547061,37.4268685
고려승화 점핑클럽 음악줄넘기,316544480,경기도 평택시 용죽3로 22 4층(용이동),줄넘기,127.1255078,36.9938444
대건합기도,315911397,경기도 남양주시 호평로 94 후문상가3층 대건합기도,합기도,127.2512169,37.6555417
국가대표용인대석사태권도,314690027,경기도 안양시 만안구 장내로 50 (안양동),태권도,126.9144219,37.3935763
동호테니스아카데미,314273667,"경기도 안양시 동안구 흥안대로94번길 68 107-1호(호계동, 양우 내안애 팰리스)",테니스,126.9569379,37.3664901
구슬치기당구클럽,323229083,경기도 부천시 원미구 장말로 1 5층 구슬치기당구클럽(상동),당구,126.7420924,37.4941468
국가대표 태권도,318409087,경기도 의정부시 서광로 135 6층(산곡동),태권도,127.1109434,37.7289622
국가대표다온태권도장,318757888,경기도 의정부시 둔야로 49 효성빌딩4층 국가대표다온태권도장(의정부동),태권도,127.0394841,37.740278
디엠씨(DMC)재활필라테스,262957000,"경기도 광명시 하안로288번길 2 601,2,3,4,5,6호(하안동)",필라테스,126.8809621,37.4615359
국제 임상 재활연구소,,"경기도 용인시 수지구 고기로45번길 40 104동 1004호(동천동, 한화 포레나 수지동천)",기타종목,127.0931841,37.3403156
군포국민체육센터,23907709,경기도 군포시 군포로 339 군포국민체육센터(부곡동),수영,126.9365077,37.3387788
말과놀이아동발달센터,323236496,경기도 부천시 길주로 86 705 말과놀이아동발달센터,기타종목,126.7519392,37.5052331
기품태권도,315045556,경기도 시흥시 장현능곡로 11 5층 기품태권도(장곡동),태권도,126.7917959,37.3730066
바디붐휘트니스 (녹색거리점),28449679,경기도 의정부시 태평로99번길 17 베스트프라자 3층 바디붐(의정부동),헬스,127.0506522,37.7411207
김성환탁구클럽,,경기도 남양주시 경춘로1256번길 6 다모아프라자 301호,탁구,127.2344211,37.6459466
능평스포츠센터,317148540,경기도 광주시 창뜰아랫길 14-3 능평스포츠센터(지하1층~지하4층)(능평동),수영,127.1667783,37.3489573
바른돌바둑학원,319028243,경기도 고양시 일산동구 일산로 204 동신상가 3층 303호(마두동),기타종목,126.7903836,37.6546414
나우요가스튜디오,316824930,경기도 평택시 청북읍 안청로8길 28 201호,요가,126.9198567,37.0185078
대지당구클럽,318971910,경기도 용인시 수지구 현암로 160 예타운빌딩 6층(죽전동),기타종목,127.1269415,37.3314114
나론세아동발달센터,319287427,경기도 양주시 고읍남로 6-17 채민프라자 2층 나론세아동발달센터(광사동),기타종목,127.0793659,37.7952796
설렘필라테스화정점,29739609,경기도 고양시 덕양구 화중로 72 8층필라테스(화정동),필라테스,126.8310953,37.6336038
뉴힐링라이프 재활운동센터 안양,7086997876,경기도 안양시 만안구 덕천로 34 4층 403~404호(평촌동),헬스,126.9368208,37.384082
능곡합기도검무관,319741083,경기도 고양시 덕양구 지도로115번길 36 202호 능곡합기도검무관(토당동),합기도,126.821291,37.6271014
시흥어울림국민체육센터,313107876,경기도 시흥시 정왕대로233번길 33 시흥어울림국민체육센터 1층 안내데스크(정왕동),수영,126.7410014,37.3484041
드래곤짐,,경기도 성남시 중원구 둔촌대로 388 1층 128호(상대원동),헬스,127.1592797,37.432633
디엠씨(DMC)통합운동협회,262957000,"경기도 광명시 하안로288번길 2 601,2,3,4,5,6호(하안동)",필라테스,126.8809621,37.4615359
루체필라테스,28977710,경기도 광명시 하안로 258 3층 301호(하안동),필라테스,126.8828327,37.4594277
더제이피트니스 향남1지구점,313520505,경기도 화성시 향남읍 행정중앙2로 63-34 3층 더제이피트니스,헬스,126.9225346,37.13059
마음뜰 clinic 아동청소년 발달센터,3151833883,경기도 화성시 봉담읍 동화길 51 프리미엄 원희캐슬 3층 324호,기타종목,126.9554909,37.2190315
올어바웃스포츠(본주짓수초지),314015679,"경기도 안산시 단원구 광덕1로 61 302,303,304호(초지동)",기타종목,126.8163404,37.3088156
용인대석사체육관,319463898,"경기도 파주시 청석로 300 단지내상가 301호(다율동, 청석마을대원효성아파트)",태권도,126.7199349,37.7290596
우리동네운동박사,216445378,경기도 남양주시 천마산로 65-3 태우상가 4층(호평동),헬스,127.2473691,37.6679467
올림피아태권도체육관,316586439,경기도 평택시 원평2로 17 2층 올림피아체육관(통복동),태권도,127.0809919,36.9900044
바디아트짐,319977601,경기도 김포시 풍무2로 11 3층(풍무동),헬스,126.7256317,37.607522
뛰놀자 체육교실,,경기도 시흥시 배곧4로 32-9 4층 406호 뛰놀자체육교실(배곧동),기타종목,126.7272129,37.3768086
원종헬스,326778333,"경기도 부천시 소사로 712 지하1층, 원종헬스(원종동)",헬스,126.8051508,37.5196033
레저로스크린파크골프 경인지사,319088222,"경기도 고양시 일산동구 백마로 478 풍동오토갤러리 204호,206호 레저로스크린파크골프(풍동)",기타종목,126.8014552,37.6609615
로사라인댄스예술회,,경기도 고양시 일산서구 호수로 898 대명 아파트 단지내상가 1-1 일부(B호)(대화동),댄스(줌바 등),126.7438667,37.6726814
용인대인성태권도,318290827,경기도 의정부시 진등로 6 상승빌딩4층(녹양동),태권도,127.0328177,37.7585736
볼링팩토리,317533399,경기도 성남시 수정구 위례광장로 9-9 B129호(창곡동),볼링,127.1411484,37.4644861
박재활운동센터,29713493,경기도 고양시 덕양구 화신로 263 6층 브릿지타워(화정동),기타종목,126.8320507,37.6304621
박재활운동센터,26558868,경기도 부천시 부일로 453 2층(심곡동),기타종목,126.7806123,37.4865339
중앙스포츠아카데미,314030043,"경기도 안산시 단원구 광덕2로 163-15 401,402호(고잔동)",농구,126.8285062,37.3111964
비바당구클럽,316813949,경기도 평택시 안중읍 현화중앙길 1 303호,기타종목,126.9206806,36.978675
보라카이짐 월피점,,경기도 안산시 상록구 예술광장로 1 705호 보라카이짐 월피점(월피동),헬스,126.8442343,37.3283714
마스터태권도,25935707,경기도 남양주시 화도읍 경춘로창벌2길 34-24 청일빌딩 5층,태권도,127.3042466,37.6504145
메타테니스아카데미,233072468,경기도 화성시 봉담읍 수영로39번길 14 봉담메타스크린테니스아카데미,테니스,126.9572035,37.2356026
볼더팝,7042177788,경기도 군포시 공단로104번길 11 1층(당정동),기타종목,126.9510963,37.3546158
큐당구장,,경기도 양주시 고읍남로 5-20 6층(광사동),기타종목,127.0803739,37.7944551
파주시발달장애인생활체육클럽,,경기도 파주시 한울로 65 2층 201호(동패동),축구,126.7389239,37.7109419
평안흥업(주)동서울지점,,경기도 남양주시 와부읍 월문천로 280-7 동서울승마클럽,승마,127.2423361,37.5988742
미르 태권도주짓수,312212133,"경기도 화성시 떡전골로 60 107동 118호(병점동, 병점역효성해링턴플레이스)",태권도,127.0362476,37.2050623
민락경기태권도장,28522950,경기도 의정부시 오목로 74 상가 2층(민락동),태권도,127.0907886,37.7349562
서안성체육센터,316530706,경기도 안성시 공도읍 용머리큰길 20 서안성체육센터,수영,127.1676709,37.0079925
클래식&락볼링센타,314100925,"경기도 시흥시 목감남서로 9-15 태강플라자 3,4층(조남동)",볼링,126.8524148,37.37771
키다리움직임발달심리센터 은계점,280427552,경기도 시흥시 은계번영길 7 403호(은행동),기타종목,126.8016456,37.4371412
안산도시공사 감골시민홀,314175013,경기도 안산시 상록구 석호로 226 감골시민홀(사동),헬스,126.8553523,37.2933981
안상열 복싱,25928279,경기도 남양주시 평내로29번길 41 505호(평내동),복싱,127.2349877,37.645415
밸런스브레인 수원지점,315482175,수원시 팔달구 인계로 140 시안프라자 501호,기타종목,127.0328485,37.2667763
탁구사관학교,27916761,경기도 하남시 천현로134번길 80 (천현동)2층 탁구사관학교,탁구,127.2200396,37.5339212
버클짐,3180169601,경기도 성남시 분당구 판교역로192번길 14-2 골드타워 5층 버클짐휘트니스(삼평동),헬스,127.1120595,37.39748
봉담 필라테스선,22981926,"경기도 화성시 봉담읍 동화길 93-2 제이스프라자 602호,602-1",필라테스,126.9591576,37.2162972
포시즌필라테스 수지(주),312725222,경기도 용인시 수지구 수지로342번길 13 2층 201호(풍덕천동),필라테스,127.0959907,37.3272361
바나함,314752600,경기도 안산시 단원구 예술대학로 17 중앙노블레스 빌딩 7층 7호 바나함요가(고잔동),요가,126.8365081,37.3187059
바둑의신 바둑학원,313342122,경기도 용인시 처인구 명지로40번길 15-15 골든프라자 403호 바둑의신 바둑학원(역북동),기타종목,127.1867172,37.231292
바디꾸 필라테스,,경기도 용인시 수지구 신봉1로 84 신봉종합상가 313호(신봉동),필라테스,127.0764975,37.3236675
박정길탁구클럽,316512631,경기도 안성시 공도읍 문터길 12 2층,탁구,127.195589,37.009116
바디버디,26720788,경기도 안성시 석정1길 22 3층(석정동),헬스,127.2619492,37.0099386
바디붐휘트니스 의정부역점,318449679,경기도 의정부시 태평로99번길 17 3층 바디붐휘트니스(의정부동),헬스,127.0506522,37.7411207
바디아트짐,319977601,경기도 김포시 풍무2로 11 3층(풍무동),헬스,126.7256317,37.607522
바디와이짐,326718525,경기도 부천시 오정구 고리울로40번길 13-13 2층 바디와이짐(고강동),헬스,126.8211901,37.5266195
바디와이짐,326547395,경기도 부천시 성지로 111-1 2층 바디와이짐(원종동),헬스,126.8110061,37.5290879
바디코치비율리티걸,215997497,경기도 화성시 효행로 1051 6층(진안동),필라테스,127.0419608,37.214627
바르미유도체육관,319881388,경기도 김포시 사우중로3번길 48 바르미유도체육관(사우동),유도,126.7138592,37.6172505
바른마음행동발달센터,,경기도 시흥시 은계중앙로 374 3층 304호(대야동),탁구,126.795071,37.4509004
바른아이 민성 태권도장,317634797,경기도 광주시 퇴촌면 천진암로 387 2층 바른아이 민성 태권도,태권도,127.3156564,37.4716828
바른재활센터,,경기도 시흥시 장현능곡로 155 플랑드르 2층 2102호(능곡동),기타종목,126.8073771,37.3710435
바름아동센터,24415095,경기도 안양시 만안구 수리산로 24 헤븐빌 201호,기타종목,126.9291589,37.387726
바시필라테스동탄점,3180433003,"경기도 화성시 동탄오산로 86-3 MK타워 7층(오산동)703,704호",필라테스,127.0977805,37.1981205
박광평탁구클럽,25332584,경기도 고양시 일산동구 일산로 452 지층(정발산동),탁구,126.7769728,37.6740494
박성만골프아카데미,316810622,경기도 평택시 안중읍 현화중앙길 1 박성만골프,골프,126.9206806,36.978675
비봉승마장,,경기도 화성시 비봉면 자청로 190 경기도 화성시 비봉면 자청로 190,승마,126.8889522,37.2063364
박재활운동센터 고양점,319713493,"경기도 고양시 덕양구 화신로 263 브릿지타워 601, 602호(화정동)",기타종목,126.8320507,37.6304621
박재활운동센터 부천점,26558868,경기도 부천시 원미구 부일로 453 2층 박재활운동센터(심곡동),기타종목,126.7806123,37.4865339
박재활운동센터 안양점,313837512,경기도 안양시 동안구 시민대로 187 801호 박재활운동센터 안양점(비산동),기타종목,126.9516905,37.3917768
반디아동청소년발달센터,318413475,"경기도 의정부시 세석로 24 8층 806,807호 반디아동청소년발달센터(산곡동)",기타종목,127.10949,37.7296549
발달장애인생활체육회,,경기도 파주시 한울로 65 203호(동패동),축구(풋살),126.7389239,37.7109419
발레by스토리필라테스,29432801,경기도 파주시 중앙로 256 금촌동 동문빌딩 302호(금촌동),무용(발레 등),126.7783701,37.7591197
발레핏포유,,경기도 안산시 상록구 중보로 57 405호(이동),요가,126.8528569,37.3081252
발안 우리i태권스쿨 & 파워점핑줄넘기,23523233,경기도 화성시 향남읍 발안서로 15 3층 우리i태권스쿨,태권도,126.9020997,37.130371
브라보퍼블릭스크린골프58호점,319117919,"경기도 고양시 일산서구 일현로 140 주상가동 지하1층(탄현동, 큰마을대림,현대아파트)",골프,126.7646894,37.7002488
아미댄스학원,,경기도 용인시 수지구 풍덕천로139번길 8 동림빌딩 3층 302호 아미댄스학원(풍덕천동),댄스,127.0965416,37.3244147
복싱스페이스,315431156,경기도 포천시 소흘읍 솔모루로 98-6 3층,복싱,127.1481306,37.8295524
아이도담 운동발달센터,313751442,경기도 화성시 동탄대로19길 10 신유메디프라자 308호(오산동),기타종목,127.0977682,37.1971942
한점미소발달센터,,경기도 남양주시 평내로29번길 49 510호(평내동),기타종목,127.2356564,37.6458624
백년탁구교육원,315779333,경기도 남양주시 와부읍 수레로1번길 8 선플렉스빌딩 별관 3층,탁구,127.2127822,37.587348
백의민족 태권도장,28975908,경기도 광명시 하안로 233 4층(하안동),태권도,126.8838418,37.4574555
백인관합기도,,경기도 여주시 세종로45번길 48 3층 백인관합기도(홍문동),합기도,127.637193,37.291455
백인철권투체육관,319628859,경기도 고양시 덕양구 혜음로 43 3층(고양동),복싱,126.90192,37.7044366
백호태권도장,28636660,경기도 동두천시 중앙로 125 영스포츠타운 404호 백호태권도장(지행동),태권도,127.0517372,37.8927576
밸런스브레인 동탄지점,3180155532,"경기도 화성시 동탄중심상가1길 5 (2층, 202호 일부)(반송동)",기타종목,127.0717345,37.2005146
밸런스브레인 평촌센터,313855532,경기도 안양시 동안구 시민대로 214 505호(호계동),종합체육시설,126.9547959,37.3919267
버닝트랙인라인클럽,319812633,경기도 김포시 양촌읍 해평로 126-83 버닝트랙인라인클럽,롤러인라인,126.6551501,37.6574172
벌키키즈365,317963605,경기도 하남시 신장동로 35 301호~303호(신장동),수영,127.2112357,37.5433689
베스트 태권도장,,"경기도 안산시 단원구 화정천서로2길 17 2층 베스트 태권도장(선부동, 도원스위트빌)",태권도,126.8157217,37.342272
베스트 태권도장,317312230,경기도 성남시 수정구 수정로 226 2층(신흥동),태권도,127.1447524,37.4451244
베스트Best내유태권도장,319698151,경기도 고양시 덕양구 유산길 35 2층 Best내유태권도장(내유동),태권도,126.8468074,37.7267431
베스트바디퍼스널트레이닝김포점,319915223,경기도 김포시 사우중로 93 한빛프라자 7층(북변동),헬스,126.7213099,37.6229633
베스트볼링센터,313168585,"경기도 시흥시 비둘기공원5길 23 5층,6층 베스트볼링센터(대야동)",볼링,126.7902494,37.4422217
베스트스포츠아카데미,28976751,경기도 광명시 하안로 254 정산빌딩 4층(하안동),축구(풋살),126.8829667,37.4592282
베스트장애아동재활치료센터,27628585,경기도 광주시 곤지암읍 광여로 555-40 1층 베스트장애아동재활치료센터,댄스(줌바 등),127.3956862,37.3711168
베스트탁구클럽,,경기도 시흥시 중심상가로 38 3층 베스트탁구클럽(정왕동),탁구,126.7223613,37.352683
베이직아동발달센터,,경기도 화성시 동탄신리천로 411 우성스타타워 603호(목동),기타종목,127.124087,37.1826884
벨린필라테스&자이로토닉 X 배리어프리,,경기도 고양시 일산동구 중산로 63 501호 벨린필라테스(중산동),필라테스,126.7821351,37.6777246
별 태권도장,,경기도 고양시 덕양구 삼송로 303 2층 별 태권도장(지축동),태권도,126.9079145,37.6526698
별가람점핑하다,,경기도 남양주시 별내3로 336 별내프라자 301호 별가람점핑하다(별내동),기타종목,127.1169942,37.6672274
별내검도관,,경기도 남양주시 덕송1로 51 현대프라자 501호 별내검도관(별내동),검도,127.1180592,37.6656912
별내볼링장,315270872,경기도 남양주시 별내2로 74 JS타워 9층(별내동),볼링,127.1255536,37.6468963
별내탁구클럽,315726004,경기도 남양주시 별내중앙로 34 로뎀타워5층501호(별내동),탁구,127.1254038,37.6461619
별하음악줄넘기,313048051,경기도 수원시 영통구 센트럴타운로 92 대림프라자 201호 별하음악줄넘기(이의동),줄넘기,127.0511494,37.2917836
병점BTA테니스아카데미,,경기도 화성시 효행로1156번길 10 3층  303호(병점동),테니스,127.0517676,37.2138553
병점태양권투체육관,312326838,경기도 화성시 효행로 1059 미래프라자 702호(진안동),복싱,127.0426677,37.2147367
보니따필라테스 수원곡반점,,경기도 수원시 권선구 곡선로 42 7층 보니따필라테스(곡반정동),필라테스,127.0291061,37.2388644
보라휘트니스,,경기도 용인시 기흥구 사은로126번길 6 지층 b01호(보라동),헬스,127.1183047,37.2552233
보텝스태권도장,7075003766,경기도 성남시 수정구 태평로 4 3층 보텝스태권도장(태평동),태권도,127.1274428,37.4477947
복싱멘토스쿨,313351022,경기도 용인시 처인구 포곡읍 포곡로 110-1 신성빌딩 3층 복싱멘토스쿨,복싱,127.2178653,37.2692042
시청앞당구장,7043691906,경기도 용인시 처인구 중부대로 1154 인앤인프라자 3층 302호 시청앞당구장(삼가동),당구,127.173327,37.2393223
김진혁 탁구클럽,,경기도 광주시 마루들길 223 1층 김진혁 탁구클럽(양벌동),탁구,127.2564861,37.3780365
늘솜필라테스,,경기도 시흥시 목감중앙로 53 중앙프라자 402호 늘솜필라테스(조남동),필라테스,126.8550039,37.3729707
대무관,,"경기도 부천시 범안로 60 202,203호(괴안동)",합기도,126.8078417,37.4763686
본 필라테스,,경기도 하남시 미사강변대로226번길 15 4층 본필라테스(망월동),필라테스,127.1846878,37.5701068
본국무예 문산합기도 검예,319340907,경기도 파주시 문산읍 당동2로 7 2층 본국무예 문산합기도 검예,합기도,126.7843677,37.8680065
본국무예원 합기도 검도 국궁활쏘기 옥정본관,,경기도 양주시 옥정로 204 7층 704호 본국무예원 옥정본관(옥정동),합기도,127.0921428,37.8198459
본오세종태권도,314153374,경기도 안산시 상록구 석호로 270 3층(본오동),태권도,126.8604155,37.2934546
본주짓수 사동 호신스쿨,314071121,경기도 안산시 상록구 선진로 106 305호(사동),합기도,126.8528253,37.2800383
본주짓수 성포역점,314109199,경기도 안산시 상록구 예술광장로 29 401(월피동),주짓수,126.8472605,37.3287909
볼더박스 클라임,22225014,경기도 화성시 경기대로 1038 A동 402호(진안동),클라이밍(암벽등반),127.0350587,37.2084341
안산도시공사 와동체육관,3180857411,경기도 안산시 단원구 화정천동로 396 와동체육관(와동),헬스,126.818909,37.339973
애스트로맨 클라이밍센터,319446262,경기도 파주시 와석순환로 135 1002호 애스트로맨 클라이밍센터(동패동),기타종목,126.7444995,37.7120068
스텔론의울트라복싱체육관,312137009,경기도 수원시 팔달구 경수대로616번길 25 지하1층 울트라복싱헬스(우만동),복싱,127.031767,37.2810674
볼원볼링장 용인점,313325996,경기도 용인시 처인구 중부대로 1294 더와이스퀘어3층 볼원볼링장 용인점(역북동),볼링,127.1883042,37.2354739
남양주시청 화도센터,315601296,경기도 남양주시 화도읍 수레로 1259 화도체육문화센터,수영,127.3011937,37.6496299
봉담 필라테스선,312981926,"경기도 화성시 봉담읍 동화길 93-2 602,602-1호 필라테스선",필라테스,126.9591576,37.2162972
봉담파워점핑 줄넘기클럽,312267867,경기도 화성시 봉담읍 와우로15번길 8 임광그대가3단지 정문상가2층 봉담파워점핑 줄넘기클럽,줄넘기,126.9702984,37.2158918
부곡KTIGERS태권도장,314174146,경기도 안산시 상록구 정재로 23 6층 부곡태권도(부곡동),태권도,126.8644321,37.3330365
부곡경희대석사태권도교육관삼동,314612466,"경기도 의왕시 까치골길 20 2차 상가 2층(삼동, 한아름아파트)",태권도,126.9558053,37.3179349
부발 태권도 체육관,316333948,경기도 이천시 부발읍 무촌로151번길 26 부발 태권도 체육관,태권도,127.4875928,37.2857992
부부우리태권도장,326732790,경기도 부천시 오정구 고강로72번길 49 4층 부부우리태권도장(고강동),태권도,126.8122451,37.5275998
양주도시공사 서부권스포츠센터,28289830,경기도 양주시 광적면 부흥로618번길 303 서부권스포츠센터,수영,126.9723211,37.8132273
부영 화성경희 태권도,3180596001,경기도 화성시 향남읍 상신하길로 295 상가동 2층 201호 부영 화성경희 태권도(서봉마을사랑으로부영6단지),태권도,126.9079371,37.1147272
부천국민체육센터,23400812,경기도 부천시 석천로 293 부천국민체육센터(중동),수영,126.7639107,37.512757
부천도시공사 부천체육관 스포츠센터,323400781,경기도 부천시 석천로 293 내 스포츠센터(중동),헬스,126.7639107,37.512757
부천도시공사 오정레포츠센터,323405384,경기도 부천시 상오정로 169 오정레포츠센터(오정동),수영,126.7965,37.5290273
부천시청복사골스포츠센터,23405390,경기도 부천시 장말로 107 지하2층 복사골스포츠센터(상동),수영,126.7542326,37.4947861
부천클라이밍센터,326123079,경기도 부천시 부일로 300 지하 1층(상동),클라이밍(암벽등반),126.763545,37.4882121
더가꾸다필라테스 사우점,,경기도 김포시 돌문로 49 3층(사우동),필라테스,126.7174575,37.619317
선한태권도,,경기도 포천시 소흘읍 송우로 41 5층 선한태권도,태권도,127.1441335,37.8283881
분당 토브 발달센터,,경기도 성남시 분당구 돌마로 47 . 7층 709호 분당 토브 발달센터(금곡동),기타종목,127.1072135,37.3503814
분당에어로빅,317047233,경기도 성남시 분당구 야탑로 249 201호(야탑동),에어로빅,127.1462605,37.4071164
분당올림픽스포츠센터 서울올림픽기념국민체육진흥공단,317087481,경기도 성남시 분당구 중앙공원로 35 분당올림픽스포츠센터(서현동),종합체육시설,127.1286613,37.3808715
분당화랑 유도 주짓수,27095801,"경기도 성남시 분당구 돌마로486번길 12 현대상기2층(서현동, 효자촌)",유도,127.1339146,37.3767085
브레이브힐,315299682,경기도 남양주시 오남읍 양지로 1 2층,헬스,127.2079256,37.679662
브레이브힐 기구필라테스 홍유점,315118977,경기도 남양주시 홍유릉로248번길 39 307호 브레이브힐 기구필라테스(홍유점)(금곡동),필라테스,127.2023762,37.6272498
브레인 언어인지발달센터브레인보이스,,경기도 파주시 경의로1004번길 37 606호 607호(야당동),기타종목,126.7598109,37.7097155
브리드 복싱 GYM,314062207,경기도 안산시 상록구 한양대학로 51 4층 브리드 복싱(사동),복싱,126.8382556,37.3001171
블랙드래곤,315441070,경기도 포천시 소흘읍 송우로 62 705호,기타종목,127.1424624,37.8296079
블랙라이언스 수신,312866667,경기도 용인시 기흥구 동백3로11번길 8-1 501호(중동),합기도,127.1538906,37.2697607
블랙라이언스 태권도,26770622,경기도 안성시 혜산로 18 2층(구포동),태권도,127.2723833,37.0105462
블랙멀티짐 다산역점 헬스골프,,경기도 남양주시 다산중앙로145번길 11 10층(다산동),골프,127.1511311,37.6254897
블랙벨트 태권도장,24344999,경기도 시흥시 배곧4로 103 4층 401호(배곧동),태권도,126.734586,37.3738892
블랙핏 점핑,,"경기도 양주시 새터로 37 단지내상가 101호 블랙핏(옥정동, 세창리베하우스아파트)",종합체육시설,127.0858366,37.8303909
블루마린아쿠아스쿨,313177977,경기도 시흥시 은계호수로 25 파크플레이 401호~404호(은행동),수영,126.8037225,37.4442027
블루큐당구클럽,317263949,"경기도 성남시 분당구 성남대로 51 지하 155-2, 155-3(구미동)",당구,127.1081054,37.3404855
비바당구클럽,316813949,"경기도 평택시 안중읍 현화중앙길 1 3층, 303호",당구,126.9206806,36.978675
비엔알BR휘트니스,326656989,경기도 부천시 조마루로 387 비앤알휘트니스(원미동) 4층,헬스,126.7870093,37.4980386
비전탁구클럽,315114025,경기도 남양주시 경춘로 982 병지빌딩 4층 비전탁구클럽(금곡동),탁구,127.2107726,37.633791
비전태권도장,318587060,경기도 양주시 고암길 208 골드프라자 4층 비전태권도장(고암동),태권도,127.074472,37.8349478
비타민 휘트니스 2호점,312680101,경기도 수원시 장안구 만석로5번길 12-10 7층 비타민 휘트니스(천천동),헬스,126.9830872,37.2954938
비타민휘트니스5호점,312410105,경기도 수원시 장안구 수성로258번길 21 2층 비타민휘트니스(영화동),헬스,127.0016365,37.2890328
비트로안양점,314760250,"경기도 안양시 동안구 흥안대로94번길 68 107호(호계동, 양우 내안애 팰리스)",테니스,126.956938,37.3664901
부천국민체육센터,323400811,경기도 부천시 석천로 293 내 부천국민체육센터(중동),수영,126.7639107,37.512757
아이공간아동발달센터평택법원점,316549979,경기도 평택시 서재로 26-24 보우빌딩 301호 아이공간아동발달센터(동삭동),기타종목,127.0989067,37.0096366
트레보휘트니스,312381230,경기도 수원시 팔달구 효원로 288 B1 트레보휘트니스(인계동),헬스,127.0330278,37.2608686
빅스타탁구클럽,23992585,경기도 군포시 번영로 508 지하1층 빅스타탁구클럽(금정동),탁구,126.9339084,37.3579274
요가스피릿 플라잉 & 번지피지오,,경기도 화성시 효행로 1052 병점롯데시네마건물 A동 206호(병점동),요가,127.042457,37.213946
빅토리짐,26770821,경기도 안성시 아양1로 77-10 해천프라자 4층(옥산동),헬스,127.2583533,37.0078255
빅풋,,경기도 부천시 원미구 석천로 13 지하1층(상동),크로스핏,126.7596028,37.4888014
빌드업풋볼클럽,,경기도 군포시 군포첨단산업2로7번길 8 B동 2층 201호(부곡동),축구(풋살),126.9410393,37.3268274
빛차올태풍태권도장,,경기도 부천시 소사구 경인로216번길 47 201호(심곡본동),태권도,126.7793966,37.4812182
빵빵골프아카데미,316182888,경기도 평택시 세교8길 30 3층(세교동),골프,127.0907222,37.0090505
아이짐유소년스포츠센터,316546011,"경기도 평택시 용죽2로 30 평택에듀포레푸르지오331동B05호(용이동, 평택비전에듀포레푸르지오)",축구(풋살),127.1224451,36.9929176
사단법인 대한생활체육지도자연합회 파주지점,319434447,경기도 파주시 중앙로 160 금촌다목적실내체육관(금릉동),수영,126.7864897,37.7561194
소사국민체육센터,323405333,경기도 부천시 소사로 108 소사국민체육센터(소사본동),수영,126.7983776,37.4684543
사단법인 용인스포츠클럽,7051720890,경기도 용인시 수지구 신봉1로 181 용인스포츠클럽(신봉동),배드민턴,127.0672553,37.3288595
사단법인 해다온 복지협회 화성지부,3180037896,경기도 화성시 동탄중심상가2길 26-15 4층 403호(반송동),롤러인라인,127.0742946,37.2066023
사단법인 해다온복지협회 고양지부,319236675,경기도 고양시 일산서구 하이파크3로78번길 30-1 4층(덕이동),기타종목,126.7562972,37.6982804
사단법인 해다온복지협회 영통지점,312737890,경기도 수원시 영통구 삼성로320번길 80 3층(영통동),기타종목,127.0721943,37.2659786
송내사회체육관,326686300,경기도 부천시 경인로 120번길45(송내동) 송내사회체육관,탁구,126.7689101,37.4819656
사랑가득 합기도,319962485,경기도 김포시 김포한강9로12번길 123 비호뉴팰리스3차 6층 합기도(구래동),합기도,126.6269905,37.6407618
사랑가득합기도,23812660,경기도 고양시 덕양구 신원로 32 미래메디컬빌딩 603호(신원동),합기도,126.888892,37.6635452
사랑나무아동발달센터,315512986,경기도 구리시 이문안로 80 401호(수택동),탁구,127.140287,37.5919882
사랑이 가득한아동발달센터,231598088,경기도 고양시 덕양구 꽃마을로 45 301호~304호(향동동),기타종목,126.8916283,37.6017314
포천합기도,315350774,경기도 포천시 호병로1길 6 (신읍동)보성빌딩2층,합기도,127.1947394,37.8956879
사회적협동조합 쏘굿,,경기도 안산시 단원구 석수로 63 2층(선부동),종합체육시설,126.8075977,37.3422384
사제일심태권도,313654697,경기도 안산시 단원구 선부로 183 5층 2호 사제일심태권도(선부동),태권도,126.8154246,37.3419998
사회적협동조합 해누리,316131002,경기도 화성시 10용사로 316 5층(능동),기타종목,127.052448,37.1992302
사회적협동조합학교체육진흥원,327234989,경기도 부천시 정주로 6 94 비즈타워 3층(도당동),기타종목,126.7799683,37.5059249
안산골프연습장,3180857433,경기도 안산시 단원구 적금로 202 안산도시공사(고잔동),골프,126.8273321,37.3260177
안산도시공사 상록수체육관,314814991,경기도 안산시 상록구 용신로 422 상록수체육관(본오동),헬스,126.8686115,37.3010119
안산도시공사 선부다목적체육관수영,3180857473,경기도 안산시 단원구 선부로 96 선부다목적체육관(선부동),수영,126.8049248,37.3409348
안산도시공사 선부다목적체육관헬스,3180857473,경기도 안산시 단원구 선부로 96 선부다목적체육관(선부동),헬스,126.8049248,37.3409348
안산도시공사 신길수영장,315084646,경기도 안산시 단원구 새뿔길 52 삼익상가 내 신길수영장(신길동),수영,126.7770064,37.3369354
안산도시공사 올림픽수영장,314814883,경기도 안산시 단원구 적금로 202 올림픽수영장(고잔동),수영,126.8273321,37.3260177
안산도시공사 올림픽헬스,24814900,경기도 안산시 단원구 적금로 202 안산도시공사  1층 서비스라운지(고잔동),헬스,126.8273321,37.3260177
올림픽 태권도장,323515686,경기도 부천시 소사로102번길 59 304호(소사본동),태권도,126.8008509,37.4690708
용강볼링센터,316752406,경기도 안성시 죽산면 죽주로 256 301호,볼링,127.4237146,37.0750166
산들래승마클럽,,경기도 화성시 비봉면 자청로207번길 21-49 산들래승마클럽,승마,126.8913053,37.209339
산본실내테니스아카데미,,경기도 군포시 고산로 515 1층110호(산본동),테니스,126.9225068,37.359327
열린탁구클럽,283704688,경기도 남양주시 경춘로 1299 가남빌딩 402호(평내동),탁구,127.2367497,37.6499611
산본아동발달센터,313990203,"경기도 군포시 광정로 70 4층 406호, 6층 602호(산본동)",기타종목,126.9302163,37.3594605
시흥도시공사능곡어울림센터,24886950,경기도 시흥시 능곡로 140 능곡어울림센터(능곡동),수영,126.8159456,37.3664199
삼손태권도,326111181,경기도 부천시 소사구 성주로 239 4층 삼손태권도(심곡본동),태권도,126.7814615,37.4797794
삼송덕양태권도장,23816056,경기도 고양시 덕양구 덕수천1로 60 4층(삼송동),태권도,126.8836141,37.6481568
양주도시공사,318289815,경기도 양주시 화합로1426번길 90 양주체육복지센터(덕정동),수영,127.068036,37.8381418
삼숭용인대백호태권도장,318429888,경기도 양주시 삼숭로58번길 111 자이6단지내 상가 2층 208호(삼숭동),태권도,127.1059159,37.8022051
삼진볼링타운,317355553,"경기도 성남시 중원구 희망로 404 2,3,4층(금광동)",볼링,127.1601539,37.4415378
상2동 주민자치회,7041056833,경기도 부천시 원미구 조마루로 95 1층(상동),댄스(줌바 등),126.7544076,37.5005775
상록우리들 탁구장,3188361577,경기도 안산시 상록구 샘골로 170 (본오동)  201호,탁구,126.8634875,37.2989818
상록키즈태권도장,319723999,"경기도 고양시 덕양구 토당로104번길 8 성광빌딩 4층,5층(토당동)",태권도,126.8180143,37.6241147
상무태권도,319791020,경기도 고양시 덕양구 토당로 115 2층 상무태권도(토당동),태권도,126.817219,37.6257722
상승합기도,314872766,경기도 안산시 단원구 원초로 30 402.403호(원곡동),합기도,126.8017332,37.3283895
상원용인대태권점핑,,경기도 성남시 중원구 은행로 2 2층(은행동),태권도,127.1621604,37.4548793
새솔필라테스,7078081415,경기도 화성시 수노을중앙로 118 1동 센텀프라자 6층 새솔필라테스(새솔동),필라테스,126.8169504,37.2856799
샤인 크로스핏,7075794556,경기도 평택시 비전2로 216 로얄프라자 5층(비전동),크로스핏,127.1141594,37.0022539
샤크베이레슨전문수영장,313764082,경기도 화성시 동탄순환대로 257 종산타워 4층 샤크베이레슨전문수영장(산척동),수영,127.1185212,37.1706204
서부권스포츠센터,318289830,경기도 양주시 광적면 부흥로618번길 303 서부권스포츠센터,수영,126.972321,37.8132272
서안성체육센터,316530705,경기도 안성시 공도읍 용머리큰길 20 서안성체육센터,수영,127.1676709,37.0079925
석사경희대충무태권도장,314449801,경기도 안양시 만안구 박달우회로138번길 41 2층 석사경희대충무태권도장(박달동),태권도,126.9109937,37.4058888
석사경희청명태권도장,24449822,경기도 안양시 만안구 양화로 37 2층(안양동),태권도,126.9137809,37.396817
석호창조 체육관,314089596,경기도 안산시 상록구 네고지2길 20 1층 석호창조 체육관(사동),태권도,126.8503033,37.2961623
선도키즈태권도장,315110733,"경기도 남양주시 호평로68번길 24 502호 선도키즈태권도(호평동, CH리베로3)",태권도,127.2485204,37.6541634
선부다목적체육관,3180857473,경기도 안산시 단원구 선부로 96 선부다목적체육관(선부동),헬스,126.8049248,37.3409348
선화무용음악학원,315954660,경기도 남양주시 호평로45번길 15 202호(호평동),무용(발레 등),127.2452394,37.6572951
설렘필라테스화정점,319739609,경기도 고양시 덕양구 화중로 72 803호 설렘필라테스(화정동),필라테스,126.8310953,37.6336038
설악현무도장,315848201,경기도 가평군 설악면 자잠로 28-8 현무태권도,태권도,127.4896789,37.6796252
성남도시개발공사,317543100,경기도 성남시 중원구 제일로 60 성남종합스포츠센터 A동 4층 운영팀(성남동),헬스,127.1376777,37.4331877
성남설봉 복싱무에타이킥복싱크로스핏 GYM,317336070,경기도 성남시 수정구 산성대로 261 4층(신흥동),복싱,127.1460125,37.4408122
성남시한마음복지관,27259551,"경기도 성남시 분당구 야탑로 227 (야탑동, 한마음복지관 지하 1층 통합체육실 사무실)(야탑동)",수영,127.1441876,37.4082763
성남칸짐 유소년 축구 킥복싱 아카데미,317327931,"경기도 성남시 중원구 희망로 394 2층, 3층 칸짐(상대원동)",종합체육시설,127.1600232,37.440564
성라태권도,319660264,경기도 고양시 덕양구 호국로742번길 34 태영상가302호(성사동),태권도,126.8346663,37.6527386
성연재활센터,327217716,경기도 부천시 길주로77번길 19-27 4층 성연재활센터(상동),기타종목,126.7493832,37.506914
용인대소사벌태권도,316573247,경기도 평택시 동부공원로 36 2층(비전동),태권도,127.1181511,36.9932484
세계로태권도,292753432,경기도 안산시 상록구 샘골로 80 2층 세계로태권도(본오동),태권도,126.8629854,37.2909087
세븐당구클럽,286146062,경기도 남양주시 가운로1길 1 (다산동) 705호 세븐당구클럽,당구,127.1585613,37.604457
세븐짐,323433777,경기도 부천시 양지로92번길 9-3 상정프라자 6층(범박동),헬스,126.8132856,37.4727166
세움 필라테스,313195098,경기도 시흥시 함송로 21 4층 세움 필라테스(정왕동),필라테스,126.7307158,37.3637725
세움필라테스 은계점,313121230,"경기도 시흥시 은계번영길 25 507,508호 세움필라테스 은계점(은행동)",필라테스,126.8039669,37.4367808
화랑태권도,315754387,경기도 남양주시 오남읍 진건오남로797번길 28 윤소빌딩2층 화랑태권도,태권도,127.1997788,37.6986874
센트럴골프아카데미,3180030872,경기도 화성시 동탄지성로 109 골드프라자6층 센트럴골프 아카데미(반송동),골프,127.0629413,37.2083121
셀텀필라테스,,경기도 수원시 팔달구 인계로 52 5층 셀텀필라테스(인계동),필라테스,127.0233165,37.2691095
셈프레 휘트니스,315225993,경기도 남양주시 다산중앙로123번길 21-7 신해센트럴타워1차 7층(다산동),종합체육시설,127.1517293,37.622841
소아청소년뇌발달연구소,327193311,경기도 부천시 신흥로 85 심곡동 298-17번지 2층(심곡동),기타종목,126.777579,37.4913932
소하스타클래스,,경기도 광명시 기아로 46 2층 205호(소하동),태권도,126.8846207,37.4360017
송예슬 바둑교실,,"경기도 안산시 상록구 중보로 22 108동 901호(사동, 늘푸른아파트)",기타종목,126.8511508,37.3060249
송우블랙핏,,경기도 포천시 소흘읍 솔모루로 124-32 3층 1호 블랙핏점핑,에어로빅,127.1508013,37.8329499
송재호태권스쿨,317490474,경기도 성남시 중원구 은이로5번길 23 3층(은행동),태권도,127.1661495,37.4594757
송정우리주간방과후활동서비스센터,7045717428,경기도 군포시 송부로 36 백산프라자 3층 301호(도마교동),기타종목,126.9184605,37.3156089
송탄드림복싱클럽,316688687,경기도 평택시 송탄로 119 광산타워 3층 송탄드림복싱클럽(이충동),복싱,127.0567334,37.0554035
송탄유도관,316637700,경기도 평택시 지장로47번길 4 지층(서정동),유도,127.0586047,37.0703873
아이트리,313837071,경기도 안양시 동안구 평촌대로 139 신세대빌딩 B2(호계동),축구(풋살),126.9588733,37.384453
수영일기,,경기도 수원시 영통구 웰빙타운로36번길 46-221 1층 수영일기(이의동),수영,127.054845,37.312505
수원시장애인종합복지관,315485638,경기도 수원시 영통구 창룡대로 255 수원시장애인종합복지관(이의동),수영,127.0361529,37.2957971
수원점 뉴힐링라이프 재활운동센터,280017582,"경기도 수원시 팔달구 경수대로 534 단지내 상가 102호 뉴힐링라이프  재활운동센터  수원점(인계동, 인계극동스타클래스)",기타종목,127.0296874,37.2732083
수원클라이밍센터,3180252016,경기도 수원시 팔달구 월드컵로357번길 23-18 {우만동)송희아트 B1(우만동),클라이밍(암벽등반),127.0306144,37.2881405
수진볼링센터,317580089,"경기도 성남시 중원구 산성대로 208 수진볼링센터 7층, 지하1층(성남동)",볼링,127.1419285,37.4374828
수케어,29198577,경기도 고양시 일산서구 중앙로 1576 8층(대화동),기타종목,126.7471862,37.6766957
숨비소리 태권도장,,경기도 화성시 동탄순환대로29길 33 3층(영천동),태권도,127.1078452,37.2063219
숨필라테스,,경기도 김포시 태장로 802 라베니체마치애비뉴7차 202호(장기동),필라테스,126.6779189,37.6382247
숭무관,326717979,경기도 부천시 오정구 원종로9번길 59 4층 숭무관(원종동),합기도,126.8008831,37.5266871
쉬즈댄스아카데미,220660122,경기도 광명시 철산로 27 명동빌딩 4층 쉬즈댄스아카데미(철산동),요가,126.8690078,37.4768323
쉼필라테스요가,314079377,경기도 안산시 상록구 석호로 187 3층(사동),요가,126.8522737,37.2961526
안산락클라이밍,315018848,경기도 안산시 상록구 용신로 381 신영빌딩4층 안산락 클라이밍(본오동),클라이밍(암벽등반),126.8643705,37.3019571
슈퍼아이태권도장,,"경기도 평택시 소사3로 22 단지 내 후문 상가 2층 206호, 207호 슈퍼아이태권도장(소사동, 평택 효성해링턴 플레이스 2단지)",태권도,127.1291729,36.9878032
슈퍼키즈,23779917,경기도 화성시 동탄기흥로353번길 100 6층 슈퍼키즈성장센터(오산동),기타종목,127.0855999,37.1878637
슈퍼키즈태권도,313825005,경기도 안양시 동안구 학의로 44 3층 슈퍼키즈태권도(비산동),태권도,126.9449535,37.3969084
슈퍼키즈태권도장,,경기도 화성시 지산2길 34-8 303호 슈퍼키즈태권도장(영천동),태권도,127.115794,37.2050755
슈퍼파워점핑 줄넘기클럽,,경기도 양주시 옥정동로4길 11 201호 슈퍼파워점핑 줄넘기클럽(옥정동),줄넘기,127.0997001,37.8145521
스마일키즈운동발달센터,251829870,경기도 광주시 순암로36번길 108 (장지동) 드림빌딩 1층 101호,기타종목,127.2441205,37.398489
스스로아동센터,26069952,"경기도 성남시 분당구 정자일로 248 상가동 2층211,212호(정자동, 파크뷰)",기타종목,127.1069816,37.3750981
스완뉴 피티 & 필라테스 스튜디오,231608680,경기도 수원시 권선구 금곡로 205 해피라움 5층 스완뉴 피티엔 필라테스 스튜디오(금곡동),필라테스,126.9529603,37.2743275
스위밍클럽j,,경기도 고양시 일산동구 탄중로 326-10 지하1층 101호(중산동),수영,126.7809927,37.6928781
스카이휘트니스,317222046,경기도 성남시 중원구 도촌남로 33 세일프라자 3층 스카이휘트니스(도촌동),헬스,127.1511575,37.4145513
스크린 배드민턴존,26688253,경기도 부천시 부흥로307번길 66 설산프라자 3층(중동),배드민턴,126.7763761,37.4973917
스타당구장,318652411,경기도 동두천시 지행로 56 스타월드빌딩 702~704호 스타당구당(지행동),당구,127.0533841,37.8920833
스타볼링장,318480010,경기도 의정부시 월유로 16 GS프라자 10층 스타볼링센터(산곡동),볼링,127.1101742,37.7287876
스타헬스 에어로빅,314160787,경기도 안산시 상록구 부곡로 124 5층 스타헬스(부곡동),헬스,126.863699,37.3328209
스테이피트니스 둔전점,313399905,경기도 용인시 처인구 포곡읍 포곡로108번길 13 4층 헬스장,헬스,127.2186391,37.2685758
스텔라 캐롬 클럽,23815594,경기도 고양시 덕양구 권율대로 907 4층(신원동),기타종목,126.8910557,37.6645257
스포데이 안성점,316569067,경기도 안성시 공도읍 공도로 159 3층 스포데이휘트니스,헬스,127.1765645,37.0034962
시온아동청소년발달센터,3180437879,경기도 용인시 기흥구 중부대로 579 406호(구갈동),기타종목,127.1269587,37.2704165
시청앞당구장,7043691906,경기도 용인시 처인구 중부대로 1154 인앤인프라자 302호(삼가동),당구,127.173327,37.2393223
시화그랜드볼링센타,314333566,경기도 시흥시 정왕대로 178 B01 더페이스볼링장(정왕동),볼링,126.7339768,37.347812
시흥 이루다 운동발달센터,313132556,"경기도 시흥시 승지로60번길 12 501,503호(능곡동)",기타종목,126.8116725,37.3688105
시흥국민체육센터하중동,280840111,경기도 시흥시 하중로 226 1층안내데스크(하중동),수영,126.8053207,37.3915031
신곡최강태권도,318481145,경기도 의정부시 능곡로 66 으뜸신명 아파트 단지내 상가2층(신곡동),태권도,127.0617645,37.7433216
신곡탁구장,,경기도 의정부시 경의로 192 3층 신곡탁구장(신곡동),탁구,127.0570539,37.7332374
신기k타이거즈 태권도,313921245,경기도 군포시 삼성로8번길 10 노블타워 5층 신기k타이거즈 태권도(부곡동),태권도,126.934994,37.337002
신길수영장,314408340,경기도 안산시 단원구 새뿔길 52 신길수영장(신길동),수영,126.7770064,37.3369354
신나는점핑다이어트,313403633,경기도 안양시 만안구 장내로 80 2층(안양동),기타종목,126.9175178,37.3946832
신봉화태권도장,315660733,경기도 구리시 장자대로86번길 14-11 3층(수택동),태권도,127.1393094,37.5868202
신성관화랑합기도,314057989,"경기도 안산시 단원구 와개1길 5 상가2층 JTA 화랑합기도(와동, 효자연립)",합기도,126.8221807,37.3340516
신성태권도,317160011,경기도 성남시 분당구 미금일로 65 승지빌딩3층(구미동),태권도,127.1126762,37.3456416
신성태권도장,317947798,경기도 하남시 하남대로802번길 15 2층(신장동),태권도,127.2089732,37.5416365
신순철복싱클럽,312825812,경기도 용인시 기흥구 사은로 56 은성빌(보라동),복싱,127.1111604,37.2549433
신하베스트태권도장,316369259,경기도 이천시 부발읍 경충대로 2257 3층 신하베스트태권도,태권도,127.4757729,37.2603186
신화합기도,326679997,경기도 부천시 원미구 조마루로412번길 44 2층(원미동),합기도,126.7890853,37.4956152
신흥체육관,326793212,"경기도 부천시 원미구 옥산로138번길 30 광성프라자 2층 신흥태권도장(춘의동, 광성상가아파트)",태권도,126.7820499,37.5055583
실내체육관 생활체육실,313233212,경기도 용인시 처인구 금령로 47 용인도시공사(김량장동),기타종목,127.2016278,37.2353761
심검도,22957601,경기도 수원시 권선구 매송고색로676번길 3 (고색동),검도,126.9787274,37.2499469
쌍호태권도장,326714291,경기도 부천시 오정구 역곡로482번길 51 3층(고강동),태권도,126.8188139,37.5267596
쎈바디운동센터,312712512,경기도 화성시 동탄지성로 109 304호 쎈바디운동센터(반송동),기타종목,127.0629413,37.2083121
쎈바디트레이닝센터,312712512,경기도 수원시 장안구 덕영대로535번길 38 로얄프라자 7층(천천동),헬스,126.9823273,37.297172
씨에스cs휘트니스,312761045,경기도 용인시 수지구 만현로 17-1 서림빌딩 3층 cs휘트니스(상현동),헬스,127.0894613,37.3140622
씨엔케이피트니스짐,316568253,경기도 안성시 공도읍 서동대로 4478 롯데마트2층 씨엔케이피트니스짐,에어로빅,127.1994978,37.0078386
씨엘요가 평생교육원,28515922,경기도 의정부시 충의로 62 경은빌딩 5층(용현동),요가,127.0874244,37.7374989
씨엘필라테스 동백점,312746378,"경기도 용인시 기흥구 동백중앙로 273 601,602호 6층 CL필라테스(중동)",필라테스,127.1534587,37.2770114
씨엘필라테스구리점,315556375,경기도 구리시 건원대로 44 5층 cl필라테스 구리점(인창동),필라테스,127.1404879,37.6050767
씨오지필라테스,,경기도 용인시 기흥구 죽전로 2 4층 씨오지필라테스(보정동),필라테스,127.1089962,37.3202104
여주클라이밍센터,,경기도 여주시 세종로 85 여주종합버스터미널 2층(홍문동),클라이밍(암벽등반),127.6355847,37.290334
아가페고양시발달장애인주간방과후활동서비스제공기관,319053055,경기도 고양시 일산동구 숲속마을로 207 2층(식사동),헬스,126.804422,37.6721704
아나파피지오센터,7080648076,경기도 양평군 양평읍 양근로 114 흥우빌딩 201호,기타종목,127.4851988,37.495054
아동발달심리센터 자람,315951154,"경기도 남양주시 의안로 121-10 401,403호(평내동)",기타종목,127.2373876,37.6426138
아라어린이수영장,23817920,경기도 고양시 덕양구 신원로 40-8 용민프라자 4층(신원동),수영,126.8889298,37.6641778
아름다운 탁구클럽,316562637,경기도 평택시 평남로 653 지층1(비전동),탁구,127.1071282,36.9922565
아름드리리더스태권도장,22667289,경기도 용인시 수지구 광교마을로 54 SB타운 405호 아름드리 리더스 태권도장(상현동)(상현동),태권도,127.0705375,37.2981416
아름태권도,312141080,경기도 용인시 기흥구 석현로 70 두온프라자 301호(영덕동),태권도,127.0817596,37.2716126
아리아요가 단대오거리지점,317323344,경기도 성남시 중원구 산성대로 340-1 범원빌딩 9층(중앙동),요가,127.1545917,37.4433741
아미코웰니스평생교육원,,경기도 성남시 중원구 광명로 136 트라움메디칼센터 7층(성남동),필라테스,127.1433356,37.4371796
아쉬탕가제니요가호평점,315596567,경기도 남양주시 늘을1로 284 2층(호평동) 아쉬탕가제니요가 호평점,요가,127.2552516,37.6559117
아유필라테스앤요가,,경기도 고양시 일산동구 산두로229번길 34 1층(정발산동),필라테스,126.7780503,37.6747405
아이가치행복해짐,,경기도 성남시 수정구 위례동로 153 209호(창곡동),기타종목,127.1501737,37.4734999
아이공간 용인점,26790530,"경기도 용인시 기흥구 동백 죽전대로 444 C-401, C-406호",기타종목,127.1515224,37.27795
아이공간군포산본점,23965009,"경기도 군포시 번영로 515(산본동, 유화프라자) 4층",기타종목,126.933713,37.3590834
아이공간아동발달센터,316179270,경기도 평택시 비전4로 39 S타워 3층 아이공간아동발달센터(비전동),기타종목,127.1150662,37.0019547
아이공간안양평촌점,314226958,"경기도 안양시 동안구 흥안대로 94 201호, 202호 (호계동, 리치밸리)",기타종목,126.9552292,37.3692095
아이도담운동발달센터,313751442,"경기도 화성시 동탄대로19길 10 신유메디프라자 307,308호(오산동)",기타종목,127.0977682,37.1971942
아이두운동발달센터,,경기도 시흥시 도일로 110-2 502호(거모동),기타종목,126.7840661,37.3403439
아이두키즈스포츠,275434823,경기도 양주시 옥정로 204 905호(옥정동),기타종목,127.0921428,37.8198459
아이랑 운동발달센터,316580215,경기도 평택시 소사5길 5 5층 501호(소사동),기타종목,127.126821,36.9909399
아이무브센터,27040111,경기도 성남시 분당구 내정로17번길 4-11 2층 아이무브센터(정자동),기타종목,127.1139814,37.3627416
아이베스트 태권도,314805255,경기도 안산시 단원구 와동공원로 149 2층3층 아이베스트 태권도(와동),태권도,126.8213085,37.3448715
유즈필라테스용인흥덕점,312115505,경기도 용인시 기흥구 흥덕중앙로 59 501호(영덕동),필라테스,127.0737226,37.2764914
아이비젼,24427792,경기도 안양시 만안구 양화로 148번길 36 1*2층,기타종목,126.9104943,37.4062793
스포짐휘트니스,317482004,경기도 성남시 중원구 산성대로 520 4층 스포짐휘트니스(은행동),헬스,127.1640276,37.4571687
아이스타 태권도장,28976003,경기도 광명시 금하로 464 7층 708호. 709호(소하동. 메이저리치안)(소하동),태권도,126.8840403,37.4484547
아이앤디 운동발달센터,315023902,"경기도 안산시 상록구 항가울로 28 상가 102동 205호(사동, e편한세상 상록)",기타종목,126.8476536,37.2848508
아이언짐,3118339679,경기도 포천시 호국로 901 이마트옆 지하1층 아이언짐(설운동),종합체육시설,127.1603753,37.8468996
아이업아동발달센터,,경기도 용인시 수지구 포은대로 388 101동 1102호(풍덕천동),기타종목,127.094443,37.3184267
양주DS당구클럽,,경기도 양주시 고읍남로 10 더테라스2 402호 403호(광사동),당구,127.0799504,37.7954018
아이원태권도장,,"경기도 화성시 기배로 29 상가동2층 204호,205호(기안동, 화성 우방 아이유쉘 MEGA CITY 2단지)",태권도,126.9777472,37.2223767
아이짐JUN태권도,315446112,경기도 포천시 소흘읍 송우로 53 3층 아이짐준태권도,태권도,127.1430703,37.82871
예건 용인대 태권도,319231516,경기도 고양시 일산서구 하이파크3로78번길 1 리더스프라자 7층 예건 용인대 태권도(덕이동),태권도,126.7532202,37.6987458
아이콕스수영장,317943883,경기도 하남시 미사강변대로 212 7층 아이콕스 수영장(망월동),수영,127.1847509,37.5686355
위 스포츠복지 TOP운동발달센터,3180173250,경기도 성남시 분당구 성남대로 934 분당구 매화로 44. 조일빌딩 4층,기타종목,127.1292862,37.4131626
아이태권도장,319019033,경기도 고양시 일산동구 숲속마을로 44 5층(풍동),태권도,126.7982847,37.6674198
아이펄짐,315777737,경기도 남양주시 와부읍 덕소로97번길 9 7층,헬스,127.2132956,37.586152
아이플러스 발달지원센터,316532345,경기도 평택시 비전5로 31 희성프라자 8층 801~804호(비전동),기타종목,127.1144183,37.001371
아이하트운동발달센터,314153250,경기도 안산시 상록구 중보로 55 삼성프라자 405호(이동),기타종목,126.8526312,37.3079672
아인필라테스,22171256,"경기도 용인시 기흥구 흥덕2로87번길 18 이씨티B동 5층 506호, 507호 아인필라테스(영덕동)",필라테스,127.0718774,37.2758481
아쿠아런,312876501,"경기도 용인시 기흥구 동백죽전대로 217 b201(중동, 동백캐슬 타운하우스)",수영,127.1579883,37.2614532
아쿠아짐,27083344,경기도 성남시 분당구 판교로 478 금강프라자 지하1층 아쿠아짐수영장(이매동),수영,127.1269369,37.4051509
아티브필라테스스튜디오,3180711700,경기도 파주시 경의로 1218 505호(와동동),필라테스,126.7614696,37.7260742
안녕휘트니스 도당점,,경기도 부천시 삼작로 278 지하1층(도당동),헬스,126.7923358,37.5200345
안녕휘트니스오정점,326585558,"경기도 부천시 오정구 오정로 226-1 2,3,4,5층 안녕휘트니스(오정동)",헬스,126.784693,37.5282094
안드로탁구아카데미 화랑로점,,경기도 고양시 덕양구 화랑로 336 2층 안드로탁구아카데미(용두동),탁구,126.8817878,37.625124
안산 PLP 스포츠 아카데미,,"경기도 안산시 단원구 광덕2로 163-15 4층, 401호 PLP스포츠아카데미(고잔동)",농구,126.8285062,37.3111964
안산골프연습장,3180857433,경기도 안산시 단원구 동산로 181 안산골프연습장(원곡동),골프,126.8028755,37.3199798
안산도시공사 선부다목적체육관수영,3180857473,경기도 안산시 단원구 선부로 96 선부다목적체육관(선부동),수영,126.8049248,37.3409348
안산도시공사 호수공원실내수영장,3180857485,경기도 안산시 상록구 광덕대로 70 호수공원실내수영장(사동),수영,126.8300775,37.3021094
안산시민유도관,,경기도 안산시 단원구 예술대학로 83 2층 203호 안산시민유도관(고잔동),유도,126.8371186,37.3244241
안산시상록장애인복지관,24090000,경기도 안산시 상록구 차돌배기로 24-2 안산시상록장애인복지관(사동),기타종목,126.8457119,37.2986854
안산시청(감골시민홀),24408336,경기도 안산시 상록구 석호로 226 감골시민홀(사동),헬스,126.8553523,37.293398
안산시청(상록수체육관),280857403,경기도 안산시 상록구 용신로 422 1층 헬스장(본오동),헬스,126.8686115,37.3010119
안산시청(성호체육문화센터),24408300,경기도 안산시 상록구 성호로 43 성호체육문화센터(일동),헬스,126.86697,37.3093286
안산제일볼링센터,314938630,경기도 안산시 단원구 동산로 63 지하 1층(원시동),볼링,126.7972823,37.3144347
안성 용인대 정도 태권도장,316730294,경기도 안성시 중앙로302번길 17 상가 2층(석정동),태권도,127.2604081,37.0098585
안성스카이fc실내축구장,316530669,경기도 안성시 공도읍 공도로 166 1층 안성스카이fc 키즈아레나,축구(풋살),127.1782118,37.0036435
안성시국민체육센터,316510741,경기도 안성시 보개면 종합운동장로 162 안성시시설관리공단,수영,127.3257736,37.0129525
안성준멀티짐,316738205,경기도 안성시 내혜홀1길 48 내혜홀상가 A동 2층,유도,127.2645686,37.0074359
안양시수리장애인종합복지관,24650957,경기도 안양시 만안구 냉천로 39 수리장애인종합복지관(안양동),수영,126.9269738,37.3849761
안양특공무술사관학교,314412550,경기도 안양시 만안구 장내로 60 4층401호 안양특공무술사관학교(안양동),기타종목,126.9157903,37.3938646
안중인성태권도,316829966,경기도 평택시 안중읍 안현로서6길 66 2층 인성태권도,태권도,126.9220063,36.9847269
안중탁구클럽,316830092,경기도 평택시 안중읍 안현로 363 4층,탁구,126.9284596,36.9828345
제인그랜드발레학원,314332587,경기도 안산시 상록구 월피로 61 2층(월피동),무용(발레 등),126.8509486,37.334132
안희영탁구클럽,,경기도 안산시 단원구 선이로 20 지하 안희영탁구클럽(선부동),탁구,126.8028216,37.3426934
알로카요가,315915936,경기도 남양주시 화도읍 비룡로 58 505호,요가,127.3020098,37.6572373
알브이디GYM,,경기도 연천군 전곡읍 은전로 84-1 동산빌딩 5층,헬스,127.069008,38.0283566
알에이치휘트니스,315037770,경기도 시흥시 복지로 96 7층(대야동),헬스,126.7918251,37.4472974
알엑스 피트니스,,경기도 동두천시 중앙로 110-17 8층(지행동),헬스,127.053373,37.8913991
앤앤발달교육센터 앤앤운동발달센터,318946424,"경기도 의정부시 용민로 313 폴리프라자4 207호, 301호, 302호(낙양동)",기타종목,127.1038617,37.7525608
양문태권도장,319449944,경기도 파주시 평화로 45-7 45-7 2층 양문태권도(금촌동),태권도,126.770552,37.7613308
와이엠프로샵,,경기도 부천시 부일로 223 11층 투나볼링(상동),볼링,126.7552865,37.4888771
양산 키즈짐 태권도장,313780314,경기도 오산시 양산로410번길 12 m스퀘어상가4층(양산동),태권도,127.0301703,37.1953895
양서에코힐링센터,27724814,경기도 양평군 양서면 북한강로 38 사무실 5층,종합체육시설,127.3215739,37.5470251
양주고읍유도체육관,318449578,경기도 양주시 고덕로 326-6 양주고읍유도체육관(고읍동),유도,127.076294,37.8019624
양주백석볼링장,318558078,경기도 양주시 백석읍 꿈나무로 200 양주백석볼링장,볼링,126.986184,37.7930946
양주시장애인종합복지관,29284090,경기도 양주시 고삼로43번길 29 양주시장애인종합복지관(삼숭동),배드민턴,127.0907186,37.8018627
양주탁구클럽,313872001,경기도 양주시 광적면 부흥로 941 양주탁구클럽,탁구,126.9940529,37.8099618
양진히어로즈태권도장,,경기도 안성시 공도읍 진말길 6 태권도장,태권도,127.1399038,36.9888708
양평 에이펙스 유도관,,경기도 양평군 양평읍 양근로 183 삼진빌딩 4층,유도,127.4900065,37.4901007
양평 챔피온 복싱,317722887,경기도 양평군 양평읍 양근강변길 80 지하1층,복싱,127.4879156,37.4904863
양평공사 용문국민체육센터,317757915,경기도 양평군 용문면 용문체육공원길 53 용문국민체육센터,종합체육시설,127.6067258,37.4917766
양평군장애인체육회,317702633,경기도 양평군 양평읍 종합운동장로 7 물맑은양평볼링장,볼링,127.5234411,37.4907676
양평스포츠클럽,317734410,경기도 양평군 용문면 용문체육공원길 55 용문국민체육센터2층,볼링,127.6059981,37.4918785
양평효태권도장,317747212,경기도 양평군 양평읍 양근로 135 태창빌딩 2층,태권도,127.4870093,37.4935343
어라이브 피트니스,316473512,경기도 평택시 만세로 1770-3 3층 302호 어라이브 피트니스(비전동),헬스,127.1067432,37.0102343
어른아이운동재활발달센터,,경기도 광주시 초월읍 경충대로 912 4층 어른아이운동재활발달센터,기타종목,127.3127712,37.3640122
어울림심리운동발달센터,,경기도 고양시 일산동구 중앙로 1047 310호(백석동),기타종목,126.7872174,37.6431167
어울림장애인체육센터,,"경기도 부천시 수도로 40 , 3층 어울림장애인체육센터(약대동)",당구,126.7706717,37.513416
어울림탁구장,319660786,경기도 고양시 덕양구 원당로33번길 11 301호(주교동),탁구,126.8315393,37.6566438
어울림탁구클럽,313767760,경기도 오산시 내삼미로80번길 11-18 1층 어울림탁구클럽(수청동),탁구,127.0679997,37.1685552
얼라이브필라테스고촌수기점,29842822,"경기도 김포시 고촌읍 수기로 109 캐슬힐 703호, 704호",필라테스,126.7639539,37.593846
업투휘트니스 분당판교점,3180168253,경기도 성남시 분당구 동판교로 59 자유퍼스트프라자1관 6층 업투휘트니스(백현동),헬스,127.115058,37.3883538
업투휘트니스 삼평점,27811101,"경기도 성남시 분당구 판교로 375 , 4층 (삼평동, 에메트타운)",헬스,127.1152881,37.4042377
에센셜짐,230987940,경기도 성남시 중원구 둔촌대로 388 1층 128호(상대원동),헬스,127.1592797,37.432633
에스s바디워크 필라테스 주엽점,319225353,경기도 고양시 일산서구 중앙로 1426 일송노블레스 805~807(주엽동),필라테스,126.7619659,37.6702816
이지테니스아카데미,314067291,경기도 안산시 상록구 선진6길 22 1층 이지테니스아카데미(사동),테니스,126.8453684,37.281379
이지파워점프 점핑다이어트,,경기도 화성시 동탄영천로 81-5 골든프라자3층 점핑다이어트(영천동),기타종목,127.102974,37.2096788
에스바디워크필라테스 병점진안점,312369609,경기도 화성시 효행로 1059 707호(진안동),필라테스,127.0426677,37.2147367
에스바디핏 진접본점,315298251,경기도 남양주시 진접읍 해밀예당1로 40 에스바디핏 진접본점,필라테스,127.1869069,37.7123013
에스에스당구장,25040014,"경기도 과천시 새술막길 38 중앙빌딩, 5층(중앙동)",당구,126.9914427,37.4290036
에스에이치테니스보평점,,경기도 용인시 처인구 경안천로258번길 25 보평실내테니스장(고림동),테니스,127.2206743,37.2562091
에스에프씨SFC축구클럽,312357588,경기도 화성시 융건로 76-4 SFC축구클럽(배양동),축구(풋살),126.9872866,37.2179153
에스엠스포츠과학센터,26117573,경기도 부천시 부흥로307번길 23 태정빌딩5층 502호,기타종목,126.7764697,37.4955142
에스핏 필라테스,,경기도 포천시 소흘읍 호국로 689 씨네파크 3층 310호 에스핏 필라테스,필라테스,127.1497285,37.8294273
에스핏 휘트니스 소사벌점,,경기도 평택시 비전2로 212 6층(비전동),헬스,127.1137174,37.0019166
인생놀이터 스핀볼게임장,319087942,경기도 고양시 일산동구 무궁화로 32-12 라페스타 E동 120호(장항동),기타종목,126.7680142,37.6620916
에이블운동발달센터,317035810,경기도 성남시 분당구 장안로 31 302호 에이블운동발달센터(분당동),기타종목,127.1427311,37.3698328
에이블짐 위례점,317557001,경기도 성남시 수정구 위례광장로 320 11층 에이블짐 위례점(창곡동),헬스,127.1429497,37.4722451
에이스골프,313949797,"경기도 군포시 고산로 529 지하 1층 b23-33호(산본동, 금강2단지주상복합아파트)",골프,126.9225128,37.360958
에이스커스텀,23080032,경기도 용인시 수지구 문인로31번길 7-3 지1(풍덕천동),롤러인라인,127.0993902,37.3325058
에이스탁구장,314853159,경기도 안산시 단원구 선부광장1로 26 지하1층(선부동),탁구,126.8081061,37.3361419
에이엠필라테스,313735816,경기도 오산시 성호대로 121 604호(오산동),필라테스,127.0748375,37.1490571
에이원민턴 배드민턴아카데미,316045871,"경기도 성남시 수정구 위례광장로 104 B123호, 124호, 125호, 126호(창곡동)",배드민턴,127.1412642,37.4730526
에이제이근력컨디셔닝재활아카데미,313990902,경기도 군포시 번영로 497 금화프라자 4층 407호(산본동),필라테스,126.9322945,37.3583214
에이치엠에스피트니스,312278484,경기도 수원시 권선구 호매실로90번길 116 블루테라스 4층 에이치엠에스피트니스(호매실동),헬스,126.9627869,37.2601095
에이투짐,313531452,경기도 화성시 향남읍 상신하길로 74 4층 헬스장,헬스,126.8964552,37.100895
에이피티필라테스,,경기도 고양시 덕양구 권율대로 671 상가1동 2층 214호(원흥동),필라테스,126.8725339,37.6498251
에코랜드 수영장,315601321,경기도 남양주시 별내면 청학로8번길 39 에코랜드 수영장,수영,127.1274738,37.7035429
에코스포츠센터,28289764,경기도 양주시 은현면 은남로 177 에코스포츠센터,수영,127.0106168,37.8948374
에프씨평택타이거,,경기도 평택시 동삭로 455 C동FC평택타이거(칠괴동),축구(풋살),127.0993657,37.0264987
엔비제이줄넘기,313151518,경기도 시흥시 장현장곡로 6 대광프라자7층 엔비제이줄넘기(장곡동),줄넘기,126.7897393,37.3788762
엔젤크루 키즈스위밍 별내점,315224808,"경기도 남양주시 불암로 89-12 태형프라자1층 ,b1(별내동)",수영,127.109656,37.6490661
스포츠와사람들 문화 스포츠 육성센터,313878320,"경기도 안양시 동안구 관악대로 346 501호 (관양동, 코오롱동산타워)",농구,126.9614496,37.4034058
엔젤크루키즈스윔,323653095,경기도 시흥시 은계로 347 다온프라자5층(대야동),수영,126.7950424,37.4500314
엘리트스포츠센터,312931160,경기도 수원시 권선구 일월천로15번길 13-6 1층(구운동),기타종목,126.9721086,37.2838485
엘원짐,,경기도 파주시 미래로602번길 35 301호 체육관(와동동),태권도,126.7517548,37.7321399
엠제이 태권도장,,경기도 부천시 원미구 삼작로 289 3층 엠제이 태권도장(도당동),태권도,126.7936804,37.520284
엠티에이양지태권도,24293788,경기도 안양시 동안구 경수대로584번길 37 일성트루엘상가 5층MTA양지 태권도(호계동),태권도,126.9591057,37.3755726
엠핏운동센터,,경기도 광명시 오리로 649 경일빌딩 4층 엠핏운동센터(하안동),헬스,126.8770614,37.4591077
엣지필라테스녹양점평생교육원,318738777,경기도 의정부시 체육로 306-24 3층302호 필라테스(녹양동),필라테스,127.0413608,37.7601331
여기꽃이다,318419639,"경기도 양주시 옥정동로7다길 12-21 7층 704호(옥정동, 폴리플라자II)",댄스(줌바 등),127.0933954,37.81985
여름발달센터,,경기도 화성시 동탄대로시범길 185 중앙 프라자 401호(청계동),축구(풋살),127.1092548,37.2015456
여름운동발달센터,289891855,경기도 평택시 추담로 58-11 3층(이충동),기타종목,127.0738815,37.0584935
여명태권도,,경기도 시흥시 상직길 3 3층 여명태권도(하상동),태권도,126.8125383,37.3906376
여성전용 피트니스 지금,326731980,경기도 부천시 오정구 소사로 754 비제이빌딩 5층(원종동),헬스,126.8052029,37.5232578
여승일탁구클럽,,경기도 용인시 기흥구 금화로 107 6층(상갈동),탁구,127.1062302,37.2662314
여주K복싱크로스핏,,경기도 여주시 여흥로 131 2층K복싱장(홍문동),복싱,127.6380898,37.295704
여주검도관,318865640,경기도 여주시 청심로 191 여주검도관(상동),검도,127.6413047,37.2965424
여주종합태권도장,,경기도 여주시 청심로 140-1 3층 여주종합태권도장(창동),태권도,127.6358207,37.2979904
여주청도태권도장,318858777,"경기도 여주시 세종로 173-69 상가 2층태권도장(홍문동, 동원아파트)",태권도,127.6407813,37.2837509
역북리더스태권도장,313381590,"경기도 용인시 처인구 명지로40번길 16 6층 603,604호(역북동)",태권도,127.1870075,37.2328241
연 필라테스,317717709,경기도 양평군 양평읍 양근강변길 112 리버비안 3층 연 필라테스,기타종목,127.4862188,37.4928221
연세SM적응센터,317947589,"경기도 하남시 하남대로777번길 40 102호(신장동, 신장빌라)",기타종목,127.2093007,37.5382889
오가닉플러스 회천점,,"경기도 양주시 회천중앙로 221 덕계역프라 501호, 502호(덕계동)",헬스,127.0516841,37.8178853
스포츠와사람들사회적협동조합 의왕시지부,23878320,경기도 의왕시 아랫새우대길 70 (초평동),농구,126.9411094,37.30598
연세나무 아동청소년 발달연구소,317028363,"경기도 성남시 분당구 양현로 138 연세나무 아동청소년 발달연구소(이매동, 이매촌진흥아파트)",기타종목,127.127081,37.3962103
연세대꿈나무태권도,326624947,경기도 부천시 성주로200번길 19 3층(심곡본동),태권도,126.7785313,37.4775382
용인대화성태권도장,313533034,경기도 화성시 향남읍 발안서로 15 아카데미상가 403호 용인대화성태권도장,태권도,126.9020997,37.130371
연세대솔내음태권도,20000000,경기도 시흥시 배곧4로 30 경기 시흥시 배곧4로 30 배곧타운1 503호(배곧동),태권도,126.7274962,37.3773425
연세대태권도,,경기도 시흥시 은계번영길 28 디스퀘어상가 602 607 608(은행동),태권도,126.803172,37.4365201
점프윙스줄넘기클럽양주덕정점,,경기도 양주시 고암길 44 3층 점프윙스(고암동),기타종목,127.0685074,37.8316651
연세재활PT,,경기도 성남시 분당구 성남대로 51 분당포스빌 B108호(구미동),헬스,127.1081054,37.3404855
연세정도태권도장,226177556,"경기도 광명시 디지털로 56 래미안자이 단지내상가3층(철산동, 철산래미안자이)",태권도,126.8741461,37.4718335
열린언어운동발달센터,318768283,경기도 의정부시 시민로 57 동원빌딩 5층 502호(의정부동),기타종목,127.0416346,37.7385807
열린탁구클럽,,경기도 남양주시 경춘로 1299 402호(평내동),탁구,127.2367497,37.6499611
열매아동발달연구소,,경기도 성남시 수정구 위례서일로 26 라크리움 310호(창곡동),기타종목,127.1386734,37.4647382
열정태권도장,24350788,경기도 시흥시 능곡로 178 호평프라자 5층 열정태권도(능곡동),태권도,126.8113925,37.368143
열정태권도장,314050573,경기도 안산시 단원구 달미로 94 2층(선부동),태권도,126.8154749,37.3440893
영당구장,314557330,경기도 군포시 고산로 140 6층 영당구장(당정동),당구,126.9559538,37.3495293
영스포츠타운,318599090,경기도 동두천시 중앙로 125 6층 영스포츠타운(지행동),수영,127.0517372,37.8927576
영웅태권도장용인관,313325133,경기도 용인시 처인구 고림로200번길 1 포비프라자2층 영웅태권도장용인관(고림동),태권도,127.2227147,37.2493814
영웅헬스클럽,312461825,경기도 수원시 장안구 금당로 46 신원프라자 4층(조원동),헬스,127.015979,37.3026504
영자피트니스 김포구래,29865200,경기도 김포시 김포한강4로 525 감두리빌딩 5층 영자피트니스 김포구래(구래동),헬스,126.6254219,37.6457124
영재태권도,28646464,경기도 동두천시 중앙로 132 5층 502호(지행동),태권도,127.0525799,37.8932032
영통탁구클럽,312050722,경기도 수원시 영통구 덕영대로 1535 3층 영통탁구클럽(영통동),탁구,127.0588395,37.2462898
영풍 합기도 검도,314042148,경기도 시흥시 장현능곡로 11 에프엠타워402호(장곡동),합기도,126.7917959,37.3730066
운동과학연구센터,313767173,경기도 화성시 왕배산길 11 DK골드타워 503호 운동과학연구센터(목동),태권도,127.1235578,37.1815822
예건태권도장,319231516,경기도 고양시 일산서구 하이파크3로78번길 1 리더스프라자 7층(덕이동),태권도,126.7532202,37.6987458
예그리나학교,312422211,경기도 수원시 권선구 매송고색로 567 2층(오목천동),댄스(줌바 등),126.9663336,37.2476654
예드페거성당구장,312740477,경기도 용인시 기흥구 마북로 159 407호 거성당구장(마북동),당구,127.1235346,37.3040957
예쁘게필라테스,23739679,경기도 오산시 내삼미로79번길 31 2층 예쁘게 필라테스(수청동),필라테스,127.0645364,37.1707073
예수인마을운동센터,,경기도 고양시 일산동구 백석로 24 국제한진상가B01호(백석동),골프,126.7824385,37.6435616
예술공원당구클럽,314710709,경기도 안양시 만안구 예술공원로131번길 8 2층(석수동),당구,126.9209385,37.4189521
예인아동발달센터,3116000520,경기도 안산시 단원구 화정천동로1안길 38 지층(와동),기타종목,126.8198485,37.3420866
예탑태권도아카데미,317476636,경기도 성남시 수정구 산성대로 425 2층 예탑태권도(단대동),태권도,127.1587462,37.4499218
오가닉피티,,경기도 양주시 회천남로 88 M타워 501호(옥정동),헬스,127.0927954,37.8185483
오가닉피티 회천점,,경기도 양주시 회천중앙로 225 회천프라자 305호(덕계동),헬스,127.0519313,37.8182372
오남체육문화센터,315601225,경기도 남양주시 오남읍 진건오남로577번길 11 오남체육문화센터,수영,127.2098432,37.6848694
지니아트컴퍼니학원,28510050,경기도 의정부시 장곡로596번길 9 세명프라자5층 502호(신곡동),댄스,127.0693745,37.7495046
오늘핏,,경기도 부천시 상동로 105 현해프라자 5층 502호(상동),헬스,126.7527977,37.5066959
오른필라테스,29976777,경기도 김포시 고촌읍 장차로13번길 25 세종프라자 2층 201호,필라테스,126.7692332,37.6037443
파주브래그,7088121256,경기도 파주시 중앙로 328 7층 브래그볼링센터(금촌동),볼링,126.7745263,37.7648794
오름아동발달센터,23955601,경기도 군포시 광정로 78 (산본동) 602호 오름아동발달센터(산본동),기타종목,126.9297765,37.3600098
요가산책,,경기도 용인시 처인구 양지면 남곡로 29 2층,요가,127.2837929,37.2307663
오목천한국파워점핑 줄넘기전문클럽,,경기도 수원시 권선구 삼천병마로1566번길 11 오목천역 옆 쌍용더플래티넘 상가 2층 한국파워점핑줄넘기(오목천동),줄넘기,126.9636079,37.2427463
오산 박지향아동발달센터,313765975,경기도 오산시 오산로 164 양우프라자6층 605호(원동),기타종목,127.06907,37.1414504
지니필라테스2호죽전역점,318973335,경기도 용인시 수지구 정든로6번길 2 305호(죽전동),필라테스,127.1128959,37.3271923
오산와우태권도,,경기도 오산시 수청로 209 상가 2층 와우태권도(금암동),태권도,127.0438584,37.1761581
오성권투격투기,317021282,"경기도 성남시 분당구 야탑로 241 403,404호(야탑동)",복싱,127.1453411,37.4074487
오직태권도장,314864865,"경기도 안산시 단원구 광덕1로 80 분립상가 205호(초지동, 호수마을아파트)",태권도,126.818503,37.3069395
용인대 BEST 태권도,327198004,경기도 부천시 소사구 성주로 120 3층(송내동),태권도,126.7695598,37.4794204
오프로샵,,경기도 부천시 원미구 부일로 223 11층 투나볼링장 오프로샵,볼링,126.7552865,37.4888771
옥상달빛 풋살장,317062307,경기도 성남시 수정구 수정로 115-1 (태평동) 주민신협행복빌딩 6층,기타종목,127.1332562,37.4416227
옥정 패밀리 합기도 해동검도,,경기도 양주시 옥정로 214 pop타워 802호(옥정동),합기도,127.0921183,37.8206905
옥정s에스라인다이어트,,경기도 양주시 옥정로 147 중앙프라자 4층 401호(옥정동),기타종목,127.0901474,37.8151024
옥정검도관,318670414,경기도 양주시 옥정로 204 한길프라자 9층-907호(옥정동),검도,127.0921428,37.8198459
옥줌바,,경기도 여주시 여양로 282-4 동광빌딩2층(오학동),댄스(줌바 등),127.6460441,37.3069003
온리원감각통합연구소,,경기도 의정부시 발곡로 34 장암프라자 501호~505호(신곡동),기타종목,127.0586243,37.7308954
온해빗,,경기도 안성시 아양1로 73 아너스퀘어 506호 (5층 6호 온해빗)(옥산동),필라테스,127.2584522,37.0082227
스피나 핏앤 필라테스,3180395509,경기도 성남시 분당구 백현로 97 10층 1006호(수내동),필라테스,127.1114019,37.3768278
올라이프 복싱,23212777,경기도 부천시 원미구 부흥로315번길 61 3층 올라이프 복싱(중동),복싱,126.7768072,37.4970362
올림픽기념관,314814954,경기도 안산시 단원구 적금로 202 올림픽기념관 고객서비스라운지 1(고잔동),헬스,126.8273321,37.3260177
올림픽수영장,314814983,경기도 안산시 단원구 적금로 202 올림픽수영장(고잔동),수영,126.8273321,37.3260177
올림픽태권도,314376981,경기도 안산시 상록구 팔곡길 40 3층(팔곡이동),태권도,126.8855166,37.2968389
와부체육문화센터,315601331,경기도 남양주시 와부읍 월문천로 51 와부체육문화센터,수영,127.2180159,37.5858473
와와점핑다이어트,,경기도 안산시 단원구 광덕서로 44 201호 와와점핑(고잔동),기타종목,126.8273389,37.3084431
와우점핑다이어트,,경기도 시흥시 도일로112번안길 24 상가 3층 와우점핑(거모동),기타종목,126.7856206,37.3423421
와이제이피YJP 공연기획,313969968,경기도 군포시 금산로 55 302호(산본동),댄스(줌바 등),126.9386833,37.3671079
와일드짐 송정점,,경기도 이천시 증신로291번길 145-11 태화빌딩 4층(송정동),헬스,127.4328129,37.295019
파워휘트니스헬스클럽,314178051,경기도 안산시 상록구 상록수로 50 5층 파워휘트니스헬스클럽(본오동),헬스,126.8655511,37.3022163
요가라인필라테스,,경기도 의정부시 용민로 407 5층(낙양동),요가,127.1135956,37.7556234
필라랜드,315461973,경기도 화성시 병점1로 66-12 404호 필라랜드(병점동),필라테스,127.0415549,37.2021399
요가스토리,28215155,경기도 의정부시 평화로 635 미림프라자 202호(의정부동),요가,127.0448571,37.7486588
요가스피릿 플라잉번지피지오,,경기도 화성시 동탄원천로 382-46 연진빌딩 201호(반월동),요가,127.0584085,37.2230229
요가앤필라스튜디오,,경기도 평택시 송탄로 253 3층 요가앤필라스튜디오(서정동),요가,127.0583904,37.0664403
요가필라테스바이진,,경기도 양평군 서종면 북한강로 690-1 1동 2층 요가필라테스바이진,필라테스,127.3526455,37.5993512
용강볼링센터,316752406,경기도 안성시 죽산면 죽주로 256 3층 용강볼링센터,볼링,127.4237146,37.0750166
용마태권도장,316271799,"경기도 성남시 수정구 단대로23번길 32 상가2층 용마태권도(단대동, 진로아파트)",태권도,127.1559422,37.4509429
용성태권도장,315757854,경기도 남양주시 오남읍 진건오남로 686 3층,태권도,127.2144362,37.6939734
용싸커 아카데미,,경기도 수원시 팔달구 경수대로 549 동수원빌딩 3층 용싸커 아카데미(인계동),축구(풋살),127.029359,37.2750592
용인대 KTIGERS 태권도장,318676565,경기도 동두천시 지행로 118 2층 용인대 K-TIGERS 태권도장(지행동),태권도,127.0605379,37.892262
용인대 K타이거즈 태권도장,318625677,경기도 양주시 고암길 270 (고암동) 3층,태권도,127.0708865,37.8349605
용인대 가람 태권도,318236637,경기도 의정부시 오목로 105 401호 용인대가람태권도(민락동),태권도,127.092522,37.7374234
용인대 국가대표 태권도장,,"경기도 광명시 광명로 877 상가동A동 4층 1402호(광명동, 한진아파트)",태권도,126.8521845,37.4779305
용인대 덕양 태권도장,319623732,경기도 고양시 덕양구 푸른마을로 6 E프라자 501호 용인대덕양태권도장(고양동),태권도,126.9028908,37.7089143
용인대 부부태권도장,313183336,경기도 시흥시 수인로3413번길 33 3층 용인대 부부태권도장(신천동),태권도,126.7783503,37.4394616
용인대 비호태권도장본관,,경기도 안성시 아양3로 49 베스트클래스프라자상가.  401호(옥산동),태권도,127.2526803,37.0064851
용인대 서재태권도장,316564228,"경기도 평택시 상서재로 80 후문상가 1층(동삭동, 평택센트럴자이 5단지)",태권도,127.1036477,37.0203602
용인대 송전 태권도장,313382750,경기도 용인시 처인구 이동읍 경기동로705번길 30 상가동 203호 송전 태권도장,태권도,127.2011402,37.1393909
용인대 수영,22918122,경기도 화성시 봉담읍 수영로82번길 6 상가 201호,태권도,126.9526118,37.2370104
용인대 승리 태권도,315735536,경기도 구리시 갈매순환로 5 신우프라자 4층(갈매동),태권도,127.1114685,37.6260678
슬기로운 운동발달센터,,경기도 화성시 병점1로 66-12 하이코아 2층 슬기로운 운동발달센터(병점동),기타종목,127.0415549,37.2021399
하움필라테스서현점평생교육원,317025552,경기도 성남시 분당구 돌마로486번길 40 501호 하움필라테스서현점평생교육원(서현동),필라테스,127.136537,37.3748151
용인대 태권도,313186088,경기도 시흥시 하중로 131-1 3층 용인대 태권도(하중동),태권도,126.8008264,37.398908
용인대 태권도 합기도 검도 특공무술체육관,313337800,경기도 용인시 처인구 한터로152번길 2 3층 상무태권도(고림동),태권도,127.227081,37.2484905
용인대 한얼합기도 수련원,226891371,경기도 광명시 도덕로 49 3층(광명동),합기도,126.8530433,37.4690964
용인대KIA태권도,313511790,경기도 화성시 우정읍 기아자동차로 559 3층,태권도,126.7955903,37.0646994
용인대No1태권도,318536740,경기도 의정부시 부용로95번길 18 504호(금오동),태권도,127.0684298,37.7519842
초지인성태권도장,314840002,경기도 안산시 단원구 초지로 100 세종프라자4층 405호 인성태권도장(초지동),태권도,126.815212,37.3077677
용인대가온누리태권도,312523897,경기도 수원시 권선구 효원로 88 4층 용인대가온누리태권도장(세류동),태권도,127.0113991,37.2664214
용인대가훈타이곤태권도,313773456,경기도 오산시 운암로 62 2층(오산동),태권도,127.0766095,37.151569
용인대고잔유도멀티짐 고잔점,314057795,경기도 안산시 단원구 고잔2길 16 612호(고잔동),유도,126.8328784,37.3176462
용인대국가대표리더태권도장,,경기도 시흥시 황고개로 528 비젼타워 702호~704호(장곡동),태권도,126.7892438,37.3779651
용인대국가대표신화태권도장,299737659,경기도 수원시 장안구 경수대로1020번길 6 3층 태권도장(송죽동),태권도,127.0006285,37.3071369
용인대국가대표태권도장,29745873,경기도 고양시 덕양구 서정마을1로 12 두원빌딩  5층(행신동),태권도,126.8458919,37.6188532
용인대국가대표태권도장,28971128,경기도 광명시 성채로50번길 35 1층 태권도장(소하동),태권도,126.8804456,37.4323966
용인대금곡태권도,315925104,경기도 남양주시 금곡로 69 금곡빌딩 3층 용인대태권도(금곡동),태권도,127.2106847,37.6346938
용인대내혜홀태권도장,316713716,경기도 안성시 내혜홀2길 58 2층(아양동),태권도,127.2654367,37.0068081
용인대다산유도관,315666447,경기도 남양주시 미금로56번길 22 2층 용인대다산유도관(다산동),유도,127.1541072,37.6099631
슬기로운 탁구생활,252137490,경기도 광주시 고불로 7 2층 슬기로운 탁구생활(중대동),탁구,127.2343371,37.3959436
슬로우바디,,경기도 부천시 원미구 상동로 87 303호(상동),요가,126.7524429,37.5052289
승룡체육관,319865089,경기도 김포시 고촌읍 장차로 4 B1,합기도,126.7699855,37.6024017
용인대망포태권도장,268136070,경기도 수원시 영통구 태장로7번길 49 플래티넘베이스c동 302호(망포동),태권도,127.048523,37.240647
용인대명문태권도장,,"경기도 오산시 경기대로 74 단지내상가 2층 용인대 명문 태권도장(갈곶동, 우림아파트)",태권도,127.0730777,37.1309809
용인대무궁화태권도,294122365,경기도 평택시 신촌2로 22 맘스스퀘어B동 509호 용인대 무궁화태권도(칠원동),태권도,127.1040567,37.0260471
용인대백호체육관,315685712,"경기도 구리시 체육관로 124 상가 2층 용인대백호체육관(교문동, 동방아파트)",태권도,127.1376373,37.5961284
와동체육관헬스,314814991,경기도 안산시 단원구 화정천동로 396 (와동),헬스,126.818909,37.339973
아이스타특전태권도장,28976003,경기도 광명시 금하로 464 메이저리치안7층 아이스타특전태권도장(소하동),태권도,126.8840403,37.4484547
용인대 BEST 태권도,327198004,경기도 부천시 성주로 120 3층 용인대 BEST 태권도(송내동),태권도,126.7695598,37.4794204
안산도시공사 호수공원실내수영장,3180857485,경기도 안산시 상록구 광덕대로 70 안산호수공원실내수영장(사동),수영,126.8300775,37.3021094
양주도시공사옥정호수스포츠센터,318289854,경기도 양주시 옥정동로7길 110 옥정호수스포츠센터(옥정동),수영,127.0949312,37.8229999
용인대수영태권도,312918122,경기도 화성시 봉담읍 수영로82번길 6 신창2단지 상가201호,태권도,126.9526118,37.2370104
용인대오학복싱체육관,318828887,경기도 여주시 도예로 39-16 2층 용인대오학복싱체육관(현암동),복싱,127.640353,37.3085925
아이앤제이스포츠아카데미,312781279,경기도 수원시 권선구 서둔로 266 1층 아이앤제이스포츠아카데미(서둔동),롤러인라인,126.9790322,37.2752328
안상열 복싱,315928179,경기도 남양주시 평내로29번길 41 505호(평내동),복싱,127.2349877,37.645415
우아한두드림학원,,경기도 김포시 모담공원로 149 4층 우아한두드림학원(운양동),무용(발레 등),126.6944052,37.6494316
양주도시공사양주실내체육관삼숭동,28289774,경기도 양주시 삼숭로129번길 139-12 양주실내체육관(삼숭동),탁구,127.0915893,37.8021734
양진히어로즈태권도장,316557123,경기도 안성시 공도읍 진말길 6 지하1층 양진히어로즈태권도장,태권도,127.1399038,36.9888708
이재진 태권스쿨,,경기도 광명시 하안로 254 2층 205호(하안동),태권도,126.8829667,37.4592282
에덴아동발달센터,316527723,경기도 안성시 공도읍 원승두길 16 103호 104호,기타종목,127.1540625,36.996459
위너스당구클럽,318443949,경기도 양주시 고읍남로 15 마들프라자4층 위너스당구장(광사동),당구,127.0799578,37.7947231
온오프짐,319978256,경기도 김포시 김포한강4로 507 6층 온오프짐(구래동),헬스,126.6275368,37.6461192
안산시청(와동체육관),24408329,경기도 안산시 단원구 화정천동로 396 1층 헬스장(와동),헬스,126.818909,37.339973
제이엠씨줄넘기,,경기도 고양시 덕양구 신원로 40-12 3층(신원동),줄넘기,126.8893646,37.6644757
예전태권도,326792174,경기도 부천시 오정구 고리울로 92 3층 예전태권도(고강동)(고강동),태권도,126.8262285,37.526906
저스트원짐,312837666,경기도 용인시 기흥구 동백중앙로 283 d동 401호(중동),헬스,127.1534729,37.2780255
정다운탁구클럽,313227985,경기도 용인시 처인구 중부대로 1331 지하 정다운탁구클럽(역북동),탁구,127.1929508,37.235597
주식회사 동네피티샵 가짐,312729088,경기도 용인시 수지구 성복2로 108-2 128호 가짐피티 (피티스튜디오 가짐)(성복동),헬스,127.0746422,37.3158106
요가비샬라,,경기도 파주시 청암로17번길 25 운정블루상가 5층 요가비샬라(목동동),요가,126.7353328,37.7290962
큐당구장,,경기도 양주시 고읍남로 5-20 솔리더스빌딩 6층 큐당구장(광사동),기타종목,127.0803739,37.7944551
탑당구클럽,319698892,"경기도 고양시 덕양구 도래울로 105 아카메디빌딩4층403,404호(도내동)",기타종목,126.8714485,37.6350427
용인대비룡태권도,,"경기도 안성시 남파로 73-3 201~203, 용인대비룡태권도(신소현동)",태권도,127.2579454,37.0163788
용인대사강태권도장,23576592,경기도 화성시 송산면 송산포도로 144 302,태권도,126.7331803,37.2150599
의왕도시공사 부곡스포츠센터,280867390,경기도 의왕시 부곡시장길 77 (삼동),헬스,126.9572101,37.3186034
용인대삼일태권도,314026100,"경기도 안산시 상록구 월피로 31 월피동, 한양아파트 201호(월피동)",태권도,126.8490071,37.3319477
용인대새빛태권도장,319865070,경기도 김포시 봉화로182번길 42 산호상가301호(북변동),태권도,126.7038458,37.6291712
리치파워점프,313771984,경기도 화성시 동탄순환대로 263 풍산리치안타워 507호 파워점프(산척동),기타종목,127.1185789,37.1711527
큐당구장,,경기도 양주시 고읍남로 5-20 솔리더스빌딩 6층 큐당구장(광사동),당구,127.0803739,37.7944551
특공무술 국제무예원,317478808,경기도 성남시 중원구 희망로 356 지하1층(상대원동),기타종목,127.1584123,37.4374903
충효체육관,315829466,경기도 가평군 가평읍 석봉로 168 원희빌딩 3층,태권도,127.5110212,37.8301488
팀디짐,313111357,경기도 시흥시 삼미시장2길 24 3층 팀디짐 헬스장(신천동),헬스,126.782627,37.4406034
용인대석사MH태권도,312878779,경기도 용인시 기흥구 강남동로 10 강남피아 5층 501호(구갈동),태권도,127.1281766,37.2712436
용인대석사미드미태권도장,314014841,경기도 안산시 단원구 와동로 91 3층(와동),태권도,126.8279525,37.3383587
용인대석사웅비태권도장,3180163343,"경기도 성남시 분당구 판교원로 237 판교원마을 제상가동 제지1층 제B102호(판교동,판교원마을7단지아파트)",태권도,127.0928501,37.3878868
용인대석사청룡태권도,315914334,경기도 남양주시 경춘로1306번길 16 대양빌딩 2층(평내동),태권도,127.2386701,37.6490009
용인대성원태권도,317961051,"경기도 하남시 미사강변한강로 290-3 모노라운지222,223호(망월동)",태권도,127.1970005,37.5641938
용인대성원태권도장,315671051,"경기도 구리시 체육관로74번길 67 행복주택 희망상가201호(수택동, 구리수택 행복주택)",태권도,127.1418778,37.5915906
용인대소나무향기태권도장,315115599,경기도 남양주시 별내3로 287 상가2층 용인대소나무향기태권도장(별내동),태권도,127.1184867,37.6633459
용인대송라태권도,25748889,경기도 남양주시 퇴계원면 퇴계원로78번길 16 4층,태권도,127.1448879,37.652866
우리사이공간여주지부,,경기도 여주시 세종로 145-7 106호(홍문동),기타종목,127.6357148,37.285359
용인대스타태권도장,,경기도 광주시 태전중앙1길 5 퍼스트센트힐 1동 703호(태전동),태권도,127.2285238,37.3821859
용인대엘리트태권도체육관,312227151,경기도 수원시 권선구 권선로639번길 32 3층(권선동),태권도,127.0220921,37.262167
용인대예당태권도장,315738200,경기도 남양주시 진접읍 해밀예당1로 272 단지내상가2층 용인대예당태권도(신안인스빌23단지아파트),태권도,127.2079926,37.7237878
용인대오학복싱체육관,318828887,경기도 여주시 도예로 39-16 2층 용인대 오학복싱체육관(현암동),복싱,127.640353,37.3085925
용인대오현태권도,312952367,경기도 수원시 권선구 서수원로183번길 7 4층 용인대오현태권도(오목천동),태권도,126.9684846,37.2431269
용인대와이티에이YTA태권도,,경기도 용인시 처인구 이동읍 백옥대로 603 훼밀리프라자202호,태권도,127.2063108,37.1905779
용인대유사부태권도장,,경기도 화성시 남양읍 고향의봄길 36 서희4차 숲속마을 2단지 상가 B1(화성시청역 서희스타힐스4차 숲속마을),태권도,126.8311106,37.1897616
용인대일출태권도장,,경기도 부천시 성오로 127 3층 용인대일출태권도장(원종동),태권도,126.7993768,37.5248647
용인대자란태권도장,,경기도 평택시 만세로 1866 용인대자란태권도장(4층)(비전동),태권도,127.1012759,37.0035677
용인대정도태권도장,,경기도 용인시 처인구 중부대로 1355 2층 용인대정도태권도장(김량장동),태권도,127.195475,37.2350772
챔피언점핑힐링카페,,"경기도 안산시 단원구 라성로 15 3층 314호(원곡동, 안산 푸르지오 브리파크)",기타종목,126.7979493,37.3266611
용인대진안태권도장,312342792,"경기도 화성시 병점4로 103 상가 2층 용인대 진안태권도(진안동, 진안골마을)",태권도,127.0414904,37.2183005
용인대청룡태권도,,"경기도 수원시 영통구 인계로 219 매탄동,삼성1차아파트 208호(매탄동, 삼성1차아파트)",태권도,127.0418924,37.265852
용인대청룡태권도장,313739321,경기도 오산시 은여울로43번길 13 은계상가 3층 용인대청룡태권도장(은계동),태권도,127.0706895,37.1595874
용인대청아태권도장,314321133,"경기도 시흥시 서울대학로 172-20 단지내상가 204호, 205호 용인대청아태권도장(배곧동, 한라비발디캠퍼스3차)",태권도,126.7187111,37.3617548
용인대청호태권도장,,경기도 오산시 남부대로 411-12 303호(고현동),태권도,127.0820146,37.1358417
용인대타이곤태권도장,318865588,경기도 여주시 도예로 87-1 2층 용인대타이곤태권도장(오학동),태권도,127.6441861,37.3106456
용인대태권도,316373663,경기도 이천시 이섭대천로 1411 201호 용인대태권도(증포동),태권도,127.4556417,37.2938832
용인대태풍태권도,317062345,경기도 성남시 분당구 운중로 242 리버스토리307호(판교동),태권도,127.0897238,37.3892143
작당당구장,3109824939,"경기도 김포시 김포한강9로75번길 180 501호작당당구장(구래동, 두원타워)",당구,126.6244802,37.6449161
용인대투혼태권도장,316820178,경기도 평택시 청북읍 청북남로 253 골드라인 4층 401호,태권도,126.9162216,37.0189028
용인대튼튼태권도,319894050,경기도 김포시 양촌읍 양곡1로 65 양곡프라자 5층,태권도,126.622882,37.6563102
용인대평택유도체육관,316536143,경기도 평택시 중앙로 170 2층,유도,127.1016604,36.9918387
용인대하늘MBA태권도장,315577772,경기도 남양주시 다산중앙로171번길 32 아지타워4층(다산동),태권도,127.1488332,37.6287696
용인대하늘채태권도,316680082,"경기도 평택시 추담로 58-78 후문상가 301호(장안동, 평택장안마을코오롱하늘채)",태권도,127.0790469,37.0590566
용인대한얼태권도,317674828,경기도 광주시 양벌로 303-13 2층(양벌동),태권도,127.2492337,37.3715887
용인대한얼태권도,26111222,"경기도 평택시 송탄로 72 401,402,403호(이충동)",태권도,127.0562993,37.0517327
용인대한얼합기도,314187989,경기도 안산시 상록구 감골2로 44 2층 용인대한얼합기도(사동),합기도,126.8514479,37.2911379
용인대홍익태권도장,318927732,경기도 수원시 팔달구 팔달로 53 고등더퍼스트상가 5층 홍익택권도(고등동),태권도,127.0018614,37.2735426
용인대화랑태권도,312522204,경기도 수원시 팔달구 세지로 430 2층(우만동),태권도,127.0316772,37.2868557
코치짐 미사점,27943041,경기도 하남시 미사강변동로 127 809호 (망월동),헬스,127.191169,37.5658363
용인대화산태권도장,312328558,경기도 화성시 화산중앙로 44 204호(송산동),태권도,127.0129548,37.2080485
용인대효예태권도,,경기도 의왕시 오전천로 52 민들레베스파트@ 상가3층 용인대효예태권도(오전동),태권도,126.9787866,37.3495224
용인대흑룡합기도,314297588,경기도 군포시 당동로 5 3층(용인대흑룡합기도)(당동),합기도,126.9437277,37.3507254
용인도시공사 아르피아스포츠센터,22636581,경기도 용인시 수지구 포은대로 499 아르피아스포츠센터(죽전동),수영,127.1047051,37.3256705
용인시장애인자립생활센터,312877835,경기도 용인시 기흥구 동백죽전대로 205 B201호(중동),기타종목,127.1585933,37.2605029
용인탁구클럽,312810632,"경기도 용인시 기흥구 신갈로138번길 12 상가동 지하 1층 용인탁구클럽(신갈동, 신미주아파트)",탁구,127.1075386,37.2783219
클라우스멀티짐 선부점,314013678,경기도 안산시 단원구 선부광장1로 32 303호304호 클라우스멀티짐(선부동),복싱,126.8087958,37.3364126
우리동네운동박사,216445378,경기도 남양주시 천마산로 65-3 4층(호평동),헬스,127.2473691,37.6679467
우리동네탁구클럽,,경기도 이천시 증신로153번길 25 장미빌딩5층 우리동네탁구클럽(증포동),탁구,127.4519739,37.2883869
우리동네평생교육학교,22838383,"경기도 용인시 기흥구 용구대로2394번길 26 진영빌딩 101,102,107호(마북동)",기타종목,127.109155,37.2988409
우리두리,23468111,경기도 부천시 삼작로410번길 59 2층 우리두리(원종동),태권도,126.8073788,37.5170834
우리뜰아동청소년발달센터,,"경기도 수원시 영통구 광교중앙로248번길 7-2 D동 202호(하동, 원희캐슬 광교)",기타종목,127.0666707,37.2910333
우리아이태권도장,312222122,경기도 화성시 봉담읍 동화길 93-16 스타타워1차 702호,태권도,126.9600916,37.2171251
우리언어심리센터,25050662,경기도 안산시 상록구 예술광장1로 126 경동프라자 3층 우리언어심리센터(성포동),종합체육시설,126.8441549,37.3269339
우리탁구장,317317559,경기도 성남시 중원구 산성대로372번길 14 동성빌딩 4층 우리탁구장(금광동),탁구,127.1585912,37.4447568
최석화바디발란스,315447582,경기도 포천시 소흘읍 솔모루로 118 2층,기타종목,127.1495297,37.8313886
최원용태권도,313134853,경기도 시흥시 검바위2로 30 성광빌라 상가 303호(은행동),태권도,126.796254,37.4319628
우만MBA 태권도장,312563600,"경기도 수원시 팔달구 창룡대로 194 단지내상가 우만MBA 태권도(우만동, 주공4단지아파트)",태권도,127.0303528,37.2917378
우슈늘푸른무술스쿨,28028218,경기도 광명시 하안로287번길 13 계명빌딩5층  501호(하안동),종합체육시설,126.8793888,37.4606806
우아브필라테스,315479868,경기도 용인시 수지구 동천로 36 영재빌딩 2층(동천동),필라테스,127.0990165,37.3407531
점핑체온다이어트,,"경기도 시흥시 장현순환로 58 단지내상가 점핑다이어트(장현동, 장현호반써밋)",기타종목,126.795427,37.3756885
우트레이닝센터발달장애 전문,,경기도 성남시 수정구 성남대로1480번길 36 지층1호(복정동),헬스,127.1300887,37.4616763
운동공간 비트윈,,경기도 성남시 분당구 불정로 258 402호 운동공간비트윈(수내동),헬스,127.1271664,37.3666327
운동에반하다기흥점,312829642,경기도 용인시 기흥구 구갈로 64 7층 703호(구갈동),헬스,127.1115163,37.2801964
운정당구장,,경기도 파주시 미래로602번길 43 501호(와동동),당구,126.7516225,37.73236
운정합기도검무관,319548885,경기도 파주시 와석순환로 82 대흥프라자2 404호(야당동),합기도,126.750455,37.7113269
울트라복싱체육관,22137009,경기도 수원시 팔달구 경수대로616번길 25 지층(우만동),복싱,127.031767,37.2810674
원One step 특수체육센터,,경기도 화성시 향남읍 상신하길로298번길 11 GBnT타워 311호,기타종목,126.9110534,37.1147838
원당점핑짐태권도장,319675537,경기도 고양시 덕양구 호국로 851 정남빌딩402(성사동),태권도,126.8406344,37.6608908
원더풀키즈수영장,318480700,경기도 양주시 고읍남로 6-10 한솔프라자 4층 원더풀키즈수영장(광사동),수영,127.0793962,37.7961607
원미정도태권도장,326687557,경기도 부천시 원미로 176 2층 정도태권도(원미동),태권도,126.7926176,37.4982323
원탁구클럽,,경기도 군포시 공단로 39 3층(당동),탁구,126.9493872,37.3491845
원흥 용인대덕양태권도장,,경기도 고양시 덕양구 원흥1로 52 신영빌딩 2층 용인대덕양태권도장(원흥동),태권도,126.8701519,37.6511314
월드컵탁구마트,,경기도 수원시 팔달구 월드컵로 307 2층 월드컵탁구마트(우만동),탁구,127.0346635,37.2856353
월드클래스 요가필라테스,,경기도 평택시 평남로 933 태성빌딩 405호(비전동),필라테스,127.104851,37.0040516
월드합기도은계점,313116859,경기도 시흥시 은계번영길 28 7층 월드합기도,합기도,126.803172,37.4365201
월피팀태권도장,314830347,경기도 안산시 상록구 월피로 22 A상가2층 월피팀태권도(월피동),태권도,126.8488843,37.3309666
웨스트피지오짐,220639936,경기도 용인시 기흥구 마북로 170 2층(마북동),헬스,127.1249923,37.3041928
웰비엔 필라테스번지피트니스,313340708,경기도 용인시 처인구 이동읍 백옥대로 618 4층,필라테스,127.2072559,37.1919782
웰컴운동발달센터,7041412951,경기도 화성시 동탄기흥로 147-15 낙원빌딩 2층 웰컴운동발달센터(방교동),기타종목,127.0898088,37.1728382
웰컴운동발달센터,280558672,경기도 화성시 동탄장지천5길 30-7 메이저타워 4층 웰컴운동발달센터(장지동),기타종목,127.104456,37.1593115
웰케어특수발달재활센터,314394192,"경기도 안산시 단원구 와동로 26 재인빌딩 3, 4층(와동)",기타종목,126.8281663,37.3328981
위너3D골프 연습장,317190742,"경기도 성남시 분당구 정자로 112 위너골프연습장(정자동, 정든마을)",골프,127.117888,37.3628573
위너볼링타운,3180151255,경기도 화성시 동탄원천로 163 위너스타빌딩(반송동),볼링,127.0737048,37.2073856
위너스 당구클럽,,경기도 양주시 고읍남로 15 4층 위너스 당구클럽(광사동),당구,127.0799578,37.7947231
위너스태권도,3180163789,"경기도 성남시 분당구 동판교로 61 2층 204,205호 위너스태권도(백현동)",태권도,127.1153922,37.3884812
위너스포랜드,315212323,경기도 남양주시 와부읍 수레로9번길 11 5층 위너스포랜드,헬스,127.2130357,37.5876821
위드센소리 아동발달센터,,경기도 하남시 미사강변대로 84 미사탑프라자 509-510호(풍산동),기타종목,127.1879984,37.5574071
위례아쿠수중운동센터,,경기도 하남시 위례대로 190 203호(학암동),수영,127.1482711,37.4785918
위브꿈나무태권도장,326675005,경기도 부천시 도약로 207 2층 꿈나무 태권도(약대동),태권도,126.7727239,37.5107097
위블휘트니스,25098886,경기도 시흥시 승지로60번길 20 5층(능곡동),헬스,126.8120035,37.3687124
위시핏 24시 헬스PT,326778333,경기도 부천시 오정구 소사로 712 지하1층(원종동),헬스,126.8051508,37.5196033
윙댄스스포츠,,경기도 용인시 처인구 중부대로 1444 삼원빌딩3층(김량장동),댄스(줌바 등),127.2046695,37.2326726
윙스스포츠,312814616,경기도 용인시 기흥구 신정로159번길 52 나동(신갈동),농구,127.098035,37.2872118
유 휘트니스,,경기도 부천시 경인로 573 3층(괴안동),헬스,126.8181778,37.4872747
유니댄스아카데미,319414996,경기도 파주시 한마음1길 26 201호(금촌동),기타종목,126.7711215,37.7565622
유신태권도장,315950880,"경기도 남양주시 평내로 113 대주1차 상가2층 유신태권도(평내동, 대주1차아파트)",태권도,127.2372578,37.6456666
유앤싸커시흥,,경기도 시흥시 정왕대로233번길 19-1 (정왕동) hm풋살파크,축구(풋살),126.7387221,37.346689
유앤싸커시흥 정왕,,경기도 시흥시 정왕대로233번길 19-1 HM풋살파크 시흥(정왕동),축구(풋살),126.7387221,37.346689
유원휘트니스,24260707,경기도 의왕시 계원대학로 28 7층 헬스장(내손동),헬스,126.9745654,37.3790979
유유히요가,,경기도 용인시 기흥구 구성로 102 2층 유유히요가(언남동),요가,127.1204281,37.2935009
타이거볼더클라이밍짐,323285015,경기도 부천시 원미구 부흥로307번길 52 3층(중동),클라이밍(암벽등반),126.7765076,37.4968158
포그로스 PT&필라테스 광명 하안점,,경기도 광명시 하안로 258 경향빌딩 3층 포그로스(하안동),필라테스,126.8828327,37.4594277
윤s 필라앤번지,224330846,경기도 안성시 공도읍 공도로 51-21 2층(스페이스) 201호  비커밍필라테스,필라테스,127.1661897,37.0002875
윤선생아동발달센터,,경기도 의정부시 청사로47번길 15 골드피아 306호,기타종목,127.0690095,37.7521557
윤슬 발달지원센터,316824776,경기도 평택시 안중읍 송담1로 145 청운빌딩 3층 윤슬발달지원센터,기타종목,126.9330228,36.9827705
윤슬아동청소년발달센터,7082638275,경기도 수원시 권선구 장다리로 67 5층 501호(세류동),기타종목,127.0199831,37.2564443
윤프로골프아카데미,315015814,경기도 안산시 상록구 석호로 196 상록프라자2층(사동),골프,126.8526084,37.2953569
윤한미탁구클럽,,경기도 의정부시 오목로205번길 67 3층 윤한미탁구클럽(민락동),탁구,127.0952034,37.7461342
윤호탁구교실,323227975,"경기도 부천시 옥산로138번길 30 지하1층 윤호탁구교실(춘의동, 광성상가아파트)",탁구,126.7820499,37.5055583
율전체육관,,경기도 수원시 장안구 상률로46번길 3 유영타운401호(율전동),태권도,126.9710758,37.3057437
으뜸태권도장,317711135,경기도 양평군 옥천면 북부길9번길 13 2층,태권도,127.4602536,37.5209777
은아엔젤오브댄스학원,314691258,경기도 안양시 만안구 안양로 332 3층 4층(안양동),댄스(줌바 등),126.9195665,37.4014416
은필라테스,,경기도 화성시 노들길 6-12 엠폴리스3차 402호(새솔동),필라테스,126.8194939,37.2802781
은행동 무진태권도장,,경기도 시흥시 은행로 86 504호 무진태권도장(은행동),태권도,126.7971388,37.4392776
은행탁구클럽,313135345,경기도 시흥시 복지로 96 지하 1층 은행탁구클럽(대야동),탁구,126.7918251,37.4472974
을지대학교 산학협력단,317407528,경기도 용인시 수지구 수풍로71번길 17 에스제이아쿠아 1층(동천동),수영,127.0910479,37.3311504
의왕도시공사 포일스포츠센터,280458053,경기도 의왕시 안양판교로 82 포일스포츠센터(포일동),기타종목,126.9828084,37.3961809
의왕시평생학습관 수영장,280867412,경기도 의왕시 오전로 122 수영장(오전동),수영,126.9754516,37.3550512
의인회GT거호도장,318413838,경기도 의정부시 상금로 41-7 2층 체육관(금오동),합기도,127.0745374,37.7584097
의정부도시공사,318374742,경기도 의정부시 체육로 90 종합운동장 내 의정부도시공사(녹양동),수영,127.029765,37.7579307
의정부시유도회관,318556565,경기도 의정부시 체육로 90 의정부시유도회관(녹양동),유도,127.029765,37.7579307
의정부애플라인드 FC,228887134,경기도 의정부시 체육로 90 민락저류지풋살장(낙양동 764),축구(풋살),127.029765,37.7579307
이룸움직임발달센터,,경기도 하남시 신장로 94 호정빌딩 8층(신장동),탁구,127.2076941,37.5371178
이매경희태권도장,27098588,경기도 성남시 분당구 양현로94번길 11 304호305호(이매동),태권도,127.1257173,37.3915577
이명재탁구센터,,"경기도 용인시 처인구 용문로 30-8 b1층(역북동, 라이프청수아파트)",탁구,127.1887699,37.2375095
이모션필라테스,316915989,경기도 평택시 용죽3로 21 다올빌딩2층 이모션필라테스(용이동),필라테스,127.1250022,36.9935691
이박사경희대태권도장,312971997,"경기도 수원시 권선구 금곡로73번길 33 엘지빌리지 주상가 402호(금곡동, 금곡엘지아파트)",기타종목,126.9360301,37.2739393
이세돌바둑학원,319891132,경기도 김포시 김포한강11로 288-19 803호(이세돌바둑학원)(운양동),기타종목,126.6825412,37.6547054
이솝움직임발달센터,319821620,경기도 김포시 김포한강1로51번길 18 신우프라자4층(장기동),기타종목,126.6676621,37.6439361
이안운동재활센터 구리남양주점,7082861127,경기도 구리시 산마루로 19 진영트윈타워B동404호 이안운동재활센터(갈매동),종합체육시설,127.116697,37.6317429
이안운동재활센터 하남점,7041464426,경기도 하남시 덕풍동로 111-21 706호 이안운동재활센터(덕풍동),기타종목,127.2076955,37.5518097
이음언어행동발달센터,,경기도 남양주시 다산지금로 132 304호305호(다산동),배드민턴,127.1735477,37.6012393
이제이짐,22961536,경기도 화성시 봉담읍 동화길 93-16 스타타워1 402호,헬스,126.9600916,37.2171251
이지짐,319790799,경기도 고양시 덕양구 충장로 140 7층 이지짐(행신동),헬스,126.8352202,37.6247495
이천 굿 클라이밍,316348729,"경기도 이천시 중리천로 76 라온팰리스 지하1층 이천 굿 클라이밍(중리동, 이천 라온팰리스)",클라이밍(암벽등반),127.4458781,37.2785332
이천fc축구단,316370811,경기도 이천시 백사면 청백리로 125-88 이천fc축구단,축구(풋살),127.473569,37.3075835
이천유나이티드풋볼클럽,,경기도 이천시 황무로 1081-136 이천유나이티드풋볼클럽(갈산동),축구(풋살),127.4726064,37.2948955
이충문화체육센터,280247444,경기도 평택시 장안웃길 149 이충문화체육센터(이충동),수영,127.0707299,37.0660604
이태영탁구교실,318488100,경기도 의정부시 추동로19번길 9-5 지하 이태영탁구교실(신곡동),탁구,127.0574845,37.7433973
이현주탁구클럽,,경기도 안산시 단원구 고잔2길 38 401호(고잔동),탁구,126.8354533,37.317511
이화발레학원,317744777,경기도 양평군 양평읍 역전길 3 6층 이화발레학원,무용(발레 등),127.4888065,37.4917306
포그로스 pt&필라테스,,경기도 광명시 하안로 258 301호 포그로스 pt 필라테스(하안동),필라테스,126.8828327,37.4594277
인성태비태권도,317310123,경기도 성남시 중원구 박석로25번길 13 3층 인성태비태권도(상대원동),태권도,127.1644215,37.4350784
인영아동상담소,312712019,경기도 수원시 장안구 파장천로 136-8 인영아동상담소(파장동),기타종목,127.0028755,37.3152446
임팩트 탁구클럽,,경기도 고양시 덕양구 혜음로 45 지층(고양동),탁구,126.9018935,37.7047047
화성시여성가족청소년재단(모두누림센터),313504378,경기도 화성시 남양읍 시청로 155 모두누림센터 지하2층,수영,126.8286671,37.1989033
파라에스트라 양주,,경기도 양주시 삼숭로38번길 19 자이안상가 201호 파라에스트라양주(주짓수)(삼숭동),기타종목,127.102296,37.797456
주식회사 에스엔피스포츠아카데미,315715446,경기도 남양주시 진접읍 금강로1576번길 7 2층 월드태권도,태권도,127.1948614,37.7312788
점핑나인 다이어트,,경기도 하남시 미사강변대로226번길 15 204호(망월동),기타종목,127.1846878,37.5701068
일1등 석사 경희대 태권도,314253636,경기도 의왕시 안양판교로 99 스마일타워 603호(포일동),태권도,126.9851245,37.3956065
일동태권도원,314063039,경기도 안산시 상록구 도매시장로 113 5층 일동태권도원(일동),태권도,126.8646199,37.315547
일루스터태권도장ILLUSTER,,경기도 광명시 양달로10번길 7-8 1층 일루스터태권도장(일직동),태권도,126.8819843,37.4133895
일산 BOX1 대화,7074100905,경기도 고양시 일산서구 중앙로 1564 3층 302-1호(대화동),복싱,126.7482744,37.6762119
일산올림픽스포츠센터,319001780,경기도 고양시 일산동구 중앙로 1182 (마두동),헬스,126.7781537,37.6526232
짐트리스포츠아카데미 안산센터,313653042,경기도 안산시 단원구 광덕대로 193 2층 213호(고잔동),기타종목,126.8293858,37.313827
일호핏 신중동점,323210223,경기도 부천시 원미구 신흥로 169 304호 일호핏 신중동점(중동),헬스,126.7768638,37.4987485
임윤희탁구교실,314447979,경기도 안양시 만안구 양화로37번길 23 서원빌딩 B1임윤희 탁구교실(안양동),탁구,126.9124336,37.3965586
임하식 권투체육관,317410262,경기도 성남시 수정구 시민로 152 3층 임하식권투체육관(신흥동),복싱,127.1438162,37.4417098
자라나다 아동청소년 심리언어발달센터 부천옥길점,269598259,경기도 부천시 소사구 범안로 231-15 701(옥길동),기타종목,126.813064,37.4624432
자이언트,,"경기도 남양주시 평내로 89 상가동 2층(평내동, 평내마을유진마젤란아파트)",종합체육시설,127.2360247,37.6432892
작당 김포풍무점,,경기도 김포시 풍무로 128 웰라움퍼펙트시티 422호(풍무동),기타종목,126.7234591,37.6070007
작당 당구장,319824939,"경기도 김포시 김포한강9로75번길 180 5층 501호(구래동, 두원타워)",당구,126.6244802,37.6449161
잘자란아이키즈스포츠,23712508,경기도 고양시 덕양구 동세로 7 4층 잘자란아이키즈스포츠(동산동),기타종목,126.8869213,37.6435694
장곡경희대태권도,313179669,경기도 시흥시 진말로9번길 24 2층(장곡동),태권도,126.7829092,37.3784466
장애아동전문수영센터 WEMILY 하남점,,"경기도 하남시 미사강변동로 95 지하1층,1065-1066(망월동)",수영,127.1917417,37.5637312
장애아동전문수영센터WEMILY,,경기도 용인시 기흥구 중부대로788번길 13 상가동 지하1층(상하동),수영,127.1416491,37.2569917
장애아재활치료교육센터아이누리,25621101,"경기도 구리시 이문안로 86 2층, 장애아재활치료교육센터(수택동)",기타종목,127.1410746,37.5917943
장애인스포츠과학연구소,318270453,의정부시 금신로 323 대영프라자빌딩 2층 503호,수영,127.0616627,37.7447767
장애인스포츠과학연구소 하남지부,,"경기도 하남시 신우실로 73 301,302,303호(감일동)",축구(풋살),127.1629693,37.5093252
장자탁구클럽,315653647,경기도 구리시 장자대로86번길 38 4층(수택동),탁구,127.1391913,37.5866448
플레이어스 스포츠클럽,24747260,경기도 하남시 감일백제로83번길 20 202호(감이동),기타종목,127.1615447,37.5041494
장현고려체유관,315743838,경기도 남양주시 진접읍 장현로88번길 5 405,검도,127.1823415,37.7178987
재단법인 의정부시청소년재단,318289502,경기도 의정부시 의정로 27 의정부시청소년재단(의정부동),헬스,127.0340922,37.7351686
재미나당구클럽,,"경기도 김포시 김포한강9로76번길 63 5층 501호,502호 (구례동, 아스타프라자)(구래동)",당구,126.6268129,37.6454123
재밌어짐,,경기도 성남시 분당구 백현로150번길 7-5 지하1층(정자동),기타종목,127.1147444,37.372266
저스트 원,312837666,경기도 용인시 기흥구 동백5로 23 명진프라자 4층(중동),헬스,127.1522743,37.276456
전승오탁구클럽,314027959,경기도 안산시 상록구 예술광장로 1 다농마트8층 전승오탁구클럽(월피동),탁구,126.8442343,37.3283714
점프스쿨 구성센터,312858883,경기도 용인시 기흥구 구성로 103 상록멀티프라자 211호 점프스쿨(언남동),기타종목,127.1207504,37.2938993
점프스토리,,"경기도 고양시 덕양구 지도로104번길 10 우창빌딩(토당동, 우창빌딩)",줄넘기,126.8244065,37.6263291
점프윙스줄넘기클럽,,경기도 안산시 상록구 장화2길 36 2층(사동),줄넘기,126.8513959,37.2833593
점프윙스줄넘기클럽 덕정,,경기도 양주시 고암길 44 3층 점프윙스 줄넘기클럽(고암동),줄넘기,127.0685074,37.8316651
점프윙스줄넘기클럽양주옥정점,,경기도 양주시 옥정로 139 5층 점프윙스(옥정동),기타종목,127.0896748,37.8146089
점프윙스줄넘기클럽옥정2호점,,경기도 양주시 옥정서로 217 402호(옥정동),기타종목,127.0883995,37.8325252
한일경희태권도,316623223,경기도 평택시 이충로 35번길 24 보람플러스 5층,태권도,127.0665046,37.0596424
점핑,,경기도 광명시 오리로949번길 44 B1(광명동),기타종목,126.855427,37.4749343
필탁구장,,경기도 구리시 검배로 61 세진빌딩 지하층 필탁구장(수택동),탁구,127.1456405,37.5967537
점핑머신,318669689,경기도 동두천시 평화로 2303 삼육사로984. 4층 티나점핑,종합체육시설,127.0570003,37.8934133
점핑서킷,,경기도 여주시 여양로 299-8 엘리야빌딩2층(오학동),종합체육시설,127.6440973,37.3088259
점핑스타 은계호수점,,경기도 시흥시 은계중앙로 220 5층 503호 점핑스타 은계호수점(은행동),기타종목,126.8053574,37.4441212
점핑클럽,,경기도 광명시 신기로 7 골드스타빌딩 503호(일직동),태권도,126.8824917,37.4206112
점핑클럽 줄넘기 시흥 장현장곡센터,,경기도 시흥시 진말1로 10 아리스타타워 6층 점핑클럽(장곡동),줄넘기,126.7897228,37.3781904
점핑클럽음악줄넘기장지동점,313772201,경기도 화성시 동탄대로4길 39 404호점핑클럽(장지동),기타종목,127.1102472,37.1618176
점핑하이,,경기도 동두천시 중앙로 134-24 3층(지행동),기타종목,127.0543266,37.8929957
점핑하이 송우점,,경기도 포천시 소흘읍 송우로 80 2층 202호 점핑하이 송우점,기타종목,127.1406475,37.8303809
점핑하이 호매실점,3180020022,경기도 수원시 권선구 금호로 42 3층(호매실동),기타종목,126.9564375,37.2688535
점핑하이본오석호점,,경기도 안산시 상록구 석호로 358 3층 점핑하이본오석호점(본오동),기타종목,126.8702756,37.2931263
점핑하이사동점,,경기도 안산시 상록구 감골2로 39 예누림중심상가 4층 점핑하이사동점(사동),기타종목,126.8519961,37.2906835
정무태권도장,314955952,경기도 시흥시 도일로135번길 42 2층 정무태권도(거모동),태권도,126.783171,37.3451436
정발산 스타 태권도,,경기도 고양시 일산동구 대산로 24 원일빌딩2층(정발산동),태권도,126.7739601,37.6702954
정성욱탁구클럽,314801018,경기도 안산시 상록구 예술광장1로 115 지층 정성욱탁구클럽(성포동),탁구,126.8449799,37.3259312
충무태권도장,24588998,"경기도 의왕시 오전로 193 상가2층(오전동, 신안아파트)",태권도,126.9684022,37.3576462
정왕평생학습관수영장,3180840152,경기도 시흥시 정왕대로233번길 21 지하1층안내데스크(정왕동),수영,126.7405208,37.3478839
정왕헬스,314969688,경기도 시흥시 정왕시장길 52 301호(정왕동),헬스,126.7489527,37.3455689
정진태권도,319486999,경기도 파주시 숲속노을로 271 502호 정진태권도(문발동),태권도,126.7110518,37.724662
정하영 탁구클럽,28536355,경기도 의정부시 청사로47번길 12 801호802호(금오동),탁구,127.0691115,37.7526126
제이댄스스튜디오,,경기도 안성시 공도읍 서동대로 3874 우림아파트 102동1204호,댄스(줌바 등),127.1376616,36.9934925
제이비스위밍JB Swimming,312611819,경기도 용인시 수지구 수지로 70 신성프라자 B01호(상현동),수영,127.0764119,37.30909
제이에스 피트니스 GX,,경기도 화성시 동탄순환대로 788 3층(영천동),댄스(줌바 등),127.1016635,37.2096737
제이에스엠JSM댄스컴퍼니학원,28510050,경기도 의정부시 장곡로596번길 9 5층 502호(신곡동),댄스(줌바 등),127.0693745,37.7495046
제이와이스포츠,319530072,경기도 파주시 운정4길 152 3동(상지석동),기타종목,126.7739844,37.717691
제이원FC,3180449320,경기도 안산시 상록구 충장로 600 3층(월피동),축구(풋살),126.8519525,37.3313418
제이지 fitness dance,317637978,경기도 광주시 역동로 47 지하1층(역동),댄스(줌바 등),127.2565161,37.4040326
제이지아카데미 특수체육 연구소,223757770,경기 부천시 안곡로 3 정석빌딩 2층 201호(실내),기타종목,126.8028231,37.4789518
제이탑 유도 멀티짐,319355085,경기도 파주시 청석로 260 트리플메디컬타워 607호(동패동),유도,126.7176745,37.7250679
제이톤실용음악댄스학원,317210701,경기도 성남시 수정구 위례광장로 310 B동 304호(창곡동),댄스(줌바 등),127.1429284,37.4727085
제이필라테스JPILATES,,경기도 안산시 상록구 한양대학로 68 4층 J필라테스(사동),필라테스,126.8373079,37.3013604
제인그랜드발레,314332587,경기도 안산시 상록구 월피로 61 2층(월피동),무용(발레 등),126.8509486,37.334132
한국체육산업개발(주) (분당올림픽스포츠센터),234347932,경기도 성남시 분당구 중앙공원로 35 (서현동),종합체육시설,127.1286613,37.3808715
조민우축구교실옥정점,,"경기도 양주시 옥정로 151 5층 501,502,503호",축구(풋살),127.0903713,37.8153667
한양대왕호태권도장,314039077,"경기도 안산시 단원구 초지동로 73 401호,402호(초지동)",태권도,126.8168425,37.3102776
1박2일 당구클럽,277505043,"경기도 시흥시 월곶중앙로 64 302,303호(월곶동)(월곶동)",당구,126.7385216,37.389193
조아빌샵빌리아드클럽,26776214,경기도 부천시 삼작로 266 2층(도당동),기타종목,126.7909892,37.5200207
조암레전드태권도장,7086994464,경기도 화성시 우정읍 장안로 28 2층 레전드태권도,태권도,126.8199417,37.0883073
조용운탁구클럽,27102299,경기도 부천시 경인로 519 6층 조용운 탁구클럽(괴안동),탁구,126.8127618,37.4850892
조이당구클럽,313145050,경기도 시흥시 인선길 36 201호조이당구클럽(장곡동),당구,126.7846939,37.3775076
조이발달센터,313369721,경기도 용인시 처인구 금령로71번길 3 H-타워 10층 2호(김량장동),기타종목,127.2037885,37.2352227
한양대멘토태권도,318582423,경기도 동두천시 지행로 116 1층(지행동),태권도,127.0602809,37.8922394
존케이지빌리어즈당구장,25937831,경기도 남양주시 천마산로 21 스마트스퀘어 3층 402호(호평동),당구,127.247449,37.6635817
좋은마음수중발달센터,314598815,경기도 안양시 동안구 경수대로519번길 46-6 1~2층(호계동),수영,126.9553441,37.3687323
좋은마음움직임센터,24598815,경기도 안양시 동안구 엘에스로45 대영골든타워 301호,기타종목,126.954797,37.3674435
주 아이엠스포츠,313152288,"경기도 시흥시 장현능곡로 155 311, 411호(능곡동)",수영,126.8073771,37.3710435
주공감어울림,317944797,경기도 하남시 신장로 198 201호(덕풍동),태권도,127.199357,37.5428209
주궁평캠프,7088281111,경기도 화성시 서신면 궁평항로 1206 1,승마,126.6926764,37.1262521
주꿈자라다,317191441,경기도 성남시 분당구 야탑로 32 삼부빌딜 4층(야탑동),기타종목,127.1226151,37.4087827
주마린앤키즈스포츠,318235566,경기도 의정부시 회룡로105번길 15 서왕프라자 B2(호원동)(호원동),수영,127.0453014,37.7265321
주비알뇌교육,319151239,경기도 고양시 일산서구 주화로 88 603호 뇌교육(주엽동),기타종목,126.7585378,37.6705508
주스포츠아일랜드,312592132,경기도 수원시 팔달구 월드컵로 310 수원월드컵스포츠센터 스포츠아일랜드(우만동),기타종목,127.036915,37.2865317
주시흥비젼센터,23197929,경기도 시흥시 마유로 416 B1 (주)시흥비젼센터(정왕동),기타종목,126.741265,37.3516037
주식회사 그리고컴퍼니지점 올바로필라테스 역곡점,23439609,경기도 부천시 경인로 517 6층 601호(괴안동),필라테스,126.8124677,37.4848886
주식회사 꿈자라다 영통점,312041442,"경기도 수원시 영통구 반달로35번길 30 344,345,346호(영통동)",기타종목,127.0774605,37.2517809
주식회사 뉴스포츠센터,316917355,경기도 평택시 문화촌로19번길 24 뉴스포츠센터(비전동),수영,127.1147836,36.9978166
주식회사 다보람,,"경기도 김포시 김포한강3로 287 201, 202호(장기동)",기타종목,126.6597786,37.6413772
주식회사 디디다,312987120,"경기도 수원시 권선구 금곡로 206 301-1호, 302호(금곡동)",기타종목,126.9543297,37.2740719
주식회사 렛츠,322294500,"경기도 부천시 중동로254번길 78 202, 203호(중동)",탁구,126.7731153,37.5015966
주식회사 배희,317533399,경기도 성남시 수정구 위례광장로 9-9 퍼스트푸르지오시티 지하1층 볼링팩토리 볼링장(창곡동),볼링,127.1411484,37.4644861
주식회사 빅랜드,313777989,경기도 화성시 동탄대로 446 지하1층 (3번게이트) 빅볼 볼링장 동탄점(청계동),볼링,127.1000579,37.1933905
주식회사 씨앗발달센터,7044392021,"경기도 용인시 기흥구 동백중앙로 225-6 쥬네브스타월드 B 136, 137(중동)",기타종목,127.1503072,37.2740046
주식회사 아사힘,7077745600,경기도 남양주시 가운로1길 25 수미소빌딩 505호 아사힘(다산동),헬스,127.156339,37.6045476
주식회사 아사힘 일산지점,319211104,경기도 고양시 일산서구 미래로 200 2층(덕이동),헬스,126.7468671,37.6963367
주식회사 아이비전,7042334001,경기도 용인시 수지구 신봉1로 84 404호(신봉동),기타종목,127.0764975,37.3236675
주식회사 에스에스씨그라운드SSC GROUND,323427977,경기도 부천시 소사구 범안로219번길 71 옥길테크노벨리 111호~115호(옥길동),농구,126.8126131,37.4649364
주식회사 온무지개,319816941,경기도 김포시 초당로16번길 16 2층 (주)온무지개(장기동),기타종목,126.6719624,37.6405223
주식회사 와이풀앤와이에스씨,3116445975,경기도 화성시 반정로153번길 9-10 와이풀 수영장(반정동),수영,127.0391437,37.2352199
주식회사 잼잼발달센터,26982840,경기도 성남시 분당구 판교역로 230 B동 203호(삼평동),기타종목,127.1105085,37.4012225
주식회사 점핑머신,,"경기도 김포시 김포한강8로 410 208호209호(구래동, 스타프라자)(구래동)",기타종목,126.6236296,37.6429991
주식회사 크래프터,,경기도 평택시 고덕면 고덕북로 155-1 오페라하우스 제지1층 1동 제비101호,기타종목,127.0238512,37.0726571
주식회사 토도플레이,318215200,경기도 양주시 부흥로 2191-58 토도플레이(삼숭동),기타종목,127.0947392,37.8096151
주식회사 티알멀티스포츠센터,314182501,경기도 안산시 상록구 항가울로 42 2층(사동),기타종목,126.8472328,37.2857216
주식회사광명에프씨축구단,28992239,경기도 광명시 오리로651번길 11 프라임모터스 빌딩301호(하안동),축구(풋살),126.8762432,37.4585442
주식회사시드,234180195,경기도 과천시 매봉로 14 김신욱(문원동),축구(풋살),126.99349,37.4136846
주식회사아트디밸롭,,경기도 양주시 회정로 114 504(덕정동),탁구,127.0659336,37.8372681
주식회사참교육,323441970,경기도 부천시 범안로 60 세경프라자402호(괴안동),검도,126.8078417,37.4763686
국가대표원일태권도장,313782388,"경기도 오산시 오산로132번길 10 상가3층 301,302(원동, 오산역 e-편한세상 2단지)",태권도,127.0711868,37.1375506
주아티스 필라테스,,경기도 고양시 덕양구 지축로 62 706호 아티스필라테스(지축동),필라테스,126.9149878,37.6495433
주양평패러글라이딩파크,27752681,경기도 양평군 옥천면 동막길 49 (주)양평패러글라이딩파크,기타종목,127.4637273,37.5594003
주엽탁구클럽,,"경기도 고양시 일산서구 중앙로 1391 5층 20호 주엽탁구클럽(주엽동, 강선마을12단지아파트)",탁구,126.7649062,37.6679186
주월드파크골프,28417776,경기도 의정부시 만가대길 53 2층 연서빌딩(용현동),골프,127.0855627,37.7271556
주웰니스코리아,,경기도 용인시 기흥구 흥덕2로87번길 18 이씨티 D동 501-1호 웰니스코리아(영덕동),기타종목,127.0718774,37.2758481
주유얼리,314979370,경기도 시흥시 배곧4로 18 에이플러스빌딩 403호 유얼리발달센터(배곧동),기타종목,126.7264745,37.3779248
주젠요가 위례지점,317579642,경기도 성남시 수정구 위례광장로 300 위례중앙타워 9층 904호(창곡동),요가,127.1427026,37.4734648
허슬린사이클아카데미,,경기도 화성시 여울로4길 52 2층(능동),기타종목,127.0554937,37.2157486
죽전탁구클럽,318955907,"경기도 용인시 수지구 정든로6번길 2 그린피아빌딩 4층,  죽전탁구클럽(죽전동)",탁구,127.1128959,37.3271923
준스포츠센터,26437777,경기도 이천시 장호원읍 서동대로8829번길 10-24 준스포츠센터,헬스,127.6177201,37.1160485
중동힘찬태권도장,326678080,경기도 부천시 원미구 중동로 100 팰리스카운티 아이파크상가 214호 중동힘찬태권도장(중동),태권도,126.7657959,37.4887472
중앙광정태권도장,318414206,경기도 의정부시 호국로1291번길 8 2층 중앙광정태권도장(의정부동),태권도,127.0477194,37.7440598
중앙대도성태권도장,316685703,경기도 평택시 신촌5로 29 맘스스퀘어 A동 상가3층 310.311호(칠원동),태권도,127.1037809,37.026039
중앙점품태권도장,314057625,경기도 안산시 단원구 당곡1로 27 동산빌딩 501호(고잔동),태권도,126.8379449,37.3228528
중앙체육관,317626835,경기도 광주시 곤지암읍 곤지암로50번길 25 ,태권도,127.3387071,37.3501696
중앙타이거즈태권도도장,313867804,경기도 안양시 동안구 관악대로342번길 10 3층(관양동),태권도,126.9608614,37.4031716
천명태권도장,,"경기도 성남시 수정구 청계산로1길 27 2층 204호,205호더판교이룸 (고등동)",태권도,127.0942931,37.4284989
중앙하이웰빙휘트니,315119339,경기도 남양주시 화도읍 비룡로 62 701호,헬스,127.3021177,37.6575303
즐거운 태권도,289008111,"경기도 부천시 소안로 20 삼익세라믹아파트 1,2차 상가동 203호(괴안동, 삼익세라믹아파트)",태권도,126.8030693,37.4757778
지니스Gness,312217054,경기도 수원시 영통구 권선로 818 지하1층(매탄동),복싱,127.0391374,37.2545573
지니아카데미,,경기도 김포시 김포한강9로 73 702호 지니아카데미(구래동),기타종목,126.6255098,37.6433496
지니필라테스,312642151,경기도 용인시 수지구 푸른솔로 120 2층 지니필라테스(죽전동),필라테스,127.117085,37.3289376
지니필라테스 2호점,318973335,경기도 용인시 수지구 정든로6번길 2 305호(죽전동),필라테스,127.1128959,37.3271923
차오름태권도장,315443880,경기도 포천시 소흘읍 호국로429번길 8 엘프라자 2층 차오름MBA태권도장,태권도,127.1337517,37.8121491
창조태권도장,314144580,경기도 안산시 단원구 광덕3로 97 2층 창조태권도장(고잔동),태권도,126.8236007,37.3130288
몸놀이운동발달센터,,경기도 안산시 단원구 원포공원1로 70 409호(초지동),종합체육시설,126.8103446,37.3033058
킴스요가필라테스 한대앞역점,314079077,경기도 안산시 상록구 중보로 57 405(이동),요가,126.8528569,37.3081252
체형교정연구소바르다,315431073,경기도 포천시 소흘읍 송우로 65 301호,필라테스,127.1416385,37.8293912
지티 복싱GT BOXING,317441005,경기도 성남시 수정구 산성대로 419 지하1층(단대동),복싱,127.158505,37.4493565
지티알 파크골프 용인점,313328753,경기도 용인시 처인구 한터로 83 2층(고림동),골프,127.2209286,37.2518259
지행검도관,318662777,"경기도 동두천시 중앙로 125 영스포렉스 3층, 306호 지행검도관(지행동)",검도,127.0517372,37.8927576
진가월드태권도,,경기도 이천시 모가면 진상미로 1315 2층 진가월드태권도,태권도,127.4799278,37.1734347
진접용호태권도장,315755454,"경기도 남양주시 진접읍 해밀예당1로 171 제일프라자 5층 501호,502호",태권도,127.1971393,37.7198346
진접체육문화센터,25601283,경기도 남양주시 진접읍 금강로 1509-24 진접체육문화센터,수영,127.1897584,37.7271077
진접커브스,315283010,경기도 남양주시 진접읍 해밀예당3로 52 404호,기타종목,127.1985668,37.7144909
화성시여성가족청소년재단모두누림센터,313504301,경기도 화성시 남양읍 시청로 155 모두누림센터 지하2층,수영,126.8286671,37.1989033
짐나지움 리틀  스위머스 탄,319199696,"경기도 고양시 일산서구 일현로 140 큰마을아파트 주상가4층(탄현동, 큰마을대림,현대아파트)",농구,126.7646893,37.7002488
짐사회서비스센터,318963119,경기도 용인시 수지구 현암로 132 5층(죽전동),기타종목,127.1239454,37.3315318
짐스아동발달센터,319238881,경기도 고양시 일산동구 대산로 14 5층(정발산동),기타종목,126.7748972,37.6698516
짐스아동발달센터,317158882,경기도 성남시 분당구 구미로9번길 1 5층 짐스아동발달센터(구미동),기타종목,127.1100957,37.3383843
짐앤짐스 운동발달센터,317158778,경기도 광주시 능평로30번길 20-8 (능평동),기타종목,127.1635819,37.35585
짐에이치,,"경기도 성남시 중원구 도촌로8번길 11 304, 305호 짐에이치(도촌동)",헬스,127.1515971,37.4149832
찬스짐,317195308,경기도 광주시 능평로 63 3층 찬스짐(능평동),헬스,127.1658352,37.3521148
참조은고려태권도장,,경기도 안산시 상록구 충장로 574 4층 참조은고려태권도장(월피동),태권도,126.8504959,37.32942
휴필라테스자이로토닉,,경기도 하남시 미사강변동로 85 215호(망월동),필라테스,127.1918814,37.562532
펀치레이디필라테스,319428287,"경기도 파주시 미래로 377 운정스퀘어503,504호(동패동)",필라테스,126.7458928,37.7117382
창조태권도장,315014588,경기도 안산시 상록구 본원로 69 2층(본오동),태권도,126.8661692,37.2920146
채움 당구클럽,,경기도 성남시 수정구 시민로 172 4층(신흥동),당구,127.1430177,37.4435249
채움필라테스,,"경기도 시흥시 은계번영길 9 2층222,223채움필라테스(은행동)",필라테스,126.8016257,37.4374767
챔피언탁구아카데미,316527808,경기도 평택시 만세로 1845-8 2층(비전동),탁구,127.1045862,37.0037553
처인탁구클럽,,경기도 용인시 처인구 포곡읍 둔전로47번길 21 라데팡스4층 401호,탁구,127.2191243,37.2682705
천마노블레스태권도스쿨,315923277,경기도 남양주시 화도읍 먹갓로27번길 1 3층 천마노블레스태권도스쿨,태권도,127.274438,37.6564891
천인합기도,314038890,경기도 안산시 상록구 월피로 49 3층(월피동),합기도,126.8502345,37.3332796
청년당구클럽,312825060,경기도 용인시 기흥구 구갈로60번길 15-1 301호(구갈동),당구,127.1130172,37.2800204
부천화랑태권도,26538350,경기도 부천시 원미구 장말로 310 2층 부천화랑태권도(심곡동),태권도,126.776346,37.4909763
청명아동운동발달센터,7041312552,경기도 부천시 길주로 279 301(중동),기타종목,126.7738333,37.5038307
청북검도관,316844476,경기도 평택시 청북읍 청북남로 253 503호,검도,126.9162216,37.0189028
청설태권도센터,316575350,경기도 안성시 공도읍 진사길 61 1층 청설태권도,태권도,127.1411372,36.9897987
청우태권도장,318157100,경기도 고양시 일산서구 대산로 58 한신상가 2층 청우태권도장(주엽동),태권도,126.7704641,37.6718107
청평자연휴양림,25851584,경기도 가평군 청평면 북한강로2246번길 8-109 청평자연휴양림,기타종목,127.407578,37.7117525
청학복싱클럽,28489218,경기도 남양주시 별내면 청학로68번길 5-23 4층,복싱,127.118892,37.7083253
청학볼링센터 동탄점,313749907,"경기도 화성시 동탄대로시범길 134 카림애비뉴 지하1층 130호 청학볼링센터 동탄점(청계동, 동탄역시범반도유보라아이비파크4.0)",볼링,127.1142339,37.1992157
청학볼링장,313729900,경기도 오산시 청학로 48 청학볼링장(청학동),볼링,127.0637447,37.1534421
청학키즈태권도,318481991,경기도 남양주시 별내면 청학로중앙길 7 3층 청학키즈태권도,태권도,127.1187478,37.7087258
체리당구클럽,,경기도 안양시 만안구 안양로112번길 13 3층 체리당구클럽(안양동),당구,126.9338694,37.3851861
체형교정 기능운동센터 힐하우스,,경기도 남양주시 순화궁로 116 7층 708-1호(별내동),기타종목,127.1211132,37.643095
체형교정연구소바르다,318211235,"경기도 양주시 고읍로 10 203,204호(고읍동)",필라테스,127.0787574,37.8019312
최강단대태권도장,290360470,경기도 성남시 중원구 둔촌대로425번길 13 2층 최강단대태권도(상대원동),태권도,127.1640702,37.4343
최강태권도장,316533107,경기도 안성시 공도읍 송원길 37 4층 최강태권도장,태권도,127.1741179,37.0074465
한양대왕호태권도장,314039077,경기도 안산시 단원구 초지동로 73 4층 401-402호 한양대왕호태권도장(초지동),태권도,126.8168425,37.3102776
최강힘찬 태권도,,경기도 화성시 남양읍 시청로 219 대광1차 아파트 단지상가 지하1층,태권도,126.8343117,37.1943617
최고점핑다이어트,3180423334,경기도 시흥시 봉우재로 30 201호(정왕동),기타종목,126.7444779,37.3455753
최고탁구클럽,314024951,경기도 안산시 상록구 예술광장로 49 성포타운 2층211호212호(성포동),탁구,126.8469685,37.3268202
안산도시공사 성호체육문화센터,314408300,경기도 안산시 상록구 성호로 43 성호체육문화센터(일동),헬스,126.86697,37.3093286
평택 용인대새빛 태권도장,,경기도 평택시 신촌5로 41 맘스스퀘어상가D동 504호(칠원동),태권도,127.1048575,37.0260364
한숲스포츠센터,313962103,경기도 군포시 산본천로 43-6 (산본동),수영,126.9282026,37.3606698
최순만발달센터,319013705,"경기도 고양시 일산서구 일산로 576 102호, 103호, 106호(일산동)",종합체육시설,126.7645056,37.679511
최양선탁구클럽,,경기도 안산시 상록구 양지편1길 26 302호 최양선탁구클럽(이동),탁구,126.8501851,37.3084476
추산태권도,315411265,경기도 포천시 소흘읍 솔모루로3번길 52-36 우정상가2층(전원우정아파트),태권도,127.1378639,37.8279638
클래식락볼링센타,24100925,"경기도 시흥시 목감남서로 9-15 태강플라자3,4층(조남동)",볼링,126.8524148,37.37771
충효태권도,318479820,경기도 양주시 부흥로 2152-4 천보빌딩 4층(삼숭동 성우아파트 입구)(삼숭동),태권도,127.0930359,37.8065353
충훈태권도장,314745233,경기도 안양시 만안구 충훈로 93 2층(석수동),태권도,126.8982209,37.4075343
취미는운동,326678889,경기도 부천시 부일로 341 대림정문상가동 2층 취미는운동(중동),요가,126.7682388,37.488371
친절한 현쌤점핑 다이어트,312963766,"경기도 수원시 장안구 송정로 83 상가동 1층 116호 친절한 현쌤점핑 다이어트(송죽동, 수원로얄팰리스)",기타종목,127.0069945,37.2964028
칠층당구장,319694939,경기도 고양시 덕양구 삼송로 8 한일골드타워 7층(원흥동) 704호,당구,126.8749647,37.6497902
카운터복싱,312627336,경기도 용인시 수지구 정평로 138 5층(풍덕천동),복싱,127.0954269,37.3250988
캐롬박스,315273949,경기도 구리시 갈매중앙로 89-5 리첸타워 5층 캐롬박스(갈매동),기타종목,127.117147,37.6324487
캠퍼스국제식대대클럽,7088663939,경기도 남양주시 화도읍 맷돌로 112 401호,당구,127.3025332,37.6574851
커브스 고읍클럽,318471330,경기도 양주시 고읍로 96 303호(광사동),헬스,127.0813772,37.7954334
커브스 낙양클럽,318516330,경기도 의정부시 송양로 29 402호 커브스 낙양클럽(낙양동),헬스,127.1092851,37.7523419
커브스 남동탄클럽,313731930,경기도 화성시 동탄대로 182 레이크파로스 303호 커브스 남동탄클럽(산척동),에어로빅,127.1072649,37.1707362
커브스 인덕원클럽,314268802,경기도 안양시 동안구 흥안대로456번길 46 301호 (커브스 인덕원 클럽)(평촌동),헬스,126.978309,37.3937015
커브스 호계클럽,313473005,경기도 안양시 동안구 포도원로 4 201호(호계동),에어로빅,126.9625442,37.3619586
커브스교하클럽,319459930,경기도 파주시 청석로 260 301호 커브스교하클럽(동패동),헬스,126.7176745,37.7250679
커브스금오클럽,318443330,경기도 의정부시 장곡로628번길 26 301호(신곡동),헬스,127.0726191,37.7495243
커브스미사강변클럽,317927330,경기도 하남시 미사강변중앙로 220 10층 1005호 커브스미사강변클럽(망월동),헬스,127.1892311,37.5662872
커브스민락클럽,318539330,경기도 의정부시 용현로 152 성지빌딩4층  커브스민락클럽(민락동),헬스,127.0926964,37.7405838
커브스별내클럽,315753082,경기도 남양주시 별내중앙로 59 예스프라자 4층 402호 커브스별내클럽(별내동),에어로빅,127.1231792,37.6476381
커브스보정클럽,318981800,경기도 용인시 기흥구 죽전로 50 센타프라자 2층 커브스보정클럽(보정동),헬스,127.1142797,37.3202944
커브스수택클럽,315522030,경기도 구리시 장자대로 72 201호  커브스수택클럽(수택동),헬스,127.1384755,37.587267
커브스신영통클럽여성전용휘트니스,312732930,경기도 수원시 영통구 태장로 77 신영통e타운 6층(망포동),헬스,127.0548379,37.2393222
커브스신중동클럽,23271330,경기도 부천시 중동로254번길 104 6층603호(중동),기타종목,126.7746253,37.5015393
커브스운정클럽,319421363,경기도 파주시 미래로 371 (동패동)씨티타워 8층804호커브스,헬스,126.7458695,37.7110565
커브스풍덕천클럽,312663088,경기도 용인시 수지구 풍덕천로 127 503호(풍덕천동),헬스,127.0957651,37.3234009
커브스호평클럽,315933055,경기도 남양주시 늘을2로14번길 5 501호 커브스호평클럽(호평동),에어로빅,127.2445856,37.654122
커브스흥덕클럽,312144330,경기도 용인시 기흥구 흥덕중앙로 41 304호(영덕동),헬스,127.0715651,37.2765064
케어핏필라테스,315272527,경기도 구리시 갈매중앙로 89-10 송원빌딩 402호(갈매동),필라테스,127.117002,37.6330436
케이댄스아카데미,314056655,경기도 안산시 상록구 본오로 87-1 3층 케이댄스아카데미(본오동),댄스(줌바 등),126.8662405,37.2929218
케이디KD 당구클럽,232730056,"경기도 고양시 덕양구 고양대로1384번길 19-15 4층 405호(성사동,새롬프라자)(성사동)",당구,126.8380304,37.6532624
케이브레인태권도장,237778663,"경기도 부천시 원미구 평천로 679 아이파크1단지후문상가2층(약대동, 부천아이파크)",태권도,126.7671061,37.5159777
케이앤스포츠아카데미,280151517,경기도 화성시 동탄지성로 109 601호(반송동),롤러인라인,127.0629413,37.2083121
케이에스에이유소년스포츠아카데미,24883887,경기도 하남시 감일순환로 55 삼오베스트프라자 501(감일동),종합체육시설,127.1635224,37.509558
케이엠디축구클럽,319396535,경기도 파주시 청석로 272 8층806호(동패동),축구(풋살),126.717702,37.7261179
케이엠필라테스자이로토닉,,"경기도 성남시 분당구 성남대로 449 A동 1층 106호(정자동, 로얄팰리스)",필라테스,127.1109758,37.3754644
케이오짐,,경기도 부천시 소사구 소사로 130 2층(소사본동),복싱,126.7966219,37.4699204
케이타이거즈KTIGERS태권도장 동탄관,313763060,경기도 화성시 지산1길 8-5 1층 케이타이거즈(KTIGERS)태권도장 동탄관(영천동),태권도,127.1127597,37.207348
코끼리아동청소년발달센터,,경기도 남양주시 진접읍 해밀예당3로 52 701호(으뜸빌딩),기타종목,127.1985668,37.7144909
코끼리아동청소년발달센터 스페셜,,경기도 남양주시 진접읍 팔야로 265 코끼리아동청소년발달센터 스페셜,기타종목,127.2357469,37.7554617
코리아태권도장,25031383,"경기도 과천시 별양로 112 지하1층 (킨더타운,금빛유치원)(별양동)",태권도,126.9970498,37.4280857
한국체대 라온 태권도장,,경기도 시흥시 정왕신길로49번길 28 단지내상가 3층(정왕동),태권도,126.7283054,37.3601267
코리아특전체육관 산본지점,,"경기도 군포시 곡란로 24 지하1층 ,2층 (산본동)",태권도,126.935251,37.3741762
코샤 요가 필라테스 플라잉 요가,264662788,"경기도 용인시 수지구 만현로 120 205., 206호(상현동)",요가,127.0847161,37.3060547
코오롱글로벌주 스포렉스 교하점,29435596,경기도 파주시 청석로 370 교하청석스포츠센터,수영,126.7199742,37.7348103
코오롱글로벌주스포렉스 동패점,319488033,경기도 파주시 와석순환로172번길 30 운정다목적체육관(동패동),수영,126.7429088,37.7149676
코오롱글로벌주스포렉스 운정점,3180718200,경기도 파주시 가람로150번길 41-34 운정스포츠센터,수영,126.7689749,37.7374039
코오롱글로벌주스포렉스 운정행복점,319578908,경기도 파주시 와석순환로 415 운정행복센터 지하1층 수영장(와동동),수영,126.7515251,37.7240758
코오롱글로벌주스포렉스 이천점,316350068,경기도 이천시 호법면 중부대로798번길 125 코오롱글로벌(주)스포렉스 이천점,수영,127.4115019,37.236342
코오롱글로벌주스포렉스파주점,29429933,경기도 파주시 탄현면 방촌로 1213-52 파주시스포츠센터,수영,126.7439698,37.8421351
코융합심리치유연구소,,경기도 이천시 호법면 이섭대천로527번길 151 별관,승마,127.4190101,37.2265017
코지휘트니스,319637474,경기도 고양시 덕양구 삼송로 8 8층(원흥동),헬스,126.8749647,37.6497902
코트원피클볼,,경기도 고양시 일산동구 장항로 62 단독건물(백석동),종합체육시설,126.7881156,37.6312165
퀸즈바디 필라테스,,경기도 안산시 단원구 선부광장1로 82 401호 퀸즈바디(선부동),필라테스,126.8126755,37.3355899
퀸즈바디안중점,,경기도 평택시 안중읍 안현로서9길 14-11 3층 퀸즈바디,필라테스,126.9233905,36.9784703
큐타임당구클럽,312117849,경기도 용인시 수지구 광교마을로 35 2층 큐타임당구클럽(상현동),당구,127.0688357,37.2991711
크는아이 발달지원센터김포점,29982760,경기도 김포시 김포한강9로 73 센트럴프라자 903호 크는아이 발달지원센터(구래동),기타종목,126.6255098,37.6433496
크는우리통합발달센터주식회사,312137680,경기도 용인시 수지구 광교중앙로 310 신명프라자9층(상현동),기타종목,127.0697541,37.2976618
클라우스멀티짐,314853367,경기도 안산시 단원구 삼일로 407 3층(와동),기타종목,126.8229721,37.3332044
클라우스멀티짐 선부점,314013678,경기도 안산시 단원구 선부광장1로 32 303호304호(선부동),복싱,126.8087958,37.3364126
클럽버디 스킨 스쿠버다이빙 성남,,경기도 성남시 중원구 제일로 60 성남 종합운동장 종합 스포츠센터 B동 지하2층(성남동),수영,127.1376777,37.4331877
클럽버디 스킨 스쿠버다이빙 용인,,경기도 용인시 처인구 포곡읍 성산로 523 딥스테이션,수영,127.1997088,37.2806122
클린바디짐,,경기도 시흥시 새재로 13 2층 클린바디짐(장현동),헬스,126.8019031,37.380845
키네틱 캠프,227747313,경기도 하남시 미사강변동로84번길 39 10층 키네틱 캠프(망월동),헬스,127.1952766,37.5634046
키드짐아동청소년발달연구소,3180036212,경기도 화성시 동탄문화센터로 71-11 2층 키드짐아동청소년발달연구소(반송동),기타종목,127.0728186,37.2000472
키블 아동발달센터은계점,3180427552,"경기도 시흥시 은계번영길 7 4층, 403호(은행동)",기타종목,126.8016456,37.4371412
키즈스토리,,경기도 수원시 팔달구 중부대로 110 상가201A호(인계동),기타종목,127.0288321,37.2774567
키즈중앙태권도장,318867070,경기도 여주시 여양로 339 2층 키즈중앙태권도장(오학동),태권도,127.6450536,37.3119745
키즈태권도현대체육관,315117600,경기도 남양주시 의안로 121-20 5층501호(키즈태권도현대체육관)(평내동),태권도,127.2370808,37.6428401
키즈펀태권도,314044447,경기도 시흥시 시흥대로 1121 3층 키즈펀태권도(신천동),태권도,126.7912046,37.4355457
킴스요가앤필라테스,316773383,경기도 안성시 안성맞춤대로 1042-1 2층 킴스요가앤필라테스(서인동),요가,127.2693846,37.0064444
킹콩 점핑 줄넘기,23475574,경기도 군포시 금산로 74 2층 킹콩 점핑 줄넘기(산본동),줄넘기,126.9381452,37.3687842
킹콩GYM,312831117,경기도 용인시 기흥구 민속촌로 49 2층(보라동),헬스,127.1102563,37.25559
킹클라이밍,318471800,경기도 의정부시 동일로 462 7층(신곡동),클라이밍(암벽등반),127.0596218,37.7297194
킹핀볼,312690936,경기도 수원시 장안구 대평로90번길 19 4층(정자동),볼링,126.9937771,37.297133
타겟28,7077559542,경기도 양주시 양주산성로 98-7 A동(남방동),기타종목,127.0350279,37.7700611
타투복싱,314418222,경기도 안양시 만안구 장내로 46 경원빌딩 지하 타투복싱(안양동),복싱,126.9139316,37.3935705
탄천종합운동장,317257100,경기도 성남시 분당구 탄천로 215 탄천종합운동장(야탑동),빙상(스케이트),127.1212796,37.4102033
탄현스포츠,319122993,경기도 고양시 일산서구 산현로92번길 60 지층 탄현탁구클럽(일산동),탁구,126.7708272,37.6894041
탈로스 역도 전문 체육관,,경기도 용인시 수지구 죽전로 150 지하 1층(죽전동),기타종목,127.1243163,37.3239461
탑경원대태권도,317099467,"경기도 성남시 분당구 판교로 519 상가208호(야탑동, 탑마을경남아너스빌)",태권도,127.1306323,37.4071591
탑당구클럽,319698892,경기도 고양시 덕양구 도래울로 105 4층 403호(도내동),당구,126.8714485,37.6350427
탑사회적협동조합,3180173250,경기도 성남시 분당구 매화로 44 4층 (야탑동 291-2),기타종목,127.134185,37.4114835
탑클래스유도,,경기도 시흥시 목감우회로 39 5층 505호(목감동),유도,126.8603365,37.3818829
태권나르샤,317628885,경기도 광주시 중앙로123번길 11 2층(경안동),태권도,127.2568815,37.4101765
태극타이거합기도,23817171,경기도 고양시 덕양구 동세로 9 동산프라자5층(동산동),합기도,126.8868445,37.6437447
태룡관합기도 무극도장,315022356,경기도 안산시 상록구 석호로 105 2층 태룡관합기도(사동),합기도,126.8473971,37.3018821
태룡관합기도 서해도장,314154416,경기도 안산시 상록구 샘골로 54 2층 태룡관합기도(본오동),합기도,126.8640597,37.2888188
태비월드컵태권도,24250070,경기도 의왕시 안양판교로 211 504호,태권도,126.9946414,37.3898251
태웅회관,312811003,경기도 용인시 기흥구 동백7로 73 6층 태웅회관(동백동),복싱,127.1595859,37.2820153
태전 한울 태권도장,317986553,경기도 광주시 회안대로 350-7 2층 태전 한울 태권도장(태전동),태권도,127.235743,37.3844384
태전도장,317684999,경기도 광주시 고불로46번길 6 유경빌딩2층(중대동),기타종목,127.232513,37.3936563
태풍태권도아카데미,27472402,경기도 성남시 중원구 광명로 262 2층 태풍태권도아카데미(중앙동),태권도,127.155708,37.4428836
태호태권도,316347770,경기도 이천시 영창로 314 4층 태호태권도(갈산동),태권도,127.4574947,37.2809442
테마스쿠버,313758029,경기도 오산시 청학로 286 테마(수청동),기타종목,127.0601291,37.1739566
토끼와거북크리닉,288138275,경기도 성남시 분당구 장미로 42 213호 토끼와거북크리닉(야탑동),기타종목,127.1254995,37.4135005
토브감각통합발달센터,,경기도 하남시 미사강변대로226번길 54 4층(망월동),클라이밍(암벽등반),127.1859539,37.5692575
토평경희대태권도장,315637188,경기도 구리시 벌말로129번길 17 청운빌딩A동 토평경희대태권도장(토평동),태권도,127.1473764,37.5878077
통진탁구장,319810409,경기도 김포시 통진읍 조강로56번길 112 통진탁구장,탁구,126.6038437,37.6943372
투나볼링,23213112,"경기도 부천시 원미구 부일로 223 11층(상동, 투나빌딩)(상동)",볼링,126.7552865,37.4888771
트라움스포츠아카데미,,경기도 고양시 덕양구 대장길50번길 79-7 트라움스포츠아카데미(대장동),종합체육시설,126.8183893,37.6381004
트리플밸리승마장,,경기도 안산시 상록구 원당골2길 56-11 (수암동),승마,126.8787265,37.3671427
특공무술드림체육관,317219338,경기도 성남시 수정구 남문로 65 2층 특공무술드림체육관(태평동),기타종목,127.1340725,37.4461705
특공무술성남중앙도장,237417925,경기도 성남시 중원구 광명로324번길 3 3층특공무술체육관(금광동),기타종목,127.1621377,37.4450597
특공무술파워점핑줄넘기,,경기도 성남시 중원구 희망로 356 지하1층 특공(상대원동),기타종목,127.1584123,37.4374903
튼튼아이태권도,22139909,"경기도 부천시 원미구 원미로 100 상가2층(원미동, 풍림아파트)",태권도,126.7918303,37.4917418
튼튼통합발달센터,312653335,"경기도 용인시 수지구 상현로 7 5층, (상현동)",기타종목,127.0751409,37.3029572
틔움통합발달센터,312813837,경기도 용인시 기흥구 신구로64번길 12 보성프라자 5층(구갈동),기타종목,127.1109161,37.277538
티율태권도장,23515686,경기도 부천시 소사로102번길 59 3층 티율태권도장,태권도,126.8008509,37.4690708
팀드래곤복싱은행점,313162121,경기도 시흥시 은행로 154 반도프라자7층(은행동),복싱,126.7995762,37.4447617
팀리버샷복싱짐,316922643,경기도 안성시 공도읍 공도로 116-16 3층,복싱,127.1731197,36.9992996
팀리스펙트,,경기도 광명시 금하로527번길 17 3층 팀리스펙트(소하동),태권도,126.8894565,37.4524187
팀베스트 최고체육관,313394385,경기도 용인시 처인구 포곡읍 둔전로47번길 21 3층 302호 팀베스트 최고체육관,태권도,127.2191243,37.2682705
팀원스포츠클럽,314060711,경기도 군포시 송부로 82 더드림4차 5층 팀원스포츠클럽(도마교동),축구(풋살),126.9231137,37.3166354
팀제이맥스성남시의료원점TEAM JMAX,,경기도 성남시 수정구 수정로171번길 11-1 4층 5층 팀제이맥스(태평동),헬스,127.1383221,37.4439773
팀태권도점프윙스,326761661,경기도 부천시 오정구 중동로 417 401호 팀태권도점프윙스(삼정동),태권도,126.7698658,37.5171923
파라댄스학원,316373276,경기도 이천시 이섭대천로 1184 홍종빌딩 4층(중리동),댄스(줌바 등),127.4472565,37.2759194
파라에스트라양주주짓수mma,,"경기도 양주시 옥정동로 173 다올레이크 204호, 205호(옥정동)",주짓수,127.0990479,37.8225321
파워점핑 줄넘기유아스포츠,315287333,"경기도 남양주시 진접읍 해밀예당1로 298 새롬프라자 4층 401,402호",줄넘기,127.2082108,37.7247991
파워점핑줄넘기클럽 권선점,312216043,경기도 수원시 권선구 세권로 188 권선메디칼 5층(권선동),줄넘기,127.0247186,37.2553978
파이널유도 멀티짐,,경기도 의왕시 원골로 8 지하 1층 파이널유도 멀티짐(오전동),유도,126.9674662,37.3582831
파이널유도멀티짐,7047971979,경기도 광명시 도덕공원로 23 2층 유도장(철산동),유도,126.8654677,37.471328
파이트클럽복싱,319867197,"경기도 김포시 김포한강4로 119 (장기동, 승문프라자 1104, 5호)(장기동)",복싱,126.6677031,37.6443282
파이트포왓포천주짓수,,경기도 포천시 왕방로252번길 18 2층 파이트포왓포천(신읍동)(신읍동),주짓수,127.203525,37.9014565
파주 승리태권도장,319450715,경기도 파주시 책향기로 247 미상빌딩 3층(동패동),태권도,126.7148037,37.720236
파주문화체육센터 코오롱스포렉스 주내점,29542253,경기도 파주시 파주읍 술이홀로 305 파주문화체육센터 코오롱스포렉스 주내점,수영,126.8206704,37.830999
파주시장애인태권도협회,3180708125,경기도 파주시 문화로 39 금촌동4층(금촌동),태권도,126.7770964,37.7581107
판교피트니스센터,,경기도 성남시 분당구 판교로289번길 20 3층 피트니스(삼평동),헬스,127.105814,37.4046195
패밀리 휘트니스 헬스,316544671,경기도 평택시 통미로9번길 9-6 2층 헬스장(합정동),헬스,127.094032,36.9931384
팩토리짐X필라테스,319943451,경기도 고양시 덕양구 호국로 804 202호(성사동),필라테스,126.8375474,37.6573648
팽성태권도장,316917085,경기도 평택시 팽성읍 동서촌로 57 상가2층,태권도,127.0584626,36.9646962
퍼스트위너MTA능실태권도장,,경기도 수원시 권선구 호매실로104번길 24-61 8층 802호 퍼스트위너MTA능실태권도장,태권도,126.9626498,37.2588546
퍼스트휘트니스,279248919,경기도 포천시 호병로 73 5층(신읍동),헬스,127.1956454,37.8953527
펀 스포츠,323217989,경기도 부천시 원미구 도약로 19 2층 펀스포츠(상동),줄넘기,126.7514372,37.5128301
핏디짐,,경기도 시흥시 삼미시장2길 24 3층(신천동),헬스,126.782627,37.4406034
페이버 FC,22879111,경기도 용인시 기흥구 언동로71번길 45 3층(청덕동),축구(풋살),127.1426094,37.2881339
평내검도교실,315115807,"경기도 남양주시 의안로 121-20 504,505호(평내동)",검도,127.2370808,37.6428401
평택검도관,316567963,"경기도 평택시 평택4로 89 평택검도관(비전동, 한미아파트)",검도,127.1017391,36.9959811
평택배드민턴센터,,경기도 평택시 팽성읍 팽성북로 121 평택배드민턴센터,배드민턴,127.0476789,36.9803882
평택시립실내수영장,3180243360,경기도 평택시 평남로 616 평택시립실내수영장(합정동),수영,127.1064892,36.987586
평택용인대석사태권도장,316561644,"경기도 평택시 평택5로 134 단지상가2층 용인대석사태권도장(비전동, 태산신그린아파트)",태권도,127.1085408,36.9976368
평택유나이티드안중점,,경기도 평택시 안중읍 안현로서8길 57 214호,축구(풋살),126.919408,36.97907
평화탁구클럽,28059490,경기도 광명시 하안로287번길 11 지층 101(하안동),탁구,126.8795936,37.4607886
포시즌필라테스 수지점주식회사 에이치에스퍼스,312725222,경기도 용인시 수지구 수지로342번길 13 2층 201호(풍덕천동),필라테스,127.0959907,37.3272361
포올태권도장,319459663,경기도 파주시 한울로 67 아름터프라자 4층 402호(동패동),태권도,126.7391513,37.7108456
포천검도관,315360953,경기도 포천시 왕방로 261 3층(신읍동),검도,127.2026208,37.9033324
포천도시공사 소흘국민체육센터,315406430,경기도 포천시 군내면 청성로 112 포천도시공사,탁구,127.2111233,37.8962212
포천에이스볼링장센타,315366066,경기도 포천시 신북면 중앙로 203 2층,볼링,127.2080582,37.9033574
포천유나이티드,25363555,"경기도 포천시 중앙로 24 3층, 포천유나이티드(신읍동)",축구(풋살),127.1970306,37.889766
포천합기도,315350774,경기도 포천시 호병로1길 6 2층(보성빌딩)(신읍동),합기도,127.1947394,37.8956879
포천홍익태권도체육관,315425822,경기도 포천시 소흘읍 검바위길 84 상가2층1호(포천상운아파트),태권도,127.1481303,37.8198215
푸르른태권도장,,경기도 평택시 동부공원로 36 2층 푸르른태권도장(비전동),태권도,127.1181511,36.9932484
푸르미르태권도장안중점,,경기도 평택시 안중읍 현화중앙길 53 상가2층 203호 푸르미르태권도장(성원아파트),태권도,126.9203375,36.9834419
푸른현무태권도장,,경기도 광주시 경충대로1461번길 26 3층(쌍령동),태권도,127.2702267,37.3998729
풀차일드키즈스윔,3180119001,경기도 이천시 이섭대천로 1330 지하1층 풀차일드키즈스윔(증포동),수영,127.4516917,37.2873388
품태권도장,314310077,"경기도 시흥시 배곧1로 27-16 상가4동 211,212호(배곧동, 한라비발디캠퍼스2차)",태권도,126.7151139,37.3627494
품태권도장와동점,314119870,경기도 안산시 단원구 화정로 59 2층 품태권도장(와동),태권도,126.819233,37.3316631
풍무검도관,319042086,경기도 고양시 일산동구 일산로 46 213호(백석동),검도,126.7879067,37.6423617
풍무아동청소년발달센터,3180490877,경기도 김포시 풍무로 76 오성프라자 501호(풍무동),기타종목,126.7219792,37.602427
프라임핏식사점,319622306,경기도 고양시 일산동구 위시티1로 6-39 더파인테라스 3층 프라임핏(식사동),헬스,126.8077378,37.6741918
프레임주짓수,,경기도 양주시 백석읍 양주산성로574번길 17 세영빌딩3층 301호,주짓수,126.9896927,37.7879141
프렌즈아카데미 동탄그란비아스타점,3180887979,경기도 화성시 동탄대로 446 동탄그란비아스타  446번지4106호~4115호(청계동),골프,127.1000579,37.1933905
프로보노 사회서비스 지원센터,7042589820,경기도 파주시 가나무로 143 메트로 프라자 307호(금릉동),기타종목,126.7813216,37.7545487
프로팀스타복싱,,경기도 안양시 동안구 관악대로 324 2층 프로팀스타복싱(관양동),복싱,126.9590545,37.4030918
플라잉요가테스,23229892,경기도 용인시 처인구 중부대로 1327 4층 플라잉요가테스(역북동),요가,127.1923853,37.2357503
플랜트운동센터,,경기도 성남시 분당구 미금로 43 조흥빌딩 2층 플랜트운동센터(구미동),헬스,127.1159681,37.3370786
플러그 구리센터,315233033,경기도 구리시 건원대로 44 503호(인창동),기타종목,127.1404879,37.6050767
플레이짐특공무술,287964902,경기도 성남시 중원구 원터로105번길 11-1 5층(성남동),기타종목,127.1415453,37.4354009
플레이테니스아카데미,,경기도 화성시 동탄순환대로 127-9 8층 802호 플레이테니스아카데미(산척동),테니스,127.1072808,37.1665533
피노키오복싱,326571282,경기도 부천시 부일로449번길 7 3층 피노키오복싱(심곡동),복싱,126.7800075,37.486603
피니쉬골프아카데미흥덕점,312177612,경기도 용인시 기흥구 흥덕2로87번길 18 B동204(영덕동),골프,127.0718774,37.2758481
피스온필라테스,,경기도 김포시 전원로 5 301호 피스온필라테스(운양동),필라테스,126.6808637,37.6452041
피트니스 BM,,경기도 성남시 분당구 분당로263번길 35 4층 피트니스 BM(서현동),헬스,127.1398067,37.3717266
피티온PT on,,경기도 김포시 김포한강9로 73 3층 2호(구래동),헬스,126.6255098,37.6433496
필라랜드,,경기도 화성시 병점1로 66-12 하이코아 4층 404호 필라랜드(병점동),필라테스,127.0415549,37.2021399
필라이브 필라테스 용인 고림점,,경기도 용인시 처인구 고림로200번길 3 2층(고림동),필라테스,127.2228938,37.2491891
필라테스 무빈,,경기도 고양시 덕양구 꽃마을로 68 5층 502호(향동동),필라테스,126.8937996,37.6009472
필라테스 미학 평생교육원,315539192,경기도 구리시 이문안로 71 대호빌딩 2층 나동 201호 필라테스 미학(수택동),필라테스,127.1395547,37.5924348
필라테스 쌍떼,319415171,경기도 파주시 와석순환로 78 한강프라자 402호(야당동),필라테스,126.7508054,37.7110375
필라테스 율 증포점,7088060513,경기도 이천시 이섭대천로 1437 우리타워 3층 필라테스 율(증포동),필라테스,127.4568689,37.2960106
필라테스N,7086911766,경기도 평택시 고덕갈평9길 53 필라테스N(고덕동),필라테스,127.0514545,37.0641208
필라테스쌍떼 The글로리점,319195488,경기도 고양시 일산서구 산현로 7 풍성프라자 3층 필라테스 쌍떼(탄현동),필라테스,126.7625131,37.6894476
필라테스에 반하다 김포양곡점,,경기도 김포시 양촌읍 양곡2로 50 6층 필라테스에반하다,필라테스,126.6275139,37.6556786
필라테스인라이프,317118838,"경기도 성남시 분당구 장미로 86 이코노샤르망801,802필라테스인라이프(야탑동)",필라테스,127.1302376,37.4135155
필라테스칼리지,,경기도 평택시 경기대로 1286 명성빌딩 2층 필라테스 칼리지(이충동),필라테스,127.0649855,37.059883
필라테스피어나,,"경기도 화성시 동탄순환대로12길 85 카림상(산척동, 그린힐 반도유보라 아이비파크 10)",필라테스,127.1291676,37.1673054
필라테스하다HADA,,경기도 양평군 양평읍 시민로78번길 9-10 1층 필라테스하다,필라테스,127.501291,37.4896243
필인성태권도,23570737,경기도 화성시 남양읍 남양로 829 현대프라자 604 필인성태권도,태권도,126.8322769,37.2097486
필탁구장,,경기도 구리시 검배로 61 세진빌딩 지하1층 필탁구장(수택동),탁구,127.1456405,37.5967537
필테니스,314021253,경기도 안산시 단원구 고잔2길 45 8층 필테니스(고잔동),테니스,126.8361473,37.3179299
핏 테라피 퍼스널트레이닝,315038277,"경기도 시흥시 승지로60번길 17 601,602호(능곡동)",헬스,126.8125682,37.3687554
핏메이커,3180497391,경기도 김포시 유현로238번길 11 드림프라자8층 핏메이커(풍무동),기타종목,126.7319183,37.6116321
핑퐁타임탁구클럽,317088700,경기도 성남시 분당구 판교로 446 지하1층핑퐁타임탁구클럽(이매동),탁구,127.12336,37.4051244
하나더하기,313140330,경기도 시흥시 하중로 193 조은프라자 5층 하나더하기(하중동),기타종목,126.8046132,37.3944336
빅스크린볼링 주식회사,313777989,경기도 화성시 동탄대로 446 지하1층 (3번게이트) 빅볼 볼링장 동탄점(청계동)(청계동),볼링,127.1000579,37.1933905
하남검도관,317954433,경기도 하남시 신장로 139 426-6 B1층 하남검도관(덕풍동),검도,127.2027724,37.5385459
하남시장애인복지관,317942266,경기도 하남시 미사강변남로 56 (풍산동) 하남시장애인복지관,종합체육시설,127.1881045,37.5597667
하남시청,27902000,경기도 하남시 아리수로 600 하남종합운동장 국민체육센터(망월동),수영,127.1940923,37.5668926
한사랑태권도장,313173353,경기도 시흥시 인선길 100 404호 한사랑태권도장(장곡동),태권도,126.7801508,37.3798509
하늘꿈아동발달센터,28266707,의정부시 신흥로173 다인빌딩 4층,탁구,127.0433255,37.7315326
하늘정원 볼링장,314029311,경기도 안산시 단원구 초지로 100 (초지동)세종프라자 5층,볼링,126.815212,37.3077677
하대원MTA태권도장,27559494,"경기도 성남시 중원구 마지로155번길 25-12 201(하대원동, 대흥에버빌)",태권도,127.1491457,37.4284708
하랑스포츠아카데미,315944545,경기도 남양주시 경춘로1256번길 9 강남프라자 10층(평내동),축구(풋살),127.2354104,37.6461136
하스티요가,,경기도 하남시 미사강변중앙로 190 357호(망월동),요가,127.1905364,37.5637858
하우필라테스,,경기도 수원시 영통구 봉영로 1569 뉴월드프라자 6층 하우필라테스(영통동),필라테스,127.0710165,37.2520638
하움필라테스,,경기도 용인시 기흥구 새천년로26번길 4 (신갈동),필라테스,127.1119525,37.2888079
하움필라테스미금점평생교육원,317155355,"경기도 성남시 분당구 정자일로 55 109동 208호(금곡동, 분당두산위브아파트)",필라테스,127.1052581,37.3553132
하움필라테스서현점평생교육원,317025552,경기도 성남시 분당구 돌마로486번길 40 501호(서현동),필라테스,127.136537,37.3748151
하이피농구교실,,경기도 부천시 신흥로470번길 31 3층 하이피농구교실(오정동),농구,126.7790523,37.5247419
학교폭력예방 복싱과주짓수 임파파 체육관,,경기도 양주시 옥정동로7다길 74 4층 임파파 체육관(옥정동),복싱,127.0928184,37.8207336
학사체육관,315281234,경기도 남양주시 진접읍 장현로 68 3층 학사체육관,태권도,127.180736,37.7168266
학사태권도전문체육관,314176626,경기도 안산시 상록구 부곡로 129 3층(부곡동),태권도,126.8636082,37.3334385
학사태권도체육관,,경기도 성남시 중원구 자혜로 54 2층(금광동),태권도,127.1655383,37.4506561
한결태권도,318717665,"경기도 의정부시 안말로85번길 10 상가2층 한결태권도(호원동, 호원우성아파트(1차))",태권도,127.0484752,37.715098
한국스포츠건강증진센터,319116547,경기도 고양시 일산서구 강성로232번길 15-15 1층 기린목치타몸(대화동),요가,126.7508428,37.6765436
한국스포츠과학연구소 사회적협동조합,7041502024,경기도 안양시 만안구 안양로 386 3층 한국스포츠과학연구소(안양동),기타종목,126.9162899,37.4054176
한국스포츠서비스교육원스마일키즈,,"경기도 김포시 김포한강1로 230 2층 219호(운양동, 김포운양역현대센트럴스퀘어)",요가,126.6828136,37.6532353
한국아동발달일산센터,319217577,경기도 고양시 일산서구 일현로 89 월드스타프라자 5층(탄현동),기타종목,126.7644488,37.6949484
한국아동청소년발달센터,312247456,수원시 권선구 경수대로 401 KT남수원 2층,기타종목,127.024227,37.2626084
한국아동청소년발달센터 동탄연구소,7042234023,경기도 화성시 동탄기흥로 614 더퍼스트타워2차 1308호(영천동),기타종목,127.0949923,37.2150877
한국체대 나라찬 태권도장,316322445,경기도 이천시 신둔면 경충대로 3152-6 2층 한국체대 나라찬 태권도장,태권도,127.4030455,37.3078359
한국체대 진 태권도,27575255,경기도 성남시 중원구 도촌남로 33 세일프라자 5층 한국체대진태권도장(도촌동),태권도,127.1511575,37.4145513
한국체대 진접태권도,315747411,경기도 남양주시 진접읍 해밀예당3로 52 6층 진접태권도,태권도,127.1985668,37.7144909
한국체대 참태권도장,326689294,"경기도 부천시 원미구 조종로 34 3, 4층 한국체대 참태권도장(원미동)",태권도,126.7884023,37.4928819
한국체대검도합기도,24029788,경기도 안산시 단원구 초지로 94 한솔프라자 501호(초지동),검도,126.8151467,37.3072362
한국체대리더스태권도장,25131212,경기도 구리시 건원대로76번길 42 두레빌딩 401호(인창동),태권도,127.1417202,37.6075342
한국체대복싱클럽,319943344,경기도 김포시 김포한강8로162번길 10 한강프라자 401.402.403호(마산동),복싱,126.6439695,37.6363038
한국체대블랙벨트,312178887,경기도 수원시 영통구 동수원로537번길 57 동경빌딩 3층(원천동),태권도,127.0458796,37.2748295
한국체대석사라온태권도장,316351127,경기도 이천시 증신로291번길 145-15 1층 라온태권도(송정동),태권도,127.4323825,37.2947328
한국체대인성태권도장,,경기도 화성시 향남읍 행정중앙1로 61 상가2층 태권도장,태권도,126.9216154,37.1261642
한국체대태권도장,316649992,경기도 평택시 이충로35번길 28 501호(이충동),태권도,127.0659947,37.0592764
한국체대한빛태권도,318590041,경기도 양주시 고암길 306-77 황금프라자504호(덕정동),태권도,127.0685865,37.8367555
한국체대효자태권도,314107890,경기도 안산시 단원구 선부로 256 4층(와동),태권도,126.8234615,37.3411778
한국태권도아카데미,319118823,경기도 고양시 일산서구 산현로92번길 60 이화프라자 3층 한국태권도아카데미(일산동),태권도,126.7708272,37.6894041
한국태권도체육관,26816329,경기도 평택시 안중읍 안중로 94 3층 한국태권도,태권도,126.9269368,36.9885334
한국파워점핑 줄넘기 태권도,,경기도 화성시 동탄대로4길 53 아테나플래닛 401호(장지동),기타종목,127.1118561,37.1617858
한국파워점핑줄넘기,312175484,"경기도 용인시 수지구 광교마을로 91 201,202(상현동)",줄넘기,127.0746805,37.2977464
한국파워점핑줄넘기,313769938,경기도 화성시 동탄순환대로 249 7층 파워점핑줄넘기 남동탄점(산척동),줄넘기,127.1182653,37.1699099
한국파워점핑줄넘기 운정점,,경기도 파주시 미래로602번길 35 4층 한국파워점핑줄넘기 운정점(와동동),줄넘기,126.7517548,37.7321399
한국파워점핑줄넘기클럽 사동점,,경기도 안산시 상록구 석호로 157 3층 줄넘기 학원(사동),줄넘기,126.8499671,37.297938
한국파워점핑줄넘기클럽사이동점,,경기도 안산시 상록구 감골1로 29 303호 한국파워점핑줄넘기클럽(사이동),줄넘기,126.8522482,37.2879254
한국파워점핑줄넘기클럽해양점,,경기도 안산시 상록구 해양1로 15 3층 한국파워점핑줄넘기클럽(사동),기타종목,126.8209479,37.2962345
한나바디핏 hannabodyfit,253469428,"경기도 평택시 평남로 674 상가2층 한나바디핏(비전동, 솔매마을 한일유앤아이)",무용(발레 등),127.1095117,36.9923156
한내태권도,26354111,경기도 이천시 갈산로 73 2층 한내태권도(증포동),태권도,127.4615988,37.2894961
한림아레나당구장,314561973,경기도 군포시 군포로 545 6층(당동),당구,126.9463418,37.3546727
한마음탁구장,316517757,경기도 평택시 평택3로17번길 11 한마음탁구장(합정동),탁구,127.0923734,36.990782
한마음특수발달재활센터,314192001,경기도 안산시 상록구 광덕1로 341 제스트프라자 301호(이동),기타종목,126.8479483,37.3070615
한마음희망나눔센터,319469069,"경기도 파주시 청석로 305 센터프라자2, 3F(다율동)",태권도,126.7174204,37.7292852
핏인라이프 필라테스배곧점,314321579,경기도 시흥시 서울대학로278번길 21 504호 핏인라이프 필라테스 배곧점(배곧동),필라테스,126.7280545,37.3695094
하버클럽파라,315926441,경기도 남양주시 화도읍 북한강로1570번길 56 파라수상레저,기타종목,127.3700876,37.6506741
한별 용인대 소나무향기 태권도장,315737172,경기도 남양주시 별내5로5번길 7 5층 용인대 소나무향기 태권도장(별내동),태권도,127.1128974,37.6501206
한빛운동발달센터,319819415,경기도 김포시 풍무로68번길 44 골든프라자2 708호(풍무동),기타종목,126.7263214,37.6005036
한결같이 요가원,299741860,경기도 성남시 수정구 성남대로1263번길 11 1층 101호(태평동),요가,127.1256882,37.4422816
한국 파워점핑 줄넘기 클럽 병점점,312232358,경기도 화성시 효행로 1072 상록프라자 501호(병점동),줄넘기,127.0442957,37.2149646
호수탁구클럽,24860909,경기도 안산시 단원구 광덕1로 56 로얄프라자501.502.503호(초지동),탁구,126.8157718,37.3082167
용탁구나 탁구클럽,,경기도 광주시 양벌로 43-6 용탁구나 탁구클럽(양벌동),탁구,127.25517,37.3908407
현진참사랑인성태권도,318824090,경기도 여주시 가남읍 경충대로 1472-28 참사랑인성태권도,태권도,127.5355797,37.2173022
하남 쑥 아동발달연구소,274729262,경기도 하남시 미사강변중앙로 25 (풍산동) 영동스마트타워 307호,기타종목,127.1924811,37.5495881
한가림태권도,226181100,경기도 광명시 도덕공원로 23 서빈빌딩 5층 한가림 태권도(철산동),태권도,126.8654677,37.471328
한솔아동발달센터,319962282,"경기도 김포시 김포한강9로76번길 41 연세프라자 601호, 901호(구래동)",기타종목,126.6272467,37.6444388
한숲 경희대 MTA태권도,,경기도 용인시 처인구 남사읍 한숲로 123 3단지상가2층 한숲경희대MTA태권도(e편한세상 용인 한숲시티),태권도,127.1731579,37.1590779
한숲스포츠센터,313951900,경기도 군포시 산본천로 43-6 (산본동),수영,126.9282026,37.3606698
한쌤탁구클럽,313380709,경기도 용인시 처인구 금령로 163 한쌤탁구클럽 3층(마평동),탁구,127.2144133,37.2346726
한아탁구클럽,,경기도 안산시 상록구 예술광장로 25 2층,탁구,126.8469764,37.3289365
한양대 륜 태권도장,315918441,"경기도 남양주시 화도읍 녹촌로 43-1 2층, 201호",태권도,127.2981324,37.6444144
한양대드림태권도장,314088972,경기도 안산시 상록구 부곡로 27 3층 한양대드림태권도장(부곡동),태권도,126.8593991,37.3250279
한양대매화태권도,313179887,경기도 시흥시 매화2로48번길 13 2층(매화동),태권도,126.8089701,37.4157377
한양대송라태권도,,경기도 가평군 청평면 경춘로 807-18 단지상가2층 태권도장(청평청구아파트),태권도,127.4174692,37.738316
한양대스타태권도장,314075863,경기도 군포시 송부로 42 6층 한양대스타태권도(도마교동),태권도,126.9190315,37.3160417
한양대태권도장,,경기도 안산시 상록구 각골로 55 연지프라자2층 204호 한양대태권도장(본오동),태권도,126.872303,37.2945128
한양대태권도체육관,313322477,경기도 용인시 처인구 포곡읍 포곡로 287 2층 한양대태권도체육관,태권도,127.2322947,37.2802509
한양대하율태권도장,23818074,경기도 고양시 덕양구 덕수천1로 64 2층 한양대하율태권도(삼송동),태권도,126.884029,37.6482454
한얼합기도,28991375,경기도 광명시 기아로6번길 18 신협빌딩 3층 한얼합기도(소하동),합기도,126.8798782,37.4349896
한얼합기도,314071376,경기도 안산시 상록구 본이로 3 2층(본오동),합기도,126.8669557,37.2952024
한얼합기도소하1동,28951371,경기도 광명시 금하로527번길 19 3층한얼합기도(소하동),합기도,126.8893616,37.4526057
한울태권도,26182158,경기도 평택시 팽성읍 부용로31번길 24 2층 한울태권도,태권도,127.058688,36.9653231
한일경희대태권도,26623223,경기도 평택시 이충로35번길 24 보람플러스2 5층 태권도(이충동),태권도,127.0665046,37.0596424
한일태권도,314147939,경기도 안산시 단원구 선여불로 43-1 1층 한일태권도(선부동),태권도,126.8061111,37.3452861
한점미소발달센터,,경기도 남양주시 평내로29번길 49 엠투프라자 403호(평내동),기타종목,127.2356564,37.6458624
한점미소심리발달센터 부천점,,경기도 부천시 소사구 범안로 55 2층 207호(괴안동),기타종목,126.8080807,37.4769146
한체대 명문화랑 태권도장,314995644,경기도 시흥시 옥구천동로 449 3층 한체대 명문화랑 태권도장(정왕동),태권도,126.7330183,37.3603913
한체대 한국 키즈 태권도,312267887,경기도 화성시 봉담읍 와우로 24 도원프라자B동 4층 한국키즈태권도,태권도,126.9690585,37.214537
함께이루는세상사회적협동조합,313181205,경기도 시흥시 은행로 86 경동프라자 4층 404호(은행동),요가,126.7971388,37.4392776
함께하는우리,319077726,경기도 고양시 일산동구 대산로 20 501호(정발산동),볼링,126.7742686,37.6701521
함성,223168719,"경기도 고양시 덕양구 호원길 3-2 (덕은동) 2층, 디엠씨인도어 풋볼장",축구(풋살),126.8756404,37.5859818
합기도,314195357,경기도 수원시 권선구 당진로15번길 12 2층 한국체대 경원멀티짐(당수동),합기도,126.9400224,37.2908608
합기도 킥복싱,,경기도 안양시 만안구 경수대로 1179 합기도 킥복싱(안양동),합기도,126.9167449,37.4153878
합기도 화랑관,318356187,경기도 연천군 전곡읍 은전로 94 2층  합기도화랑관,합기도,127.0700714,38.0285385
합기도화랑연무관,23589634,경기도 화성시 우정읍 3.1만세로 69-5 2층 합기도,합기도,126.8207356,37.0840182
해누리센터,318968886,경기도 용인시 수지구 풍덕천로139번길 16-3 4층 해누리센터(풍덕천동),기타종목,127.0960413,37.3252499
해담아동발달센터,314054565,경기도 안산시 단원구 광덕동로 41 로진프라자 508호(고잔동),기타종목,126.8320995,37.3081564
해동검도,316683789,경기도 평택시 이충로35번길 28-22 리치프라자 2층 204호(이충동),검도,127.0659911,37.0598588
해동검도,313157502,경기도 시흥시 은행로 134 3층(은행동),검도,126.8000854,37.4429756
해동검도,,경기도 안산시 상록구 월피로 49 2층(월피동),검도,126.8502345,37.3332796
해동검도 경기광주 본관,317685255,경기도 광주시 고불로 58-5 3층 해동검도(중대동),검도,127.2315083,37.3936149
해동검도 연천전곡본관,318335739,경기도 연천군 전곡읍 전곡로196번길 16 3층 해동검도,검도,127.0672884,38.0295297
해동검도 현무관,318862844,경기도 여주시 우암로 21 2층 해동검도 현무관(하동),기타종목,127.6334779,37.2969974
해동청태권도,7087715875,경기도 부천시 오정구 원종로29번길 83 3층해동청태권도(원종동),태권도,126.8022668,37.5273999
해든누리,278570315,경기도 김포시 김포한강3로 287 2층 해든누리(장기동),기타종목,126.6597786,37.6413772
해밀아동발달센터2호점,23454298,경기도 부천시 소사구 옥길로 111 603호 해밀(옥길동),기타종목,126.8218423,37.4671064
해밀태권도장,315271582,경기도 남양주시 진접읍 해밀예당3로 95 메디프라자 403호,태권도,127.1969792,37.7182185
해바라기아동교육센터,29676976,"경기 고양시 덕양구 호국로777(대근빌딩) 28, 대근빌딩 2.3층",기타종목,126.8351441,37.6560085
해바라기필라테스 의정부 신곡점,28786690,경기도 의정부시 발곡로 30 우리프라자 4층(신곡동),필라테스,127.0582385,37.7309918
해봄운동센터,,경기도 오산시 내삼미로 89 스마트캐슬 2층 203호 해봄운동센터(수청동),필라테스,127.0658454,37.1702151
해온발달센터,7075372779,경기도 용인시 기흥구 동백중앙로 205 204호(중동),기타종목,127.1515034,37.2717286
해온익스트림태권도장,313413030,경기도 군포시 금산로 64 3층 해온익스트림태권도장(산본동),태권도,126.9386388,37.3680248
해피탁 탁구클럽,,경기도 안성시 공도읍 기업단지로 57-15 해피탁 탁구클럽,탁구,127.1587204,37.0014877
행복한 동행 정진태권도,326812727,경기도 부천시 오정구 역곡로482번길 47 3층 정진태권도(고강동),태권도,126.8186139,37.5267962
행복한골프연습장,312650347,경기도 용인시 수지구 풍덕천로139번길 16-3 일신빌딩5층,골프,127.0960413,37.3252499
행복한동행 삼성태권도장,26779320,경기도 부천시 오정구 오정로252번길 16 3층 삼성태권도장(오정동),태권도,126.787347,37.5295881
행신AMF볼링장,319732211,"경기도 고양시 덕양구 행신로 151 4,5층(행신동, 양일빌딩)",볼링,126.8320201,37.6194314
향남블랙벨트센터 태권도장,313544946,경기도 화성시 향남읍 발안로 116 중앙프라자 5층 507호,태권도,126.9228399,37.1310643
허지철탁구교실,228794486,"경기도 여주시 세종로79번길 8 (홍문동), 허지철의 탁구교실",탁구,127.6359725,37.2903126
헤아림발달센터,318667576,"경기도 양주시 옥정동로7가길 44 비타민프라자 6층, 헤아림아동발달센터(옥정동)",배구,127.0940898,37.8194674
헤아림아동발달센터구리점,7077479973,경기도 구리시 동구릉로6번길 13-1 2층 헤아림아동발달센터(교문동),기타종목,127.1318482,37.6017143
헬스보이짐 판교역점,,경기도 성남시 분당구 대왕판교로606번길 58 롯데마트 지하 1층 헬스보이짐 판교역점(삼평동),헬스,127.1135511,37.3955563
현대볼링장,314933717,"경기도 안산시 단원구 산단로 326 지하상가동지하층사-22,23호(원곡동)",볼링,126.7872408,37.3243
현대힘찬태권도장,319975556,경기도 김포시 청송로 26 3층 305호(장기동),태권도,126.6667686,37.6478013
현진부부화랑태권도장,,경기도 여주시 가남읍 경충대로 1472-28 현진부부화랑태권도장,태권도,127.5355797,37.2173022
협동조합 사람,318532541,경기도 의정부시 용현로105번길 45-19 진영빌딩 3층(민락동),기타종목,127.0866473,37.7430103
협동조합모지리,7041079550,경기도 부천시 원미구 석천로25번길 34 협동조합 모지리(상동),기타종목,126.7581327,37.4899868
호림합기도,317924492,경기도 하남시 미사강변대로226번길 26 미사원프라자502호(망월동),합기도,127.1851899,37.5698049
호수체육관,314115518,경기도 안산시 단원구 적금로 9 호수체육관(고잔동),배드민턴,126.8246333,37.3090696
호수탁구클럽,314860909,경기도 안산시 단원구 광덕1로 56 (초지동)501호 502호 503호 호수탁구클럽,탁구,126.8157718,37.3082167
홍익용인대체육관,316721511,경기도 안성시 금광면 종합운동장로 132 상가 3층 301.302호(홍익아파트),태권도,127.330016,37.0110738
홍익태권도,326511034,경기도 부천시 소사구 경인로134번길 34 2층 홍익태권도(송내동),태권도,126.7699288,37.4825214
여주국민체육센터,318804053,경기도 여주시 신륵로 14 여주국민체육센터(천송동),종합체육시설,127.6512309,37.3003091
화도천지태권도,315937380,경기도 남양주시 화도읍 먹갓로 32 1층,태권도,127.2747411,37.6570849
화랑태권도,317622999,경기도 광주시 이배재로 13 3층 화랑태권도장(탄벌동),태권도,127.247107,37.4186415
화랑합기도,318833066,경기도 여주시 가남읍 태평중앙1길 2 3층 합기도,합기도,127.5468947,37.2026879
화서한미태권도,312464950,경기도 수원시 팔달구 화양로5번길 1 5층 화서한미태권도(화서동),태권도,126.9988752,37.2790608
화성국민체육센터,312787541,경기도 화성시 봉담읍 동화길 18 화성국민체육센터,수영,126.9516666,37.2207525
화성남양MTA태권도장,313554738,경기도 화성시 남양읍 시청로 56 5층,태권도,126.8213572,37.2046215
화성시 아르딤복지관,3151838900,경기도 화성시 향남읍 도이1길 104 화성시 아르딤복지관,기타종목,126.9207201,37.1368707
화성시나래울종합사회복지관,3180157300,경기도 화성시 여울로2길 33 화성시나래울종합사회복지관(능동),헬스,127.0511977,37.2052719
화성시장애아동재활센터,3151892898,경기도 화성시 송산면 사강시장길 26 송산보건지소 1층 화성시장애아동재활센터 송산분소,기타종목,126.7324203,37.2132052
화성흑범 봉담점,3180772593,경기도 화성시 봉담읍 동화길 93-2 제이스프라자 703호 화성흑범 체육관,기타종목,126.9591576,37.2162972
회천합기도멀티짐,318553177,경기도 양주시 회천중앙로 215 덕계역v프라자 504호(덕계동),합기도,127.0514101,37.8173267
태극라온태권도장,,경기도 양주시 화합로1325번길 22-35 3층 태극라온태권도장(덕정동),태권도,127.0632752,37.8484453
펀치레이디,319478287,"경기도 파주시 청석로 262 이지타운 301,302호(동패동)",복싱,126.7182583,37.7251254
효자태권도,319490342,경기도 파주시 탄현면 하늘소로 102 2층 통일 태권도장,태권도,126.7020126,37.7746945
풍산멀티스포츠센터,317304815,경기도 하남시 덕풍북로 160 풍산멀티스포츠센터(덕풍동),수영,127.2063497,37.5540529
주식회사 로그테니스,312720175,"경기도 용인시 수지구 신봉1로 175 801, 802호(신봉동, 진성프라자)(신봉동)",테니스,127.0679198,37.3283772
효태권도장,317475476,경기도 성남시 중원구 산성대로408번길 48 4층(금광동),태권도,127.1636907,37.4479717
효필라테스송탄점,,경기도 평택시 지산로 79 2층 효필라테스(독곡동),필라테스,127.0635383,37.0804928
훈민아동발달센터,,경기도 의정부시 수암로 4 601호 훈민아동발달센터(산곡동),기타종목,127.1107629,37.72854
훈스핑퐁,316560742,경기도 평택시 평남로 722 2층 훈스핑퐁 탁구장(비전동),탁구,127.1143662,36.9943015
훼밀리파크,319195551,경기도 고양시 일산서구 대산로 356 1층 103호(대화동),골프,126.7414356,37.6850072
휘트니스GQ,314313389,"경기도 시흥시 옥구상가2길 4 4층 휘트니스GQ(정왕동, 로얄타운)",헬스,126.7239966,37.3539286
휘트니스캠프,318891470,경기도 용인시 기흥구 죽전로 23 호암프라자 7층 휘트니스캠프(보정동),헬스,127.1112346,37.3207422
휘트니스플레이스산성역점,7041448071,경기도 성남시 수정구 수정로 339 동문 유치원동 3층 헬스장(신흥동),헬스,127.1486421,37.4539459
휴먼 근골격 운동센터 의정부PT민락점,7075761448,경기도 의정부시 오목로225번길 147 7층 703호(민락동),헬스,127.0957286,37.745316
휴먼디자인실내테니스장,,경기도 화성시 봉담읍 신양2길 163-1 가동,테니스,126.9293173,37.1461516
휴먼앤홀스랜드승마장,318689594,경기도 양주시 은현면 용암로 265번길 139-46 ,승마,127.0503737,37.876006
흥덕경희대LS태권도줄넘기,312157688,"경기도 용인시 기흥구 흥덕2로 115 504,505 경희대LS태권도(영덕동)",태권도,127.0738104,37.2778401
희망나래장애인복지관,314677300,경기도 의왕시 오전로 27 희망나래장애인복지관(고천동),농구,126.981112,37.3486341
희망체육관,3100000000,경기도 연천군 전곡읍 은전로 84-1 4층 2호,태권도,127.069008,38.0283566
히트앤핏상동,23251008,경기도 부천시 원미구 상동로 105 2층 히트앤핏(상동),복싱,126.7527977,37.5066959
6층당구클럽,,경기도 평택시 평택5로20번길 33 6층601호 6층당구클럽(합정동),당구,127.1134041,36.9895921
그린탁구장,28994562,경기도 광명시 하안로 293-10 정산빌딩 4층(하안동),탁구,126.879344,37.4616507
김효식탁구클럽,,경기도 용인시 처인구 금령로 163 3층 탁구클럽(마평동),탁구,127.2144133,37.2346726
뉴힐링라이프재활운동센터경기광주점,317987775,경기도 광주시 중앙로145번길 22 201호 뉴힐링라이프재활운동센터경기광주점(경안동),헬스,127.2544616,37.4129249
능곡합기도검무관,319741083,경기도 고양시 덕양구 지도로103번길 105 2층 능곡합기도검무관(토당동),합기도,126.8178974,37.6250984
동영태권도,281270993,경기도 성남시 중원구 순환로453번길 51 (은행동)은행빌딩 4층,태권도,127.1677328,37.4590977
레전드태권도,3180397371,"경기도 성남시 수정구 고등로 34 상가 228동 105호(고등동, 판교밸리 호반써밋)",태권도,127.0967366,37.4290999
리라핏 거모점,,경기도 시흥시 군자로504번길 1 1층 리라핏 거모점(거모동),헬스,126.7845506,37.3449531
마굿간 별가람탁구,25296614,경기도 남양주시 별내3로 287 현대아이파크상가지층(별내동),탁구,127.1184867,37.6633459
미스터샤크하나유도짐,318678889,경기도 양주시 옥정로 226 제일타워 706호 미스터샤크하나유도짐(옥정동),유도,127.0921278,37.8217516
본 유도 시흥 배곧,314888225,경기도 시흥시 배곧3로 96 306호(배곧동),유도,126.7300526,37.3698189
블랭크,313720301,"경기도 화성시 동탄대로 446 3층 3107,3108 블랭크(청계동)",종합체육시설,127.1000579,37.1933905
섬머솔트 아크로바틱 앤 마샬아츠,314668223,경기도 안양시 만안구 덕천로 95 2층 섬머솔트(안양동),기타종목,126.9341967,37.3895801
송정복합체육센터,313805854,경기도 군포시 송부로 93 군포도시공사 송정복합체육센터(도마교동),수영,126.9240771,37.3171951
아이런 아동발달센터,,경기도 용인시 기흥구 흥덕1로 30 4층 401호 일부(영덕동)(영덕동),종합체육시설,127.068818,37.2717576
아이세상발달센터,7042412754,경기도 고양시 일산서구 홀트로 66 동화프라자 2층 201호(탄현동),기타종목,126.771754,37.6948214
용인대성호태권도장,23181113,경기도 시흥시 월곶중앙로30번길 4 204(월곶동),태권도,126.7423889,37.3877041
용인대파랑태권도장,316661053,경기도 평택시 고덕로1길 18 브레인타워 5층(고덕동),태권도,127.0248571,37.035244
유니버스테니스,,"경기도 여주시 여양로 341-10 여주현진에버빌아파트 상가 B1 유니버스테니스(오학동, 여주현진아파트)",테니스,127.6438079,37.3132868
이천 용인대 승리태권도,26410502,경기도 이천시 장호원읍 장터로15번길 21 이천 용인대 승리태권도,태권도,127.6261453,37.1158808
초지청록태권도,314395005,경기도 안산시 단원구 초지로 90 406.407(초지동),태권도,126.8151021,37.3067553
클래식볼링장,314100925,"경기도 시흥시 목감남서로 9-15 3,4층 클래식앤락 볼링장(조남동)",볼링,126.8524148,37.37771
키스톤 아동 발달 연구소,,경기도 하남시 미사강변중앙로 210 5층 504호(망월동),기타종목,127.1895612,37.5652744
투혼 무에타이 킥복싱,24108821,경기도 안산시 상록구 예술광장로 1 709호(월피동),기타종목,126.8442343,37.3283714
평촌 메디핏,314256995,경기도 안양시 동안구 시민대로 311 205호 평촌메디핏(관양동),헬스,126.9646697,37.3960855
필라테스정원동두천지행점,318629322,경기도 동두천시 동두천로 119 5층(지행동),필라테스,127.0546205,37.8920677
한국 파워점핑 줄넘기 클럽,312232358,경기도 화성시 효행로 1072 상록프라자 501호(병점동),줄넘기,127.0442957,37.2149646
함께하GYM 운동발달센터,,"경기도 광명시 하안로288번길 10 신광빌딩 5층 501, 502호(하안동)",종합체육시설,126.8817913,37.4619804
화성반다비체육센터,3180590683,경기도 화성시 향남읍 향남로 489 화성반다비체육센터,수영,126.9209258,37.137792
비타민휘트니스,332526263,강원도 춘천시 금강로 68-12 m백화점5층비타민휘트니스(조양동),헬스,127.7278818,37.87878
태백볼링장,335520781,강원도 태백시 태백로 1451 태백볼링장(문곡동),볼링,129.0030715,37.1360167
영월군장애인체육협의회,333733434,강원도 영월군 영월읍 단종로 24 영월문화원,요가,128.4681885,37.1860192
인제합기도,334615806,강원도 인제군 인제읍 비봉로44번길 38 1층,합기도,128.1710478,38.0639921
계명태권스쿨,334555968,강원도 철원군 동송읍 금학로187번안길 15-17 1층,태권도,127.2181286,38.20481
영월군장애인체육협의회,23756556,강원도 영월군 영월읍 제방안길 100 영월볼링장,볼링,128.4618326,37.1757536
원주주니어농구교실협동조합,337618718,강원도 원주시 행구로 397-4 나동 농구장(행구동),농구,128.0007762,37.344035
스피드스포츠 아카데미,227127392,강원도 춘천시 신동면 김유정로 1686 스피드스포츠 아카데미,수영,127.7323713,37.8380655
제천남여헬스클럽,436431134,충청북도 제천시 의림대로18길 3 행운빌딩5층 제천남여헬스클럽(중앙로2가),헬스,128.2119761,37.1402134
제천유도관,436486007,충청북도 제천시 명륜로13길 12 1층 제천유도관(의림동),유도,128.2122095,37.1420072
주애플스포츠,438541919,"충청북도 충주시 삼원로 75 1층,2층(봉방동)",롤러인라인,127.9205882,36.9736036
커브스 산남클럽,22947330,충청북도 청주시 서원구 산남로 64 4층 커브스 산남클럽(산남동),헬스,127.4669906,36.6113841
제천합기도,436524194,충청북도 제천시 장락로 133 202호 제천합기도(장락동),합기도,128.2254894,37.1538446
라이프볼링장,438440909,충청북도 충주시 칠금15길 21 2층(칠금동),볼링,127.9227,36.986632
커브스 동남클럽,437161330,충청북도 청주시 상당구 중고개로141번길 13-16 4층(용암동),에어로빅,127.5163919,36.6157216
경희대성훈태권도2,432342389,충청북도 청주시 서원구 경신로 36 2층 경희대성훈태권도(개신동),태권도,127.4462085,36.6205475
다온태권도,432875056,충청북도 청주시 서원구 분평로 86 로또빌딩 4층(분평동),태권도,127.4949392,36.6081555
신사아카데미 합기도 주짓수 유도,432235336,충청북도 청주시 흥덕구 오송읍 오송생명5로 179 7층 701호 신사아카데미 합기도 주짓수 유도,합기도,127.3303078,36.6305425
국가대표MAS태권도장,432967771,충청북도 청주시 서원구 원흥로 12 201호(산남동),태권도,127.4718871,36.6074134
민턴매니아,,충청북도 청주시 서원구 남이면 양촌1길 21-8 제2동,배드민턴,127.4681918,36.5854508
쌍둥이 휘트니스,432764949,충청북도 청주시 흥덕구 1순환로 606 2층 쌍둥이휘트니스(봉명동),헬스,127.4596284,36.6395424
맘스핸즈 발달지원센터,432177572,충청북도 청주시 청원구 율봉로176번길 31 (율량동) 2층,기타종목,127.4884585,36.6673046
브라보퍼블릭 골프,432841116,충청북도 청주시 서원구 산남로70번길 34 신성미소시티블루1 지하1층(산남동),골프,127.4664318,36.6126746
채움협동조합,26454584,충청북도 제천시 의병대로45길 84 채움협동조합(흑석동),기타종목,128.2523552,37.1407723
점핑하이,,충청북도 청주시 상당구 호미로 53 303호(용암동),에어로빅,127.521989,36.616559
별하청학합기도,,충청북도 음성군 금왕읍 무극로276번길 15 3층 별하청학합기도,합기도,127.5927647,36.9914842
영동탁구교실,,충청북도 영동군 영동읍 영동시장3길 27 2층,탁구,127.7749058,36.1766623
영동볼링장,437450753,충청북도 영동군 영동읍 난계로 1190 영동볼링장,볼링,127.7737238,36.1731566
고릴라휘트니스,,충청북도 진천군 진천읍 문화로 76 2층 고릴라 휘트니스,헬스,127.4402022,36.8504245
선우태권도,,충청북도 청주시 흥덕구 직지대로669번길 52 3층 선우태권도(봉명동),태권도,127.4678933,36.6455425
합기도 양우관 총본관,437319020,충청북도 옥천군 옥천읍 문장로 93 2층,합기도,127.5765514,36.296901
음성군수영연맹음성군산업단지복합문화센터,438811111,충청북도 음성군 대소면 대화3길 13-14 음성군근로자종합복지관,수영,127.4960615,36.9656959
음성브래그볼링센터,438774177,충청북도 음성군 금왕읍 금일로20번길 6 브래그볼링센터,볼링,127.5794648,36.9920782
경희대국가대표태권도,432850551,충청북도 청주시 서원구 구룡산로 321 경희빌딩 3층 경희대 국가대표 태권도(수곡동),태권도,127.4801838,36.6186547
포올석사태권도,438480329,충청북도 충주시 연수로2길 2 3층 포올석사태권도(연수동),태권도,127.938265,36.9914721
람보헬스,438462445,충청북도 충주시 천변로 261 4층,헬스,127.9361384,36.9728192
창신태권도,432753321,충청북도 청주시 서원구 1순환로709번길 41 1층 창신태권도(사창동),태권도,127.4642339,36.6304979
진천국민체육센터,435393802,충청북도 진천군 진천읍 문화로 69-11 진천국민체육센터,수영,127.440775,36.8487903
진천중앙태권도장,25332333,충청북도 진천군 진천읍 문화4길 29 2층 중앙태권도장,태권도,127.4387697,36.8529569
봉정태권도,432759885,충청북도 청주시 흥덕구 과상미로9번길 102-2 2층(봉명동),태권도,127.4562331,36.6439331
THE해온태권도,,충청북도 청주시 상당구 호미로 3 중원타워201~203호(용암동),태권도,127.5163608,36.6135929
영광경희대석사태권도,432720333,충청북도 청주시 서원구 예체로 55 푸르지오캐슬 3단지상가 3층 304-306(사직동),태권도,127.4683866,36.6311611
의천관 강저도장,,충청북도 제천시 청풍호로10길 54 302호 의천관 강저도장(강제동),합기도,128.1981565,37.1215878
백곰유도클럽,283970919,충청북도 청주시 상당구 용정로 20 2층(용정동),유도,127.5158149,36.6290565
커브스서원사직클럽,432718230,충청북도 청주시 서원구 예체로 55 푸르지오3단지 상가2층 204호(사직동)(사직동),에어로빅,127.4683866,36.6311611
비타민휘트니스헬스클럽,432328602,충청북도 청주시 흥덕구 증안로 54 4층(복대동),헬스,127.4293967,36.6363338
퍼스트짐,,충청북도 제천시 숭의로 98 2층 퍼스트짐(화산동),종합체육시설,128.2159128,37.1292704
윈썸댄스아카데미,435357771,충청북도 진천군 덕산읍 시가로 39 청암빌딩3층 301호 윈썸댄스아카데미,댄스(줌바 등),127.535049,36.904441
Dream of JUDO영동유도관,437444574,충청북도 영동군 영동읍 계산로 35-1 2층 영동유도관,유도,127.7809518,36.1737131
우주태권도체육관,435343557,충청북도 진천군 진천읍 상산로 60 우주태권도,태권도,127.4407015,36.8543987
화랑헬스클럽,435335477,충청북도 진천군 진천읍 남산길 112 3층,헬스,127.4475431,36.8543975
성화태권도 성화지점,432333318,충청북도 청주시 서원구 장전로 81 파인타워5층 성화태권도(성화동),태권도,127.4572431,36.6176019
옥천헬스클럽,437338864,충청북도 옥천군 옥천읍 삼양로 85 세림빌딩3층 옥천헬스클럽,헬스,127.5689587,36.3038719
거북이운동언어심리센터,432215526,충청북도 청주시 상당구 중고개로 285 4층(금천동),기타종목,127.5079708,36.6280478
거북이운동언어심리센터,438485526,충청북도 충주시 동수2길 45 3층,기타종목,127.9390794,36.9862442
파워복싱체육관,432362336,충청북도 청주시 흥덕구 가로수로 1345 2층파워복싱채육관(복대동),복싱,127.4427401,36.6335302
월드키즈수영장,22942002,충청북도 청주시 서원구 남이면 가마길 49 월드키즈수영장,수영,127.4577057,36.5981363
정인태권도,,충청북도 청주시 흥덕구 백봉로223번길 15 3층 정인태권도(봉명동),태권도,127.4601966,36.6500387
직지태권도교육관,432334511,충청북도 청주시 흥덕구 가로수로1154번길 13 201호 직지태권도(비하동),태권도,127.4250932,36.6261266
한국격투기멀티짐KMGYM,432382122,충청북도 청주시 서원구 복대로 31 401호 한국격투기멀티짐(개신동),기타종목,127.445077,36.6199387
최강합기도장,438520220,충청북도 충주시 예성로 400 2층. 최강합기도장(연수동),합기도,127.9343033,36.9920956
HBT복싱클럽,432922212,충청북도 청주시 서원구 1순환로1063번길 77 3층 HBT복싱클럽(분평동),복싱,127.485567,36.6100215
다윈태권도,432233707,충청북도 청주시 상당구 꽃산동로 33 3층(금천동),태권도,127.5085707,36.6234602
최강태권도,435436644,충청북도 보은군 보은읍 삼산로 18 302호,태권도,127.7198483,36.48467
세하앤,436525472,충청북도 제천시 의병대로45길 58 세하앤(흑석동),기타종목,128.25155,37.139607
옥천향수검도관,437327986,충청북도 옥천군 옥천읍 가화길 21 3층,검도,127.5631478,36.3029402
참멋태권도3관,432189222,충청북도 청주시 청원구 오창읍 2산단3로 24 3층 참멋태권도,태권도,127.4538569,36.7366656
용인대조정선태권스쿨,438479812,충청북도 충주시 호암토성2로 3 5층 용인대조정선태권도(호암동),태권도,127.9344935,36.9557981
연세언어채움연구소,432528275,충청북도 청주시 서원구 산남로 76 701호 연세언어채움연구소(산남동),기타종목,127.4656896,36.611323
마샬아츠 도장,436462743,충청북도 제천시 관전로1길 46 장미상가2층 202호(신백동),태권도,128.2263686,37.1299496
용인대신화태권도,26458900,충청북도 제천시 장락로 146 2층 용인대신화태권도(장락동),태권도,128.2264499,37.1546962
음성 반다비국민체육센터,28721130,충청북도 음성군 음성읍 체육공원길 36 음성 반다비국민체육센터,수영,127.6813977,36.9245075
민턴매니아스포츠센터,,충청북도 청주시 서원구 남이면 양촌1길 21-8 민턴매니아스포츠센터,배드민턴,127.4681918,36.5854508
드림팀체육관,432775336,충청북도 청주시 서원구 창직로 33 동인프라자 3층 301호(사창동),합기도,127.4655851,36.631149
아이라이크헬스,435367008,충청북도 진천군 덕산읍 자안로 9 삼영프라자 401호,헬스,127.5345922,36.9041588
넝쿨클라이밍센터,438425956,충청북도 충주시 국원대로 126 지하1층 넝쿨클라이밍센터(연수동),클라이밍(암벽등반),127.9285487,36.9828091
요가로놀아보자,293439865,충청북도 제천시 독순로23길 9 요가스튜디오(교동),요가,128.2204513,37.1371995
에스짐 트레이닝,,충청북도 제천시 용두천로 272 3층 에스짐 트레이닝(장락동),헬스,128.2199666,37.1502596
고려연수체육관,438523500,충청북도 충주시 연수동산로 7 금영빌딩 4층 고려연수체육관(연수동),태권도,127.9417759,36.9832641
더자람 아동발달센터,28362125,충청북도 증평군 증평읍 북부두름길 48 리오프라자 4층 401호 더자람아동발달센터,롤러인라인,127.5869469,36.7895746
흑룡합기도,,충청북도 충주시 호암중앙1로 34 진도아파트상가2층(호암동),합기도,127.939188,36.95593
김영만복싱클럽,,충청북도 옥천군 옥천읍 중앙로9길 6 2층 김영만복싱클럽,복싱,127.5698965,36.3018189
최지영아동발달연구소,7082112011,충청북도 청주시 서원구 산남로 68 1층 112호 (센타프라자)(산남동),기타종목,127.4665266,36.6113566
팀코리아몬스터,436461436,충청북도 제천시 청풍호로10길 38 상가2층 팀코리아몬스터(강제동),합기도,128.1984324,37.1206849
153gym온천점,,충청북도 충주시 연수서편2길 25 충주온천3층153gym(연수동),헬스,127.9321791,36.9900184
호서대차돌체육관,432833030,충청북도 청주시 상당구 원봉로 65-1 2층(용암동),합기도,127.5074725,36.6149151
푸르미르익스트림태권도장,437435663,충청북도 영동군 영동읍 영산로 7 푸르미르익스트림태권도장,태권도,127.777159,36.1757372
용인대유성합기도태권도,,충청북도 충주시 연수로 4 2층(금릉동),합기도,127.9289799,36.9912869
키성장다이어트음악줄넘기,436478881,충청북도 제천시 청풍호로10길 54 드림플라자4층402호(강제동),기타종목,128.1981565,37.1215878
손태권도,438780258,충청북도 음성군 맹동면 장성1길 6 태상빌딩2층,태권도,127.5396901,36.9084499
오르간필라테스,,충청북도 청주시 흥덕구 덕암로108번길 69 2층 201호 오르간필라테스(봉명동),필라테스,127.458827,36.6502566
이승권 스포츠센터,,충청북도 제천시 의병대로36길 21 상가동 202호(신백동),롤러인라인,128.2281523,37.1303168
비호체육관,438331293,충청북도 괴산군 괴산읍 읍내로4길 31 용인대비호태권도,태권도,127.7900858,36.8078904
경희대국가대표태권도장,,충청북도 충주시 중앙탑면 원앙9길 18-2 402호 경희대 국가대표태권도장,태권도,127.8256311,37.016852
이영종골프아카데미,432399898,충청북도 청주시 서원구 신화로 42 3층 이영종골프아카데미(성화동),골프,127.4554321,36.6185685
1on1뉴힐링라이프 재활운동센터 청주점,437162108,충청북도 청주시 청원구 충청대로 137 4층 402호(율량동),기타종목,127.4942232,36.668725
태성태권도,,충청북도 청주시 청원구 오창읍 2산단3로 16 4층 태성태권도,태권도,127.4546457,36.7362604
주신 검도관,432222346,충청북도 청주시 청원구 주성로 285 3층 주신검도관(주성동),검도,127.4977326,36.6704015
론픽 청주,432933455,"충청북도 청주시 상당구 중고개로141번길 13-2 3층 305,306호 론픽 청주(용암동)",헬스,127.5165158,36.6167541
청명태권도장,432735336,충청북도 청주시 흥덕구 1순환로584번길 59 2층(봉명동),태권도,127.4577004,36.6413908
강호합기도,438339476,충청북도 괴산군 괴산읍 읍내로18길 18-2 2층 강호합기도,합기도,127.7940642,36.8121885
골든보이복싱gym,432840204,충청북도 청주시 상당구 산성로104번길 21 5층 골든보이복싱짐(용담동),복싱,127.5058031,36.6316741
경희대박사엘리트태권도장,432674004,충청북도 청주시 흥덕구 덕암로108번길 51 2층(봉명동),태권도,127.45992,36.6502754
바른합기도키즈스쿨,432144548,충청북도 청주시 청원구 율봉로 197 2층(율량동),합기도,127.4909285,36.6688257
용인대삼성태권도장,438771780,충청북도 음성군 삼성면 덕정로 38 2층,태권도,127.496461,37.01878
징검다리언어심리센터,438522225,충청북도 충주시 중앙탑면 원앙9길 18-2 2층 202호,기타종목,127.8256311,37.016852
153피티,,충청북도 충주시 성터10길 35 2층(문화동),헬스,127.9219093,36.9723689
징검다리언어심리센터,438482224,충청북도 충주시 칠금중앙6길 6 (칠금동),기타종목,127.9214121,36.9815194
동명체육관,432953006,충청북도 청주시 서원구 분평로 30 애드피아 503호(분평동),태권도,127.4885343,36.6083333
핀스트라이크 혁신,438828885,충청북도 음성군 맹동면 태정1길 18 핀스트라이크 혁신,볼링,127.5495552,36.9063358
엘리트스포츠,432249911,충청북도 청주시 상당구 원봉로 95 5층(용암동),헬스,127.5056708,36.6171327
차돌체육관,432833422,충청북도 청주시 서원구 수곡로 74 청주시 서원구 수곡동 한마음1차아파트 상가2층 차돌체육관(수곡동),합기도,127.4720694,36.6184868
최강한양대체육관,438731866,충청북도 음성군 음성읍 시장로 43 2층 최강한양대체육관,합기도,127.6945192,36.9317206
옥천 복싱,7088152243,충청북도 옥천군 옥천읍 중앙로9길 6 2층 옥천복싱,복싱,127.5698965,36.3018189
드림팀합기도,432645336,충청북도 청주시 서원구 경신로 31-1 4층 드림팀합기도(개신동),합기도,127.445374,36.6206327
abc볼링장,432870033,충청북도 청주시 서원구 매봉로76번길 43 abc볼링센터(수곡동),볼링,127.4809344,36.6172648
NAC한국에어로빅,432220776,충청북도 청주시 상당구 월평로 224 2012 4층(용암동),에어로빅,127.5079434,36.6076864
개신태권도,432329777,충청북도 청주시 서원구 복대로 34 3층(개신동),태권도,127.445559,36.6202927
최강용인대태권도장,438777941,충청북도 음성군 금왕읍 무극로278번길 5 2층 최강용인대태권도장,태권도,127.5930482,36.9923697
흑추관합기도 사천도장,432120122,충청북도 청주시 청원구 공항로141번길 58 4층 흑추관합기도 사천도장(율량동),합기도,127.4814069,36.6685967
고려대한국태권도장,438721320,충청북도 음성군 음성읍 시장로 78 신장호상가 3층,태권도,127.693522,36.9345663
옥천태권도장,,충청북도 옥천군 옥천읍 성신로 51-1 옥천태권도장,태권도,127.57007,36.2971491
비오스요가필라테스,432341500,충청북도 청주시 흥덕구 서현동로 4 4층 402(가경동),필라테스,127.4306876,36.6226918
마렌지오스포츠센타,436448288,충청북도 제천시 의림대로 318 마렌지오 스포츠센터(청전동),헬스,128.2130693,37.1556696
리턴필라테스,,충청북도 청주시 서원구 경신로 40 에덴빌딩 4층 402호(개신동),필라테스,127.4465245,36.6206678
라온태권도,432111537,충청북도 청주시 청원구 오창읍 2산단3로 16 4층,태권도,127.4546457,36.7362604
에이핏,432377933,충청북도 청주시 서원구 장전로 10 3층(성화동),헬스,127.4494672,36.6172135
한양대태권도,432981179,충청북도 청주시 상당구 수영로 303 402호(용담동),태권도,127.506514,36.6314816
봄비,,충청북도 청주시 흥덕구 풍산로 125 지하 1층(복대동),기타종목,127.443877,36.6293288
천하체육관,437332116,충청북도 옥천군 옥천읍 중앙로 79 천하체육관,기타종목,127.570733,36.3040611
팀버팔로가경,,충청북도 청주시 흥덕구 서현북로 8 2층 팀버팔로(가경동),복싱,127.4260185,36.6179789
크로스스포츠아카데미,432154799,충북 청주시 청원구 사천동 203-1 크로스스포츠아카데미,축구(풋살),127.4714752,36.6655137
요가리움아카데미,438478773,충청북도 충주시 호암수청1길 5 호암빌딩 5층 504호(호암동),요가,127.9226325,36.9561029
청주대석사월드태권도,4329604006,충청북도 청주시 서원구 1순환로1107번길 95 분평프라자 3층 302호(분평동),태권도,127.4894982,36.6107158
옥천반다비체육센터,437307905,충청북도 옥천군 옥천읍 삼양로 47-4 옥천반다비체육센터,종합체육시설,127.5676299,36.3066637
손태권도,28780258,충청북도 음성군 맹동면 장성1길 6 태상빌딩2층 손태권도,태권도,127.5396901,36.9084499
명지태권도스쿨,436460456,충청북도 제천시 의림대로33길 70 (청전동),태권도,128.2081973,37.1470563
퍼니랜드,7086216071,충청북도 제천시 고암로4길 14 2층 (청전동),기타종목,128.217061,37.1551692
신탁구교실,240009718,충청북도 제천시 의병대로36길 21 상가동 3층 302호(신백동),탁구,128.2281523,37.1303168
티피컬짐 분평점,432873757,충청북도 청주시 서원구 원마루로 24 학원타워4층(분평동),헬스,127.495434,36.6104017
예올택견전수관,,충청북도 청주시 청원구 내수읍 마산1길 114 2층,기타종목,127.5369507,36.7263594
예올택견전수관,432184566,충청북도 청주시 청원구 내수읍 마산1길 114 2층  예올택견전수관,기타종목,127.5369507,36.7263594
옥천 복싱,288152243,충청북도 옥천군 옥천읍 중앙로9길 6 세탁소 2층 옥천복싱,복싱,127.5698965,36.3018189
큐이디QED골프아카데미,432930753,충청북도 청주시 상당구 중고개로141번길 13-16 새늘디아망306호 큐이디골프아카데미(용암동),골프,127.5163919,36.6157216
주용인대월드태권도1관,436513235,충청북도 제천시 용두대로11길 22-4 늘해찬상가 2층 용인대월드태권도(하소동),태권도,128.1976176,37.1371448
고려대강호체육관 총본관,432940081,충청북도 청주시 상당구 용암북로180번길 6-2 2층(용암동),합기도,127.5160604,36.6237171
행복한동행 운천태권도,432654514,충청북도 청주시 흥덕구 사운로 258 2층(운천동),태권도,127.4740822,36.6508835
153피트니스 신연수점,,"충청북도 충주시 계명대로 244 3,4층 153GYM(연수동)",헬스,127.9417157,36.9822713
티엠짐,435331509,충청북도 진천군 진천읍 중앙북1길 3 진천터미널2층 티엠짐,헬스,127.4389841,36.8595547
아동건강관리센터2관,432841200,충청북도 청주시 상당구 수영로 299 3층(용담동),줄넘기,127.5062905,36.6312076
유바디랩필라테스,,충청북도 청주시 청원구 주성로279번길 14 2층 유바디랩필라테스(주성동),필라테스,127.4975518,36.6709855
충청북도곰두리체육관,432160031,충청북도 청주시 청원구 토성로 21 충청북도곰두리체육관(사천동),수영,127.4648822,36.6693164
고려대강호체육관,438385557,충청북도 증평군 증평읍 장동길 20 고려대강호체육관,합기도,127.587907,36.7851093
럭키당구장,437326616,충청북도 옥천군 옥천읍 삼금로 45 2층,당구,127.568213,36.3023922
고운필라테스,,충청북도 영동군 영동읍 계산로 25 2층 201호,필라테스,127.780089,36.1741567
태권도우주체육관,435363557,충청북도 진천군 덕산읍 몽촌2길 6 우주태권도장,태권도,127.5088123,36.9075374
에스엠필라테스,,충청북도 청주시 흥덕구 대신로74번길 10 503호(복대동),필라테스,127.4361993,36.639504
티엠짐,435331508,충청북도 진천군 덕산읍 대하로 147 5층 티엠짐2,헬스,127.5350931,36.9038151
비와이짐,432768853,충청북도 청주시 상당구 산성로98번길 8 비와이짐(금천동),기타종목,127.5038859,36.6314471
스카이볼링장,435367070,충청북도 진천군 진천읍 상산로 73 3층 4층,볼링,127.4423271,36.8547342
원one인라인스쿨,7077832441,"충청북도 충주시 금봉대로 397 상가지하동(안림동, 안림엘지아파트)",롤러인라인,127.9453429,36.9703457
태경태권도,432931313,충청북도 청주시 상당구 무농정로 99 삼일상가301(용암동),태권도,127.5118089,36.6106412
아카데미스포츠,437451400,충청북도 영동군 영동읍 계산로 44 (2층)아카데미스포츠,헬스,127.78151,36.1729769
스카이탁구클럽,432867330,충청북도 청주시 상당구 산성로98번길 32 5층 스카이탁구클럽(금천동),탁구,127.5050512,36.63094
탑피트니스,434034017,충청북도 청주시 상당구 용암북로138번길 35 5층6층(용암동),헬스,127.5142666,36.6200556
예성탁구클럽,438424023,충청북도 충주시 형설로 98 (용산동) 5층 예성탁구클럽,탁구,127.9398009,36.9627198
청주대석사 월드태권도,432964006,충청북도 청주시 서원구 1순환로1107번길 95 분평프라자 3층 302호 청주대석사 월드태권도(분평동),태권도,127.4894982,36.6107158
영웅체육관,428464624,충청북도 충주시 호암대로 128 영웅합기도장  1층(호암동),합기도,127.9394774,36.9575073
포레스트아동발달센터,222379357,충청북도 충주시 탄금대로 139 엘지베스트신탄금점(봉방동)(봉방동),기타종목,127.9149674,36.9796929
콩이네,,충청북도 청주시 상당구 무심동로336번길 121 3층(남문로2가),기타종목,127.4897223,36.6317484
아이사랑 일무관 합기도,438549719,충청북도 충주시 남산로 103 대동빌딩 4층(용산동),합기도,127.943746,36.9619785
용인대해천GYM,28472069,충청북도 충주시 형설로 149 근린상가 3층(성남동),기타종목,127.9383515,36.9672569
홍익요가연구원,438432320,충청북도 충주시 계명대로 115 홍익요가연구원(교현동),요가,127.9272336,36.9825337
체로키승마스쿨,,충청북도 음성군 음성읍 사정길 286 1,승마,127.6516854,36.9667638
꿈나무태권도,22910828,충청북도 청주시 청원구 율량로 58 이레빌딩 5층(주중동),태권도,127.4924054,36.6730556
천천히 자라는 나무 사회적협동조합,436521577,충청북도 제천시 숭의로 47-16 (화산동),요가,128.2110151,37.1318576
산성태권도,432865588,"충청북도 청주시 상당구 호미로 317 상가동 3층 산성태권도(용담동, 가좌마을 부영그린타운1차)",태권도,127.5083323,36.6343249
티나댄스팩토리,7088740005,충청북도 충주시 번영대로 77 운달빌딩 5층 티나댄스팩토리(금릉동),댄스(줌바 등),127.9261435,36.9875724
월드체육관,28452421,충청북도 충주시 봉현로 184 충청북도 충주시 봉현로 184(교현동),태권도,127.9246413,36.9790143
승리헬스스포츠센터,437318583,충청북도 옥천군 옥천읍 금장로 25 3층,헬스,127.5672742,36.30212
청학합기도,436444790,충청북도 제천시 탑안로4길 7 상가12동204호 청학체육관(신백동),합기도,128.2261694,37.1354329
THE해온태권도,,"충청북도 청주시 상당구 무농정로 103 상가동 302호(용암동, 용암동 삼일 무지개 아파트)",태권도,127.5123729,36.6116131
정무태권도체육관,432345354,충청북도 청주시 흥덕구 2순환로1050번길 13-1 3층 정무태권도(비하동),태권도,127.421474,36.640819
미르나래태권도장,,충청북도 충주시 계명대로 251 금봉4길 7-1 2층,태권도,127.9424998,36.9828242
SKK스포츠센터,432153558,충청북도 청주시 서원구 남이면 가마길 49 2층,축구(풋살),127.4577057,36.5981363
씨엘번지피지오 앤 필라테스,,충청북도 청주시 상당구 용암북로120번길 31-1 2층(용암동),필라테스,127.5123816,36.6194403
경희대웅비태권도,432224747,충청북도 청주시 상당구 교서로 60 1층,태권도,127.4859487,36.6420392
용인대 케이탑 태권도,432666565,충청북도 청주시 서원구 창직로 60 롯데캐슬4단지 상가 지하1층(사직동),태권도,127.4682844,36.6305669
충주시시설관리공단 장애인형국민체육센터,28707856,충청북도 충주시 모시래길 105 장애인형국민체육센터(호암동),수영,127.9114263,36.9591457
리유필라테스,432872526,충청북도 청주시 상당구 중고개로125번길 7 3층 리유필라테스(용암동),필라테스,127.5182944,36.6160445
옥천헬스클럽,437338864,충청북도 옥천군 옥천읍 삼양로 85 세림빌딩3층 옥천헬스클럽,헬스,127.5689587,36.3038719
충인태권도,22745860,충청북도 청주시 서원구 사운로 152 2층 충인태권도(사직동),태권도,127.4795294,36.6425271
고려금빛태권도장,438730537,충청북도 음성군 음성읍 시장로 61 태영상가2층 201호(태영아파트),태권도,127.693841,36.9332278
스트리츠댄스학원,432661943,"충청북도 청주시 서원구 사직대로 85 2층, 3층 스트리츠댄스학원(사창동)",댄스(줌바 등),127.4569014,36.6349875
청춘난타장구,432347366,"충청북도 청주시 흥덕구 가경로 134 (가경동, 세원3차가경골아파트)아파트상가 지하 1호",댄스(줌바 등),127.4393155,36.6275615
보니따필라테스 용암점,,충청북도 청주시 상당구 원봉로 25 보니따필라테스 용암점,필라테스,127.5109638,36.6125307
한결 해동검도 특공무술,438554690,충청북도 충주시 중앙탑면 원앙4길 23 4층,기타종목,127.8280131,37.017648
튼튼태권도 아카데미,438527181,충청북도 충주시 금릉로 48 상가동 303호 튼튼태권도 아카데미(칠금동),태권도,127.9213073,36.9845365
맥스스포츠,,충청북도 청주시 청원구 상리로 22 맥스배드민턴전용구장(율량동),배드민턴,127.5131562,36.6642227
차돌합기도,432141222,충청북도 청주시 청원구 내수읍 청암로 73 갤러리타워 2층,합기도,127.5378768,36.7247316
합기도 검무관,432583873,충청북도 청주시 청원구 향군로 127 1층 합기도 교육원(내덕동),합기도,127.4801352,36.6555634
증평국민체육센터,438389470,충청북도 증평군 증평읍 인삼로 23-1 증평국민체육센터,수영,127.5724385,36.7877557
대한합기도맹호도장,432862860,충청북도 청주시 서원구 청남로2109번길 4 검은독수리맹호합기도 3층(모충동),합기도,127.487234,36.6206083
청주유나이티드풋살센터축구교실,,충청북도 청주시 서원구 용평로93번길 85 청주유나이티드 풋살센터(분평동),축구(풋살),127.4851646,36.6030309
필굿짐,28770008,충청북도 음성군 맹동면 대하4길 14 스타타워 301 필굿짐헬스장,헬스,127.5442377,36.9088652
아이바디움직임센터,,충청북도 청주시 상당구 2순환로2031번길 6-2 동경웰타워 5층 502호(방서동),기타종목,127.5030944,36.5974433
천무관하랑도장,437315511,충청북도 옥천군 옥천읍 문장로 82 (3층) 천무관하랑도장,합기도,127.5758397,36.2981154
대성태권도,22138655,충청북도 청주시 청원구 율중로79번길 22 2층 대성태권도(율량동),태권도,127.5098534,36.6601058
산남탁구장,,충청북도 청주시 서원구 두꺼비로 34 3층(산남동),탁구,127.4668414,36.6089584
대소한마음탁구클럽,438781929,충청북도 음성군 대소면 대물2길 40 대소한마음탁구클럽,탁구,127.4706005,36.9759104
금화당구클럽,,충청북도 영동군 영동읍 계산로1길 11 2층 금화당구클럽,당구,127.7777392,36.1741274
주용인대월드태권도2관,436513235,충청북도 제천시 죽하로 5 용인대월드태권도2관(장락동),태권도,128.2225157,37.1522783
한아름헬스클럽,438486322,충청북도 충주시 금릉로 107 세원한아름아파트상가한아름헬스클럽(연수동),헬스,127.9280283,36.9846072
일무관합기도,437430196,충청북도 영동군 영동읍 영산로 20 상가2층 일무관합기도,합기도,127.7766834,36.1767983
한벌태권도,432688808,충청북도 청주시 흥덕구 봉명로 239 2층 한벌태권도(봉명동),태권도,127.468196,36.6399556
가경검도관,,충청북도 청주시 흥덕구 풍년로 89 2층  가경검도관(가경동),검도,127.4364868,36.6209875
서원검도관,432760932,충청북도 청주시 서원구 창직로 33 롯데동인프라자 4층 서원검도관(사창동),검도,127.4655851,36.631149
주식회사 점핑스타,438778182,충청북도 음성군 맹동면 대하4길 6-5 센트럴타워 6층 601호,기타종목,127.5435571,36.9088388
케이제이 KJ복싱다이어트클럽,432333774,"충청북도 청주시 흥덕구 서부로 1307 602 (가경동, 미젼빌딩)(가경동)",복싱,127.4438481,36.6161937
하늘아래체육센터,275559199,충북 제천시 신죽하로143 2동 1층,기타종목,128.2154729,37.1603581
일오삼 피티 스튜디오,,충청북도 충주시 형설로 98 무릉빌딩5층 좌측호 (일오삼 피티 스튜디오)(용산동),헬스,127.9398009,36.9627198
일오삼GYM앤필라테스,,충청북도 충주시 계명대로 29 4층(칠금동),헬스,127.917742,36.9826402
일오삼복싱짐,,충청북도 충주시 계명대로 33-1 2층 153복싱짐(칠금동),복싱,127.9181826,36.9826335
청주대학교 우리태권도,432950854,충청북도 청주시 서원구 1순환로1107번길 95 302호 청주대학교 우리태권도(분평동),태권도,127.4894982,36.6107158
커브스용암1클럽,432862030,충청북도 청주시 상당구 월평로184번길 111 커브스3층(용암동),헬스,127.5039362,36.6083009
실내스크린골프장,437420720,충청북도 영동군 영동읍 동정로 80-7 GNC골프,골프,127.7897759,36.1728402
애플탁구장,28530753,충청북도 충주시 국원대로 192 명동빌딩 2층(연수동),탁구,127.9286604,36.9886268
용암검도관,432857722,충북 청주시 상당구 용암북로 120번길 31-1 리베로빌딩 5층,검도,127.5123816,36.6194403
성호검도관,432942400,충청북도 청주시 상당구 월평로 224 성호검도관(용암동),검도,127.5079434,36.6076864
케이원스포츠센타,438833369,충청북도 음성군 금왕읍 대금로 1434-5 케이원스포츠센타,헬스,127.5921227,36.9868718
건영태권도,432947586,충청북도 청주시 상당구 월평로 161 상가 201호(건영태권도장)(용암동),태권도,127.5029298,36.6115184
경희대영광태권도,437152227,충청북도 청주시 서원구 쌍샘로 41 3층 경희대영광태권도(모충동),태권도,127.4792253,36.6265067
혁신탁구장,,충청북도 음성군 맹동면 대하2길 13 4층 403호,탁구,127.542806,36.9069322
한빛 태권도,435326300,충청북도 진천군 덕산읍 시가로 14 성하빌딩 2층,태권도,127.5336674,36.9024439
한국체대 가온태권도,,"충청북도 청주시 상당구 용담로 50 상가 2층 201호 한국체대 가온태권도(탑동, 센트럴 힐데스하임)",태권도,127.4961076,36.6297637
옥천향수검도관,437327986,충청북도 옥천군 옥천읍 가화길 21 3층,검도,127.5631478,36.3029402
흑룡합기도 서충주,,충청북도 충주시 중앙탑면 원앙4길 35 해오름빌딩 5층 흑룡합기도,합기도,127.8288764,37.0171036
아이스포츠사회적협동조합,,충청북도 제천시 신죽하로 8 3층(고암동),축구(풋살),128.2302127,37.1584609
도담발달지원센터,,충청북도 청주시 흥덕구 덕암로35번길 71 1층 도담발달지원센터(봉명동),기타종목,127.4579533,36.6563223
웰케어특수발달재활센터 충주점,438562355,"충청북도 충주시 연원로 39 성호빌딩 2, 3층(연수동)",태권도,127.9322123,36.9879359
운동과학연구센터청주,432147173,충북 청주시 청원구 율봉로 176번길 19 영광빌딩 3층(율량동),기타종목,127.4885272,36.66775
남석검도관,432222233,충청북도 청주시 청원구 상당로 248 2층(우암동),검도,127.4892079,36.6505783
옥동태권도,435337373,충청북도 진천군 덕산읍 대하로 87-1 2층 옥동태권도,태권도,127.5309753,36.9024188
강일체육관,,충청북도 충주시 호암토성2로 3 선우프라자605호(호암동),복싱,127.9344935,36.9557981
향수GYM,437316888,충청북도 옥천군 옥천읍 삼양로 81-1 3층,헬스,127.5687398,36.3039777
아동건강관리센터,432572118,"충청북도 청주시 상당구 영운천로91번길 57 상가3층(금천동, 삼일아파트)",합기도,127.5051492,36.6214122
원탑스포츠아카데미,,충청북도 청주시 흥덕구 대농로 68 MJ트윈스(복대동) 5층 502호 아이스하키 인라인,롤러인라인,127.4297701,36.6415591
우성태권도,432834514,충청북도 청주시 서원구 청남로1995번길 6 2층(분평동),태권도,127.4839473,36.6107872
아트스테이무용원,432338848,충청북도 청주시 서원구 신화로 38 402호(성화동),무용(발레 등),127.4555953,36.6181115
라온플로우요가,432636316,충청북도 청주시 흥덕구 사운로 265 2층 플로우요가(운천동),요가,127.4731999,36.6512839
현대검도관,,충청북도 청주시 상당구 수영로 299 선우빌딩 4층 현대검도관(용담동),검도,127.5062905,36.6312076
아쿠아펠리스수영장,437158272,충청북도 청주시 서원구 예체로 23 (개신동)지하1층 아쿠아펠리스수영장,수영,127.4683723,36.6282009
커브스주중클럽,432147333,충청북도 청주시 청원구 충청대로 169 3층 301호(커브스)(주중동),헬스,127.495671,36.6713491
가이아댄스학원,432640202,충청북도 청주시 청원구 충청대로 175 헤리슨메디컬타워 7층 가이아댄스학원(주중동),댄스(줌바 등),127.4957512,36.6718285
경희대영광태권도,437152227,충청북도 청주시 서원구 쌍샘로 41 3층 경희대영광태권도(모충동),태권도,127.4792253,36.6265067
고려강호체육관,432520155,충청북도 청주시 청원구 상당로 219-1 3층(우암동),태권도,127.4890325,36.6479095
탁구매니아,432684158,충청북도 청주시 청원구 율량로190번길 15 이삼빌딩4층(율량동),탁구,127.4979392,36.6656178
경희라온태권도,27335482,충청북도 옥천군 옥천읍 중앙로1길 25-16 경희라온태권도,태권도,127.5674317,36.2961869
머슬휘트니스,,충청북도 청주시 서원구 모충로25번길 23 2층 머슬휘트니스(개신동),헬스,127.4662031,36.6260948
점프쑥쑥음악줄넘기댄스,438421022,충청북도 충주시 호암대로 29 세경상가C동 2층 201호(호암동),줄넘기,127.9288118,36.9581717
백두산헬스,432330330,충청북도 청주시 흥덕구 풍산로 101 (복대동),헬스,127.4411793,36.6293041
함께웃는가족지원센터,432881918,"충청북도 청주시 상당구 용암북로120번길 21-1 초록빌딩 5층,6층(용암동)",기타종목,127.5120902,36.6197565
경희대세계로태권스쿨,432771199,충청북도 청주시 흥덕구 월명로 126 푸른아파트상가A동2층(봉명동),태권도,127.4540976,36.6459546
참교육타이거태권도,,충청남도 아산시 용화로9번길 4-28 2층(용화동),태권도,127.0085419,36.7727459
더우아필라테스,,충청남도 계룡시 엄사면 엄사중앙로 94 계룡프라자 7층(702호) 더우아필라테스,필라테스,127.2422712,36.2889182
필라킹운동스튜디오,,충청남도 당진시 수청5길 12-14 진영빌딩 4층 401호 필라킹운동스튜디오,필라테스,126.6472143,36.8982282
여선영아동청소년발달센터,417357553,충청남도 논산시 계백로 1038 여선영아동청소년발달센터(취암동),기타종목,127.0914509,36.2051511
글로우스포츠,414274278,충청남도 아산시 탕정면 선문로254번길 78-28 글로우스포츠,농구,127.0923361,36.8037154
금강볼링센터,4195600477,충청남도 서천군 장항읍 성화로 138 금강볼링장,볼링,126.6984743,36.0157635
나사볼링센터공주점,418530929,충청남도 공주시 신금1길 83 5층 나사볼링센터(금흥동),볼링,127.1491459,36.4764486
해솔태권도,417330053,충청남도 논산시 대화로119번길 16 1층 해솔태권도(대교동),태권도,127.0884566,36.211715
세계태권도장,428416165,충청남도 계룡시 엄사면 번영10길 33-7 세계태권도장,태권도,127.2370163,36.2857533
솔로몬 태권도장,416720061,충청남도 태안군 태안읍 백화로 72 1층,태권도,126.2986301,36.7579553
엠제이 뉴스포츠 성균관체육교습소,416731224,충청남도 태안군 태안읍 동문3길 17 2층,기타종목,126.3041649,36.748548
솔로몬체육관,415710558,충청남도 천안시 서북구 성정12길 17 3층(성정동),태권도,127.1400676,36.8146214
짐포유,415568296,충청남도 천안시 서북구 두정로 145 한샘빌딩2층 짐포유(두정동),헬스,127.132954,36.8340237
엠M 원포인트 스크린골프,419315354,충청남도 보령시 주공로 21 4층 M원포인트 스크린골프(동대동),골프,126.6031876,36.3445221
송은진 탁구장,,충청남도 계룡시 엄사면 계룡대로 524 2층2호,탁구,127.2444348,36.2900412
st복싱클럽신불당,,충청남도 천안시 서북구 불당25로 192 2층 st복싱클럽(불당동),복싱,127.1089566,36.8182903
스타점핑,417510205,충청남도 금산군 금산읍 비단로 309 203호 스타점핑,기타종목,127.4888865,36.109772
금성복싱클럽,418587989,충청남도 공주시 공주대학로 85 3층 금성복싱클럽(신관동),복싱,127.1374968,36.4726014
수암골프클럽,,충청남도 예산군 덕산면 시량부흥길 75-16 1층,골프,126.658026,36.682222
공주숲클라이밍짐,,충청남도 공주시 한적2길 29 산들빌딩 3층 (노브랜드마트)(신관동),클라이밍(암벽등반),127.1400156,36.4769368
한성유도체육관,,충청남도 아산시 중앙로 18 (온천동),유도,127.0027811,36.7765926
특사합기도,415831231,충청남도 천안시 서북구 직산읍 자은가리1길 68 (우성아파트)4층 특사합기도,합기도,127.1269153,36.8706596
박용선 장구난타,,충청남도 아산시 송악면 송악로714번길 23 박용선장구난타,기타종목,127.0041433,36.7239025
용인대꿈나무태권도장,416698357,충청남도 서산시 부춘1로 44 화랑빌딩2층(읍내동),태권도,126.4456318,36.785539
피티연구소필라테스,,충청남도 아산시 신창면 남성길 116-11 2층 피티연구소필라테스,필라테스,126.9550339,36.7901783
이태구태권도장,416699066,"충청남도 서산시 고운로 275-14 상가 3층(동문동, 동문동 코아루아파트)",태권도,126.465157,36.7863079
엑스존볼링장,416643636,충청남도 서산시 안견로 242 2층(동문동),볼링,126.4564432,36.7785766
에핏,,충청남도 천안시 동남구 충절로 291 2층 에핏(구성동),헬스,127.1611371,36.7932685
용인대금강태권도장,417332498,충청남도 논산시 체육로 33 용인대금강태권도장(내동),태권도,127.0994428,36.1894305
발달놀이터온온,,충청남도 논산시 시민로 243 지하1층(내동),기타종목,127.095909,36.1884834
금산 승리유도체육관 점핑하이,,충청남도 금산군 금산읍 금산로 1526 금산 승리유도체육관 점핑하이 5층,유도,127.4911934,36.1094761
용인대부영태권도,415551006,충청남도 천안시 동남구 목천읍 삼성5길 62 아이조음프라자301호,태권도,127.1792385,36.7606615
참좋은 모산합기도교육관,415347771,충청남도 아산시 배방읍 배방로 58-36 덕수빌딩 2층 참좋은 모산합기도교육관,합기도,127.0508312,36.771626
당구아카데미,416341457,충청남도 홍성군 홍성읍 의사로 66 당구아카데미 2층,기타종목,126.6717157,36.6032805
에이스포츠스토리,415480020,충청남도 아산시 신창면 환경공원로 229-5 1층 에이스포츠스토리,배드민턴,126.9689975,36.8023475
용인대불당유도관,415616565,충청남도 천안시 서북구 불당34길 21 5층 용인대불당유도관(불당동),유도,127.1060164,36.8069085
봉서힐링탁구장,,"충청남도 천안시 서북구 쌍용11길 47 지하층B01,B02호(쌍용동)(쌍용동)",탁구,127.1240967,36.8021597
초콜렛피티,,충청남도 보령시 큰오랏1길 8 상일빌딩4층 초콜릿피티 (다이소 보령점)건물(동대동),헬스,126.6050357,36.3485436
느루피트니스,415569187,충청남도 천안시 서북구 1공단4길 29 팰리스타워 1동 301호(두정동),헬스,127.1485157,36.8317823
PT연구소필라테스,,충청남도 아산시 신창면 남성길 116-11 2층 전체,필라테스,126.9550339,36.7901783
에이디기구필라테스피티팜,417355786,충청남도 논산시 중앙로 464 논산타워 8층(반월동),필라테스,127.085332,36.2046911
에스휘트니스센터,428419012,충청남도 계룡시 장안로 59-3 천마빌딩7층 에스휘트니스센터(금암동),헬스,127.2505477,36.2724838
웅진태권도,418528836,충청남도 공주시 웅진로 146 3층(중동),태권도,127.1244674,36.4533034
더테니스존천안점,,충청남도 천안시 동남구 신촌1길 26-7 더테니스존 천안점 2층 전체(신방동),테니스,127.1189526,36.7870579
에스원태권도장,415338403,"충청남도 아산시 남부로 353 상가 지하 102호(풍기동, 동일하이빌아파트)",태권도,127.020905,36.7740132
에스원 엘리트 체육관,23349211,충청남도 예산군 예산읍 벚꽃로 175-19 2층 에스원 엘리트 체육관,태권도,126.8348055,36.6961661
공주국민체육센터,418500780,충청남도 공주시 공주대학로 56 국립공주대학교 공주국민체육센터(신관동),수영,127.141,36.4702096
스윔스타즈,,충청남도 당진시 당진중앙2로 226-12 지하 1층 스윔스타즈 어린이수영장(읍내동),수영,126.6359577,36.8967422
경희대MVP태권도체육관,413558778,충청남도 당진시 계성2길 68 2층  201호(읍내동),태권도,126.6319107,36.8984251
보령태권도체육관,419333220,충청남도 보령시 명천중앙길 14 2층 보령태권도(명천동),태권도,126.6016567,36.3439438
용인대송무태권도,415319395,"충청남도 아산시 둔포면 아산밸리중앙로 82 6층 601, 602호",태권도,127.0572381,36.9232551
스윙아동청소년발달센터,417541288,충청남도 금산군 금산읍 남사직로 43 102호 스윙아동청소년발달센터,기타종목,127.4787326,36.1053428
금산검도관,27540311,충청남도 금산군 금산읍 비단로 332 상가2층(금산 한진타운 아파트),검도,127.4869728,36.1113434
건양볼링장,417424237,충청남도 논산시 대학로 24 지하1층(내동),볼링,127.1010036,36.1773598
사계절푸른솔태권도,415513666,"충청남도 아산시 문화로 257-10 4층 사계절푸른솔태권도(권곡동, 권곡한성하우시스)",태권도,127.015601,36.7902933
원당구클럽,416746123,충청남도 태안군 태안읍 중앙로 147 4층,당구,126.3044019,36.7506189
MS언어앤운동연구센터,,충청남도 천안시 서북구 불당1길 49 신화팰리스 4층(불당동),태권도,127.1079541,36.8041836
보령태권도,419369090,충청남도 보령시 지장골길 52-5 2층 보령태권도(죽정동),태권도,126.6040555,36.3591998
D파이널짐,416346631,충청남도 홍성군 홍북읍 홍학로 81 모아빌딩 601호 D파이널짐,기타종목,126.6751368,36.6477274
(주)엠엔제이 정석볼링장,26740880,충남 태안군 태안읍 환동로 31-14 정석볼링장,볼링,126.2916948,36.7494849
하람태권도,,충청남도 아산시 시민로258번길 3-13 하람태권도장(용화동),태권도,126.99535,36.7739975
덕산체육관,413383399,충청남도 예산군 덕산면 봉운로 42 삼석빌딩301호,태권도,126.6684235,36.7057686
미인당구장,413570654,충청남도 당진시 청룡길 135 3층(읍내동),당구,126.632798,36.8880766
힐링탁구장,7086212741,충청남도 아산시 온천대로 1373-2 2층(방축동),탁구,126.9911289,36.7845854
보령시장애인보호작업장,419350440,충청남도 보령시 양지뜸길 5 (명천동),기타종목,126.6100848,36.3286127
금산요가아쉬람,417510557,충청남도 금산군 금산읍 금산로 1526 기아자동차4층,요가,127.4911934,36.1094761
미르태권도,,충청남도 예산군 삽교읍 예학로 93 404,태권도,126.6780681,36.6653197
용인대홍성태권스쿨,416323328,충청남도 홍성군 홍성읍 홍장북로 433-14 1층,태권도,126.6682005,36.5935662
용인대 태권 Fighting,415551372,충청남도 천안시 서북구 성성6로 48-50 리즈타워 4층 401호(성성동),태권도,127.1251197,36.8412499
짐꾼,,충청남도 천안시 동남구 방죽안5길 4 가나타워 2층 짐꾼(신부동),헬스,127.1531757,36.8202
송은진탁구클럽,,충청남도 계룡시 엄사면 계룡대로 524 2층,탁구,127.2444348,36.2900412
보령머드스포츠클럽,29317330,충청남도 보령시 남포면 보령남로 343 보령머드스포츠클럽,태권도,126.6065088,36.3144195
홍성유도관,416320100,충청남도 홍성군 홍성읍 문화로 79 .,유도,126.6615598,36.5945134
위드댄스,415336933,충청남도 아산시 온천대로 1525 2층 위드댄스(온천동),댄스(줌바 등),127.0073403,36.7809416
문경휘트니스,417348801,충청남도 논산시 중앙로 464 논산타워 2층 (반월동),헬스,127.085332,36.2046911
원아동청소년발달센터,413532120,충청남도 당진시 시청1로 84 트윈빌딩A 4층 원아동청소년발달센터(읍내동),기타종목,126.6383846,36.8911964
금암태권스쿨,428408080,"충청남도 계룡시 장안로 75 상가201호202호203호(금암동, 우림루미아트아파트)",태권도,127.2478515,36.2700016
바른아동발달연구소,416817982,충청남도 서산시 동서1로 69 4층 바른아동발달연구소(석림동),기타종목,126.4625159,36.7682519
보니따 필라테스 천안쌍용역점,,충청남도 천안시 서북구 충무로 155 1층 106호(쌍용동),필라테스,127.1245555,36.793903
국기태권도,,충청남도 예산군 삽교읍 예학로 81 SS프라자 2층 국기태권도,태권도,126.6768189,36.6647705
금산화랑태권도화랑줄넘기,417541481,충청남도 금산군 금산읍 비범2길 16 화랑태권도.줄넘기,태권도,127.491382,36.1085805
프리 스포츠,416349635,충청남도 홍성군 홍성읍 남장중로 54-13 ,헬스,126.6649068,36.5876816
시내루당구장,419531070,충청남도 서천군 서천읍 충절로59번길 47 시내루당구장,당구,126.6899284,36.0771086
공주검도관,418577141,충청남도 공주시 신관로 12 2층(신관동),검도,127.1298061,36.4713328
충의합기도 주짓수,416331123,충청남도 홍성군 홍북읍 홍학로 77 2층 충의합기도 주짓수,합기도,126.6749064,36.647899
사단법인당진해나루스포츠클럽,413531316,충청남도 당진시 고대면 고대로 33 당진트레이닝센터2층 사단법인당진해나루스포츠클럽,요가,126.5998319,36.9220476
앤제이,28363504,충청남도 부여군 부여읍 월함로 8-11 1층,필라테스,126.9241786,36.284358
큐당구클럽,,충청남도 아산시 인주면 현대로 1303 럭키프라자4층 큐당구클럽,기타종목,126.8849931,36.8697497
공주 더리햅,,충청남도 공주시 번영1로 116-6 201호(신관동),필라테스,127.1402722,36.4739011
애플당구클럽,,충청남도 예산군 예산읍 벚꽃로155번길 21 3층,당구,126.8341128,36.6944442
신관웅진태권도,418812727,충청남도 공주시 번영1로 179 4층(신관동),태권도,127.1473855,36.4740903
발롱토르축구클럽,,충청남도 홍성군 홍북읍 의향로 267 jm골드스퀘어 303호,축구(풋살),126.6813492,36.6581387
신관탁구클럽,,충청남도 공주시 관골1길 49 지하층 신관탁구클럽(신관동),탁구,127.1338553,36.4741314
임채홍PT전문센터,416314542,충청남도 홍성군 홍성읍 월계2길 3 3층,기타종목,126.6526264,36.6011558
바디스타짐 3호점,,충청남도 홍성군 홍성읍 조양로33번길 7-1 경신빌딩 B동 2층,헬스,126.6571183,36.5979433
프렌즈스크린,415440753,충청남도 아산시 둔포면 충무로 1863 2층,골프,127.0443709,36.9326496
죽정탁구클럽,419329998,충청남도 보령시 지장골길 155 4층 죽정탁구클럽(죽정동),탁구,126.5989154,36.3609507
운동과학연구센터,415677173,충남 천안시 서북구 한들1로 34 더존빌딩 4층,수영,127.1161144,36.8254588
JM휘트니스,416221700,충청남도 천안시 동남구 목천읍 삼성5길 46 상가동 지하1층 jm휘트니스,헬스,127.177208,36.7602899
가온합기도,418585253,충청남도 공주시 공주대학로 97 2층 가온합기도(신관동),합기도,127.1374413,36.4737242
충의합기도,416321500,충청남도 홍성군 홍성읍 조양로 48 2층 충의합기도,합기도,126.6590217,36.5992922
휘트니스S,418546024,충청남도 공주시 신관로 69-11 상가동2층 휘트니스S(신관동),헬스,127.1362902,36.4690824
청양군국민체육센터,29404883,충청남도 청양군 청양읍 충절로 1204 국민체육센터 수영장,기타종목,126.7945814,36.4536934
신동섭탁구아카데미,,충청남도 아산시 배방읍 용연로 84-7 에듀시티 501호,탁구,127.0898648,36.7889962
해동검도 서산본관,416674507,충청남도 서산시 안견로 341 3층 해동검도서산본관(읍내동),검도,126.4456052,36.7773632
신라탁구클럽,25312007,충청남도 아산시 배방읍 온천대로 2358 상가 지하 1층 신라탁구클럽(신라아파트),탁구,127.0943822,36.7813146
요가비움채움필라테스,419337730,충청남도 보령시 목장3길 10 3층 요가비움채움필라테스(대천동),필라테스,126.598134,36.3496396
벽산락스타볼링장,419319600,충청남도 보령시 주공로 21 3층볼링장(동대동),볼링,126.6031876,36.3445221
목천탁구클럽,415675979,충청남도 천안시 동남구 목천읍 충절로 855 1층 목천탁구클럽,탁구,127.2061568,36.7713907
용호태권도체육관,417457588,충청남도 논산시 강경읍 금백로 74-1 상가301호 용호태권도체육관,태권도,127.0121344,36.1593276
용인대성도태권도,415553161,충남 천안시 동남구 버들1길 29 1층,태권도,127.1531008,36.8046738
아르떼무용학원,27510506,충청남도 금산군 금산읍 금산로 1500 2층 아르떼무용학원,무용(발레 등),127.4900471,36.107416
아름필라테스,,충청남도 공주시 번영1로 171 301호 아름필라테스(신관동),필라테스,127.1467039,36.4744445
충무태권도총본관,415459205,"충청남도 아산시 삼동로 34 한라동백@ 상가B3(모종동, 한라동백아파트)",태권도,127.0122152,36.7830701
아이같이 운동발달센터,415342522,충남 아산시 번영로224번길 37 2층 아이같이운동발달센터(모종동),기타종목,127.0147515,36.7809687
충남택견본부전수관,415771067,충청남도 천안시 서북구 쌍용1길 31 1층 충남택견본부전수관(쌍용동),기타종목,127.1194822,36.8022332
용인대백두태권도,417369669,충청남도 논산시 연산면 청동로 31-1 용인대백두태권도,태권도,127.1969731,36.2094764
아산문무태권도,25346556,충청남도 아산시 신창면 행목로 152 상가 2층(대주아파트),태권도,126.9537044,36.7777012
아산시시설관리공단 방축수영장,415368803,충청남도 아산시 신정로 685 1층 아산시실내수영장(방축동),수영,126.984896,36.7789021
아산시장애인복지관,415457727,충남 아산시 곡교천로27번길 12 아산시장애인복지관,수영,126.9839174,36.7884554
아산탁구장,415323366,충청남도 아산시 배방읍 북수서로 48-8 삼성 디지털프라자 3층(아산탁구장),탁구,127.0704036,36.7746457
점프업줄넘기센터,,"충청남도 공주시 신금2길 17 3층 점프업줄넘기센터(신관동, 현대힐스테이트아파트)",줄넘기,127.1485719,36.4747118
충남승마클럽농업회사법인주,,충청남도 논산시 은진면 살포재길 194-1 충남승마클럽,승마,127.1236572,36.1609559
한내헬스클럽,419311404,충청남도 보령시 대천로 92 한내헬스클럽(대천동),헬스,126.6028776,36.354717
점프윙스 줄넘기클럽,,"충청남도 홍성군 홍북읍 청사로48번길 16-1 202, 203호",줄넘기,126.6763115,36.6479374
드림키즈아동발달센터,415645667,충청남도 천안시 서북구 불당33길 22 불당고은타워 802호 드림키즈아동발달센터(불당동),기타종목,127.1081329,36.8119601
메이저풋볼아카데미,7041415128,충청남도 천안시 동남구 신흥2길 72 축구장(신방동),축구(풋살),127.1190057,36.7799009
용화태권도,415498140,"충청남도 아산시 어의정로 46 상가 203(용화동, 온천마을아파트)",태권도,127.000662,36.7745179
우동스탁구클럽,415661491,충청남도 천안시 서북구 미라2길 22-4 충남 천안시 서북구 미라2길 22-4 쌍용빌딩 지하(쌍용동),탁구,127.129578,36.8011907
골든보이 복싱 GYM,417348008,충청남도 논산시 대학로65번길 10 4층(내동),복싱,127.1054998,36.1791323
KTC태권도장,415747894,충청남도 천안시 서북구 쌍용11길 47 4층 KTC태권도(쌍용동),태권도,127.1240967,36.8021597
국술원도장,416695369,충청남도 서산시 대산읍 가로림로 64 상가2층(한미아파트),기타종목,126.4242813,36.9429567
다짐,,충청남도 천안시 동남구 충절로 291 2층다짐(구성동),헬스,127.1611371,36.7932685
삼성태권도장,,충청남도 홍성군 홍북읍 자경로 17 중흥APT 상가2층 삼성태권도(자경마을중흥에스클래스),태권도,126.6842137,36.6535993
팀에이스태권도,415575715,충청남도 천안시 동남구 목천읍 신계1길 41 상가동 503호(동우아파트),태권도,127.1934751,36.7721993
한일태권도장,418562664,충청남도 공주시 공주대학로 98 3층(신관동),태권도,127.1378667,36.4737312
용인대석사청무태권도,415798478,"충청남도 천안시 서북구 쌍용17길 13 상가2층(쌍용동, 한라동백아파트)",태권도,127.123827,36.7992903
드림아이 심리운동 발달센터,413555575,충청남도 당진시 밤절로 140 드림타워 6층 603호(수청동),기타종목,126.6455059,36.9015021
점핑머신,,충청남도 서천군 장항읍 장항로 145 1층 점핑머신 서천장항점,기타종목,126.6939097,36.011566
복영수태권도,27530071,"충청남도 금산군 금산읍 북사직7길 11 2층, 복영수태권도",태권도,127.4794038,36.1096448
상무석사태권도,26741641,충남 태안군 태안읍 경이정1길 59 2층,태권도,126.2961307,36.7568981
올드스쿨짐 2호점,416321717,충청남도 홍성군 홍성읍 문화로33번길 34 2층,헬스,126.6561548,36.5939372
올댓요가필라테스,416727323,충청남도 태안군 태안읍 후곡로 111 2층 3층(진경빌딩),필라테스,126.3035417,36.7465799
논산야구아카데미,417320204,충청남도 논산시 부적면 계백로 1653 주1동,야구,127.1569539,36.2125292
점핑앤댄스,,충청남도 서천군 서천읍 사곡로 10 3층,기타종목,126.6838563,36.0835757
365배드민턴전용구장,7041561001,충청남도 계룡시 금암로 24 365배드민턴전용구장(금암동),배드민턴,127.2462194,36.2808819
위너스 짐,415410017,충청남도 아산시 탕정면 탕정면로22번길 15-11 js빌딩 4층(위너스 짐),헬스,127.0607994,36.7975005
용인대 화랑 태권도,27541481,충청남도 금산군 금산읍 비단로 179 2층 용인대화랑태권도,태권도,127.4961737,36.1035634
꿈나무태권도장,415338400,충청남도 아산시 중앙로 20 2층(온천동),태권도,127.0028088,36.7766372
앤제이,418363504,충청남도 부여군 부여읍 월함로 8-11 1층 앤제이,필라테스,126.9241786,36.284358
허브당구장,254547549,충청남도 천안시 동남구 대흥로 13 허브당구장(구성동),당구,127.1583673,36.7949859
온더발레학원,428417086,충청남도 계룡시 장안로 59-3 501호(금암동),무용(발레 등),127.2505477,36.2724838
키즈앤조이,415229009,충청남도 천안시 서북구 검은들1길 26 110호(불당동),기타종목,127.1106268,36.811891
점핑피트니스,,충청남도 아산시 문화로 301-25 4층404호 점핑하이(모종동),기타종목,127.0188608,36.7868286
용인대석사제일태권도장,,충청남도 당진시 순성면 순성로 494 2층 용인대석사제일태권도,태권도,126.7135438,36.8424837
3949당구장,413343949,충청남도 예산군 예산읍 역전로 150-5 6층 3949 당구장,당구,126.8310063,36.6927093
치유필라테스,,충청남도 아산시 탕정면 한들물빛5로 36 지웰시티몰 2층 201호 치유필라테스(한들물빛도시지웰시티센트럴푸르지오3단지),필라테스,127.0880904,36.7869848
계룡당구클럽 예산지점,413313262,충청남도 예산군 예산읍 벚꽃로 43 201호 계룡당구클럽,당구,126.8356818,36.6842429
계룡다이어트멀티짐,428416541,충청남도 계룡시 장안로 43 301호 계룡다이어트멀티짐(금암동),종합체육시설,127.2516033,36.2734748
보니따필라테스 천안쌍용역점,,충청남도 천안시 서북구 충무로 155 1층 106호 보니따필라테스(쌍용동),필라테스,127.1245555,36.793903
나무요가원,416340669,충청남도 홍성군 홍성읍 월산1길 39-9 나무빌딩 3층 나무요가원,요가,126.6489582,36.5983296
나사렛대학교산학협력단APA센터,25701524,충남 천안시 서북구 월봉로 48 제2창학관 지하1층 APA센터,기타종목,127.119583,36.7962396
비벨르,415511588,충청남도 천안시 서북구 불당25로 142 6층 비벨르필라테스 짐(불당동),필라테스,127.1076283,36.8138052
위드유필라테스,413357454,충청남도 예산군 예산읍 금오대로 35-13 3층 위드유필라테스,필라테스,126.8319457,36.694408
훼밀리 탁구장,,충청남도 아산시 아산로 78 2층(온천동),탁구,126.9965093,36.7891699
마이탁구클럽,,충청남도 서천군 장항읍 장항로 207 마이탁구클럽(지하층),탁구,126.700656,36.010883
새샘태권도장,415744333,충청남도 천안시 동남구 통정3로 61 새샘태권도장(신방동),태권도,127.1310312,36.7763098
훼미리볼링장,416740300,충청남도 태안군 태안읍 독샘로 100 2층 훼미리볼링장,볼링,126.2990386,36.7554706
마음하나운동놀이센터,419100530,"충청남도 아산시 배방읍 광장로 210 와이몰 E구역 116호, 117호(요진 와이시티)",기타종목,127.1085283,36.7957784
5310복싱클럽,,충청남도 태안군 태안읍 동문1길 70 5310복싱클럽,복싱,126.3050906,36.7491836
마음요가필라테스,419526781,충청남도 서천군 서천읍 군청로 1 2층 마음요가필라테스,필라테스,126.6900402,36.0750799
특사 합기도킥복싱,415878879,충청남도 아산시 음봉면 음봉로 590 대덕빌딩3층 특사합기도,합기도,127.0745649,36.8377196
남서울대학교산학협력단,415803048,충청남도 천안시 서북구 성환읍 대학로 91 17201,수영,127.1447235,36.9095318
필휘트니스,,충청남도 서천군 장항읍 장서로 71 4층 필휘트니스,헬스,126.6984403,36.0142196
캐슬어울림태권도사관학교,25329808,충청남도 아산시 모종남로22번길 8 캐슬타워 4층 402호(모종동),태권도,127.0213285,36.7792459
정심체육관,419331717,충청남도 보령시 주교면 보령북로 404 정심체육관,배드민턴,126.5868874,36.3783653
마음바른 필라테스,276599456,충청남도 부여군 부여읍 월함로 12 1층 마음,필라테스,126.9232358,36.2845533
백제태권도체육관,418372020,충청남도 부여군 부여읍 월함로 8 백제태권도,태권도,126.92348,36.2843066
우리들척추운동센터,416227063,충청남도 천안시 서북구 불당34길 22 세훈프라자 402호(불당동),기타종목,127.1065,36.8067599
충청남도장애인체육회,,충청남도 예산군 삽교읍 예학로 81 SS프라자 6층,태권도,126.6768189,36.6647705
트리플짐,427139292,충청남도 계룡시 두마면 농소로 32 2층 트리플짐,헬스,127.2588431,36.2637036
트루핏24시 헬스PT 배방점,,충청남도 아산시 배방읍 새아산로 20-8 4층,헬스,127.0927232,36.7833001
흥탁구클럽,,"충청남도 아산시 서부북로 973 B101호(배미동, 서진아파트)",탁구,126.967424,36.78942
화랑체육관,417414350,충청남도 논산시 연무읍 연무로 211-8 2층,태권도,127.1027174,36.1295148
MS스포츠연구센터,,충남 천안시 서북구 봉서산샛길64 뜨란채@ 주상가동 B102호,태권도,127.1194111,36.8057292
테크존배드민턴센터,,충청남도 논산시 은진면 매죽헌로25번길 39 테크존 배드민턴센터,배드민턴,127.1065899,36.1642076
마스터 배 아카데미,,충청남도 계룡시 신도안면 신도안1길 43 2층 마스터배아카데미,기타종목,127.2456617,36.2961797
내포검도,416340888,충청남도 홍성군 홍북읍 홍학로 95 아아프라자2차 404호,검도,126.6764672,36.6468527
백제무도스쿨 서산도장,,충청남도 서산시 동서1로 13 1층(석림동),합기도,126.4666722,36.7722693
직산연세대제일체육관,254871452,충청남도 천안시 서북구 직산읍 자은가리1길 68 우성프라자 상가 5층(우성아파트),태권도,127.1269152,36.8706596
하하점핑,,충청남도 금산군 금산읍 사직중앙로 46 아인프라자 2층 204호,기타종목,127.4824492,36.1078569
내포하랑태권도장,416349989,충청남도 홍성군 홍북읍 홍학로 87 5층 501호 502호,태권도,126.6757517,36.6473585
AD기구필라테스,415313017,충청남도 아산시 배방읍 용연로 156-14 2층 AD기구필라테스,필라테스,127.0925377,36.7828716
태풍체육관,419527654,충청남도 서천군 서천읍 서천로 118 2층,태권도,126.6873307,36.0787067
백석대학교 산학협력단,415502973,충남 천안시 동남구 문암로 76 백석체육관 320호,기타종목,127.181294,36.8416629
태안정석볼링센터,26740880,충청남도 태안군 태안읍 환동로 31-14 태안정석볼링센터,볼링,126.2916948,36.7494849
태안씨사이드승마클럽,416756740,충청남도 태안군 태안읍 안면대로 170-65 태안씨사이드승마클럽,승마,126.2830167,36.7333598
논산승마월드논산시승마협회,417369865,충청남도 논산시 관촉로58번길 29-2 논산승마월드(지산동),승마,127.1159902,36.1979217
논산야구아카데미,417320204,충청남도 논산시 부적면 계백로 1653 주1동,야구,127.1569539,36.2125292
제로짐,419435670,충청남도 청양군 청양읍 중앙로 84 제로짐 2층,헬스,126.8024674,36.4469933
논산태권도장,417331481,충청남도 논산시 중앙로198번길 7-7 (내동),태권도,127.1031754,36.1868517
논산헬스클럽,417320427,충청남도 논산시 중앙로 456 논산헬스클럽(반월동),헬스,127.0856445,36.2040492
용인대석사 푸른태권도,,충청남도 부여군 규암면 흥수로 878 상가 A동 211호(부여센트럴휴엔하임),태권도,126.8777767,36.2733306
에이스스포츠센터,,충청남도 서산시 음암면 중앙로 562 에이스스포츠센터,배드민턴,126.5011544,36.7515644
ST복싱클럽,,충청남도 천안시 서북구 불당1길 49 5층(불당동),복싱,127.1079541,36.8041836
뉴대천탁구장,,보령시 주공로 21 벽산빌딩 2층,탁구,126.6031876,36.3445221
태권박사 체육관,415230234,충청남도 천안시 서북구 성정두정로 123 우진빌딩2층(두정동),태권도,127.1417268,36.8366508
MSN축구아카데미,,충청남도 당진시 서해로 6115 101호 MSN축구아카데미(시곡동),축구(풋살),126.6657206,36.9037175
봉서힐링탁구장,241182341,충청남도 천안시 서북구 쌍용11길 47 진명빌딩지하01호 봉서힐링 탁구장(쌍용동),탁구,127.1240967,36.8021597
린필라테스,,충청남도 아산시 배방읍 모산로91번길 8 2층,필라테스,127.0527585,36.7744792
뉴힐링라이프재활운동센터 공주점,418573332,충청남도 공주시 금성길 8-2 뉴힐링라이프재활운동센터 공주점,종합체육시설,127.1237174,36.4607734
최민종헬스클럽,415810485,충청남도 천안시 서북구 성환읍 성환3로 6 최민종헬스클럽(만경상가),헬스,127.12875,36.9151321
느루피트니스 불당점,415559187,충청남도 천안시 서북구 불당21로 67-8 정석4차 306호(불당동),헬스,127.1082812,36.8132654
우리실용음악앤댄스학원,415349793,"충청남도 아산시 충무로 16 2층,3층(온천동)",댄스(줌바 등),127.0048076,36.7824907
늘스트레치,416220302,충청남도 천안시 서북구 불당21로 67-8 307호(정석프라자4차)늘스트레치(불당동),기타종목,127.1082812,36.8132654
능금탁구교실,413313959,충남 예산군 예산읍 산성공원1길 27 2층 능금탁구교실,탁구,126.8329655,36.692538
탑탁구교실,418345566,충청남도 부여군 부여읍 석탑로 49 3층,탁구,126.9124228,36.2805445
마스터케이태권도,416662942,충청남도 서산시 성연면 성연3로 51 3층 301호 마스터케이태권도,태권도,126.4502617,36.8236118
홍성하이점프줄넘기전문클럽,416339911,충청남도 홍성군 홍성읍 홍장북로 425 3층,줄넘기,126.6684575,36.5926962
백마태권도,,충청남도 금산군 금산읍 남사직3길 8 1층(고센하우스),태권도,127.4784696,36.1064746
탑TOP태권도,413577989,"충청남도 당진시 대호만로 30-17 단지내상가 2층 201호 탑(TOP)태권도(채운동, 대동 다:숲 아파트)",태권도,126.6220231,36.8996654
리치코리아휘트니스,413333440,충청남도 예산군 예산읍 역전로 150-5 4층,헬스,126.8310063,36.6927093
탑 휘트니스 2호점,,충청남도 서천군 서천읍 충절로41번길 23-6 2층 탑 휘트니스 2호점,헬스,126.6872346,36.0778092
리온선수트레이닝센터,417320525,충청남도 논산시 부창로 50 리온선수트레이닝센터(부창동),기타종목,127.0830061,36.1951866
홍성클라이밍센터,,충청남도 홍성군 홍북읍 도청대로 208 2동2층,클라이밍(암벽등반),126.6639618,36.623653
홍성엘리트탁구,,충청남도 홍성군 홍성읍 월산로30번길 30 대성빌딩 3층 홍성엘리트탁구,탁구,126.650051,36.6008268
홍성군장애인스포츠센터,416319110,충청남도 홍성군 홍성읍 홍덕서로 78 홍성군장애인스포츠센터,헬스,126.6437499,36.6068153
오선영볼링아카데미,419440929,충청남도 청양군 청양읍 방죽길 7 오선영볼링아카데미,볼링,126.7918108,36.45174
제일 락볼링장,415518228,충청남도 천안시 동남구 명동길 47 3층 제일락볼링장(대흥동),볼링,127.1483676,36.8076801
제일골프클럽,419097325,충청남도 천안시 서북구 천안대로 1214 제일골프클럽(신당동),골프,127.15638,36.8498931
리브100,,충청남도 아산시 배방읍 용연동길70번길 53 101호,필라테스,127.0909402,36.7905654
탁구야놀자,413523959,"충청남도 당진시 밤절로 51 파크빌2차@상가 탁구야놀자(원당동, 파크빌2차아파트)",탁구,126.6407199,36.9025414
국가대표 호아태권도,415332599,충청남도 아산시 신창면 남성길 152-67 3층 국가대표 호아태권도,태권도,126.9578082,36.7877759
탁구스포츠센터,413550979,충청남도 당진시 서해로 6117-1 2층(시곡동),탁구,126.6656216,36.9033283
다나필라테스천안점,,충청남도 천안시 동남구 청수14로 56 천안법조프라자 705호 다나필라테스천안점(청당동),필라테스,127.1526084,36.7839278
우리아이태권도장,415521255,충청남도 천안시 서북구 불당17길 27 301호(불당동),태권도,127.1108675,36.809749
힙메이커짐,,충청남도 천안시 서북구 두정로 238 3층(두정동),헬스,127.14338,36.8332036
탁구사랑탁구장,416311155,충청남도 홍성군 홍성읍 조양로205번길 24 탁구사랑,탁구,126.6730484,36.6005972
다름핏,413378124,충청남도 예산군 삽교읍 예학로 81 SS프라자 7층 701호,헬스,126.6768189,36.6647705
홍성군승마장,416309700,충청남도 홍성군 서부면 남당항로 690 홍성군승마장,승마,126.467531,36.57844
타이거복싱수청점,,충청남도 당진시 수청2길 47 2층타이거복싱(수청동),복싱,126.6545252,36.8878993
타드림타악 천안본점,234389379,"충청남도 천안시 서북구 한들1로 68 남준주택 지하층(백석동, 남준주택)",댄스(줌바 등),127.1171137,36.8286057
홍성검도관,416313388,충청남도 홍성군 홍성읍 홍장북로 442-1 2층 홍성검도관,검도,126.6690263,36.5942994
조상현탁구클럽,,충청남도 천안시 서북구 오성로 23 3층(두정동),탁구,127.1297331,36.8306064
원 당구클럽,413536661,충청남도 당진시 석문면 대호만로 1770 2층,기타종목,126.5354662,37.0146523
우리점핑,417331358,충청남도 논산시 시민로132번길 36-6 302호 우리점핑(내동),기타종목,127.1047808,36.1801907
국제체육관,417549070,충남 금산군 금산읍 오리정1길 52 다경빌딩 3층,태권도,127.4885437,36.1044395
국제태권도장,415634068,충청남도 천안시 서북구 오성1길 12-8 경희(두정동),태권도,127.1287033,36.8312559
경희대태권도,416338000,충청남도 홍성군 홍성읍 조양로33번길 16 경희대태권도,태권도,126.6563681,36.598354
유앤아이 수영센터,,충청남도 아산시 배방읍 희망로46번길 45-31 B01호 유앤아이수영센터,수영,127.1068279,36.7917602
킹파이터스포츠센터,417515484,충청남도 금산군 금산읍 인삼광장로 47 지하1층,종합체육시설,127.4989597,36.101501
후당구클럽,415873949,충청남도 천안시 서북구 성환읍 성환1로 226 5층 후당구클럽,당구,127.1283497,36.9147978
용인대석사 태권도장,416652844,충청남도 서산시 인지면 둔당로 106-19 용인대석사 태권도장,태권도,126.4251085,36.7543552
유에스태권도,418857757,충청남도 공주시 번영1로 173 4층 유에스태권도(신관동),태권도,127.1468629,36.4743731
동문탁구클럽,,충청남도 서산시 고운로 275-5 307호(동문동),탁구,126.465517,36.7848347
더우아필라테스,,충청남도 계룡시 엄사면 엄사중앙로 95 7층 702호,필라테스,127.2417073,36.2892126
태안정석볼링장,26740880,충청남도 태안군 태안읍 환동로 31-14 정석볼링장,볼링,126.2916948,36.7494849
골드당구장,,충청남도 아산시 온천시문2로 4 골드(온천동),당구,126.9960021,36.7928352
킹당구장,,충청남도 태안군 태안읍 중앙로 73 2층 킹당구장,당구,126.2973213,36.7540749
킹당구장,419518269,충청남도 서천군 서천읍 사곡로 38 킹당구장,당구,126.6870329,36.0835066
NO1휘트니스클럽,418363333,충청남도 부여군 부여읍 계백로 304 지하1층,헬스,126.9135328,36.2759395
마음나무심리아동통합발달센터,415327591,충청남도 아산시 모종남로12번길 16 에이스플라자 5층(모종동),기타종목,127.0207209,36.7784023
다이아짐,,충청남도 홍성군 홍북읍 청사로 152 6층 다이아짐,헬스,126.679293,36.657708
리더스스포츠센터,415928116,충청남도 천안시 동남구 서부대로 278 학산트윈빌딩 5층(신방동),축구(풋살),127.1294288,36.7930538
배재우탁구교실,256044666,충청남도 천안시 동남구 서부대로 257-13 우현빌딩 3층 (배재우탁구클럽)(신방동),탁구,127.1274515,36.7907324
다이어트부여복싱클럽,418342762,충청남도 부여군 부여읍 석탑로 54-1 2층,복싱,126.9132429,36.2808916
종합격투기PENTAGON GYM,415665009,충청남도 천안시 서북구 두정고6길 32 SM빌딩3층(두정동),기타종목,127.1330862,36.8357094
천안합기도연무관,415565853,충청남도 천안시 동남구 만남로 68 3층 천안합기도연무관(신부동),합기도,127.159632,36.8193505
문댄스,418577008,충청남도 공주시 무령로 586 행복타워4층 401호(월송동),요가,127.152269,36.4751556
천안올림피아볼링장,25675353,충청남도 천안시 동남구 먹거리8길 36 올림피아볼링센터(신부동),볼링,127.1567518,36.8168074
좋은복지발달치료센터,415467119,충청남도 아산시 배방읍 북수로 83-14 좋은복지발달치료센터,기타종목,127.0701101,36.7746548
로트라인 스튜디오,417322580,충청남도 논산시 번영로18번길 2 2층 로트라인 스튜디오(취암동),기타종목,127.0927018,36.1980389
로즈온 필라테스,,"충청남도 천안시 서북구 불당26로 122 근린생활시설 3동 3-208호, 로즈온 필라테스(불당동, 불당파크푸르지오2단지)",필라테스,127.1075031,36.8197096
거성태권도장,413315783,충청남도 예산군 예산읍 역전로140번길 35 2층,태권도,126.8340354,36.6915901
타이거복싱체육관,,"충청남도 당진시 당진중앙2로 212-10 지하층 타이거복싱체육관(읍내동, 신성아파트)",복싱,126.6354308,36.8960379
미인당구장,413570654,충청남도 당진시 청룡길 135 3층 미인당구장(읍내동),당구,126.632798,36.8880766
단국대태권스토리,415226443,충청남도 천안시 서북구 충무로 5-43 단국대태권스토리(쌍용동),태권도,127.1149954,36.78808
서산시운동재활연구센터,416696761,충청남도 서산시 수석1길 50 서산시운동재활연구센터(수석동),기타종목,126.4910097,36.7709801
서산최강태권도,419203010,충청남도 서산시 고운로 286 중앙상가c동 2층(동문동),태권도,126.4670529,36.7840787
배방당구클럽,,충청남도 아산시 배방읍 북수로 128 흥인빌딩 501호,당구,127.0748324,36.7738185
크로스핏 논산,417322225,"충청남도 논산시 시민로 187 3층(홈플러스, 내동)",헬스,127.0982152,36.1835853
로또당구클럽,,충청남도 청양군 청양읍 고리섬들길 73 지하1층,당구,126.8013814,36.4476296
MS언어앤운동연구센터,,충청남도 천안시 서북구 불당1길 49 신화팰리스 4층 401호(불당동),태권도,127.1079541,36.8041836
크레이짐,26323380,충청남도 홍성군 홍북읍 의향로 289 3층 크레이짐,헬스,126.6810328,36.659831
비호태권도장,417334606,충청남도 논산시 시민로295번길 3 2층 비호태권도장(내동),태권도,127.0923941,36.1916953
천안시장애인종합체육관,415587356,충남 천안시 동남구 향교1길 104-38 천안시장애인종합체육관,헬스,127.1693272,36.8135896
천안smc수영장,415794997,충청남도 천안시 서북구 봉서산1길 37 지하2층 천안smc수영장(쌍용동),수영,127.1181135,36.8074333
점핑머신,,충청남도 서천군 장항읍 장항로 145 1층 점핑머신 서천장항점,기타종목,126.6939097,36.011566
레드락 볼링클럽,416660957,충청남도 서산시 서해로 3577 3층 레드락 볼링클럽(잠홍동),볼링,126.4701718,36.7815772
유한회사 몬스터실내축구센터,416697702,충청남도 서산시 인지면 차동길 154 몬스터실내축구센터,축구(풋살),126.3995956,36.7764528
부여군합기도협회,,충청남도 부여군 부여읍 성왕로 333 2층 부여군합기도협회,합기도,126.9242055,36.2839272
서산태권도체육관,26688868,충청남도 서산시 동서1로 101 서산태권도체육관(석남동),태권도,126.4597926,36.766575
서천검도관,419534117,충청남도 서천군 서천읍 서천로142번길 17-2 1층(서천검도관),검도,126.6879498,36.0808071
주식회사 가온해아동발달상담센터,,충청남도 천안시 서북구 월봉로 90 5층 가온해아동발달상담센터(쌍용동),기타종목,127.118388,36.7985592
예술당구장,413357977,충청남도 예산군 예산읍 역전로140번길 12 2층 예술당구장,당구,126.8311688,36.6914144
러쉬피트니스 불당점,,충청남도 천안시 서북구 불당21로 67-26 파크뷰 지하1층(불당동),헬스,127.1087327,36.8147888
고려승화체육관,417544480,충청남도 금산군 금산읍 비단로 315 원일빌딩 3층,태권도,127.4880554,36.1098439
러쉬피트니스,,"충청남도 아산시 배방읍 세교중앙로 10 5층, 러쉬피트니스",헬스,127.0926288,36.7809276
주식회사 도담,,충청남도 천안시 서북구 검은들3길 46 803-1(불당동),기타종목,127.1086804,36.8106149
예산볼링장,413321112,충청남도 예산군 예산읍 예산로 354 예산볼링장,볼링,126.8617789,36.6761423
천안JMC줄넘기,415237714,충청남도 천안시 서북구 성거읍 성거길 85 2층 JMC줄넘기,기타종목,127.2009008,36.8730887
배미수영장,415368816,충청남도 아산시 배미로 154 1층(배미동),수영,126.9772077,36.7999246
1ON1뉴힐링라이프재활운동센터천안점,415529867,충청남도 천안시 서북구 백석로 118 백석신영프라자 602호(백석동),기타종목,127.1245935,36.8229551
예봄심리운동발달연구소,415555125,충청남도 천안시 서북구 검은들3길 60 306호 예봄심리운동발달연구소(불당동),기타종목,127.1101616,36.8098321
용인대푸른태권도,417353681,충청남도 논산시 시민로258번길 25 2(취암동),태권도,127.0979995,36.1909977
서오헬스,413356052,충청남도 예산군 예산읍 역전로 132 성산빌딩 5층,헬스,126.8302575,36.6909748
라파스포츠센터,230687880,충청남도 천안시 동남구 대흥로 20 2층(구성동),태권도,127.1585353,36.7958804
해나루볼링장,23566511,충청남도 당진시 시청1로 30 국민체육센타 해나루볼링장(수청동),볼링,126.6443839,36.8936665
필라테스일랑,,충청남도 아산시 탕정면 매곡한들1길 20-5 오름빌딩 4층 401호 필라테스일랑,필라테스,127.091076,36.7817816
주식회사탑에듀,415561565,충청남도 천안시 서북구 백석3로 134 대건프라자 (구. 비타민사우나) 204호(백석동),기타종목,127.1250258,36.8221802
코리아익스트림태권도,415640105,충청남도 천안시 동남구 목천읍 목천안터2길 8 한영빌딩6층,태권도,127.2116767,36.7754147
예강태권사관학교,419208866,충청남도 서산시 고운로 267 태정빌딩 201호(동문동),태권도,126.4648943,36.7845255
오케이 웨스턴 승마클럽 예산지점,413333967,충청남도 예산군 대술면 마전삼베실길 56-32 예산승마클럽,승마,126.90726,36.631677
서울스포렉스,416316161,충청남도 홍성군 홍성읍 의사로52번길 15-3 서울스포렉스,수영,126.6727902,36.6024062
대산예강태권도,,충청남도 서산시 대산읍 구진로 6 3층,태권도,126.4359992,36.9361321
윤태호탁구교실,,충청남도 서산시 안견로 585 2층 윤태호 탁구교실(갈산동),탁구,126.4349339,36.7928483
주식회사 이퀄컴퍼니,,충청남도 공주시 대통1길 7 주식회사 이퀄컴퍼니(봉황동),기타종목,127.121929,36.4493276
챠밍에어로빅,,충청남도 논산시 시민로258번길 25 덕성빌딩3층 챠밍에어로빅(취암동),에어로빅,127.0979995,36.1909977
뷰티파워,,충청남도 서천군 서천읍 충절로41번길 29 3층,필라테스,126.6875379,36.0780234
서천FC실내축구센터,,충청남도 서천군 서천읍 서천로143번길 51 상가(천산 스카이빌 아파트),축구(풋살),126.6845281,36.0813638
백화상무태권도,416751641,충청남도 태안군 태안읍 다락미1길 12 백화상무태권,태권도,126.3040193,36.7533783
영탁구장,419535599,충청남도 서천군 서천읍 서천로 68 영탁구장,탁구,126.6922965,36.0769293
서천유도체육관 서천점,,충청남도 서천군 서천읍 서천로 38 3층,유도,126.695469,36.0759836
대천검도관,419346121,충청남도 보령시 큰오랏6길 46 대천검도관(동대동),검도,126.6082237,36.3486702
해동검도,416677890,충청남도 서산시 율지8로 78 3층(동문동),검도,126.4662886,36.7784336
케이K당구클럽,,"충청남도 논산시 시민로210번길 20 2층, K당구클럽(내동)",당구,127.0992772,36.1856048
서해탁구교실,29323959,충청남도 보령시 구장터로 14 서해탁구교실(대천동),탁구,126.5957563,36.3484529
케어바디,419205553,충청남도 서산시 율지19길 53 1층 케어바디(동문동),필라테스,126.4671773,36.7789565
도원검도관,27514054,충청남도 금산군 금산읍 비선길 71-16 도원검도관,검도,127.4896732,36.1021127
바디스타짐 2호점,,충청남도 홍성군 홍성읍 남장중로 51 로티프라자 301호,헬스,126.6653373,36.5868914
서해헬스,419528679,충청남도 서천군 서천읍 사곡길 5 서천축협 4층,헬스,126.6876856,36.081503
헬스킹,416333423,충청남도 홍성군 홍성읍 충서로 1547 2층,헬스,126.6638416,36.6052983
대한승마원,416886868,충청남도 서산시 해미면 삼송버드실길 53-15 대한승마원,승마,126.5669875,36.7473534
권혁일탁구교실,,충청남도 천안시 서북구 성정중7길 18 권혁일탁구교실(성정동),탁구,127.1351196,36.8284947
러쉬피트니스PT 불당점,,충청남도 천안시 서북구 불당21로 67-18 2층 러쉬피트니스(불당동),헬스,127.1085045,36.8140496
챠밍 핏 아트,,충청남도 계룡시 장안로 43 202호 챠밍 핏 아트(금암동),기타종목,127.2516033,36.2734748
더원운동발달센터,283329267,충청남도 아산시 둔포면 아산밸리중앙로 83 404호 더원운동발달센터,기타종목,127.0570694,36.9237281
주어뮤즈,25566742,충청남도 천안시 서북구 불당25로 146 605호(불당동),롤러인라인,127.1077361,36.8141843
대한펜칵실랏연맹,28547755,충청남도 공주시 한적1길 2 2층(신관동),기타종목,127.1377799,36.4746402
가람태권도,,충청남도 서산시 성연면 성연3로 45 3층가람태권도,태권도,126.4505685,36.8232844
석사세계태권도장,413340998,충청남도 예산군 예산읍 창신로 49 성도상가 3층 석사세계태권도장,태권도,126.8375831,36.7230832
더원태권도합기도,415323331,충청남도 아산시 둔포면 아산밸리중앙로 25 드림타워5층 더원태권도 합기도,태권도,127.0507352,36.9237397
용인대아이짐태권도,,충청남도 공주시 번영1로 179 동부신협4층 용인대아이짐태권도(신관동),태권도,127.1473855,36.4740903
채움발달재활센터,26638575,충청남도 서산시 율지8로 78 1층 채움발달재활센터(동문동),기타종목,126.4662886,36.7784336
사단법인충남장애인부모회서산지회,26647224,충청남도 서산시 율지19길 57 사단법인충남장애인부모회서산지회(동문동),기타종목,126.4668326,36.779191
한사랑태권도,417510106,충청남도 금산군 금산읍 비단로 309 201호 한사랑태권도,태권도,127.4888865,36.109772
아쿠아마린어린이수영장,414252111,충청남도 아산시 배방읍 희망로46번길 45-31 B1층 아쿠아마린어린이수영장,수영,127.1068279,36.7917602
중앙에어로빅,251063339,충청남도 서천군 서천읍 서천로 129 2층,에어로빅,126.6862195,36.0793762
선웅검도관,415534700,충청남도 천안시 서북구 불당13길 6-9 1층 선웅검도관(불당동),검도,127.1154647,36.805215
이가람태권스쿨,416347387,충청남도 홍성군 홍북읍 홍학로 83 3층 이가람태권스쿨,태권도,126.6754072,36.6475438
동양킥복싱 주짓수 체육관,418547856,충청남도 공주시 국고개길 18 지하1층(중동),복싱,127.1263064,36.454348
해동검도목천전수관,415551319,충청남도 천안시 동남구 목천읍 신계1길 35 해동검도목천전수관,검도,127.19543,36.7704504
참핏,250029682,충청남도 태안군 태안읍 정주내1길 7 2층 참핏,기타종목,126.3038931,36.745112
마스터배아카데미,25515788,"충청남도 계룡시 서금암5길 24 상가 111동 101호(금암동, 타운하우스이지)",기타종목,127.2552296,36.2687965
참좋은신방합기도,415539627,"충청남도 천안시 동남구 통정12로 61 2층 201호,202호(신방동)",합기도,127.1346441,36.7767818
서천FC실내축구센터,,충청남도 서천군 서천읍 서천로143번길 51 천상스카이빌 아파트 상가 지하 1층(천산 스카이빌 아파트),축구,126.6845282,36.0813639
이든아이아동발달센터,25432466,충청남도 아산시 배방읍 북수로 54 이든아이 아동발달센터,기타종목,127.0663911,36.7731823
드래곤볼링예산점,23350888,충청남도 예산군 예산읍 금오대로 35-14 2층 드래곤볼링,볼링,126.832413,36.6944064
참좋은모산특사합기도,,충청남도 아산시 배방읍 배방로 58-36 2층201호,합기도,127.0508312,36.771626
세계제일태권도장,415227714,충청남도 천안시 서북구 성거읍 성거길 89 2층 세계제일태권도장,태권도,127.201064,36.8733963
단다요가,415711097,충청남도 천안시 서북구 월봉로 94 2층(쌍용동),요가,127.1184571,36.798966
진희성태권도,416880088,충청남도 서산시 해미면 남문6로 4 2층,태권도,126.5433632,36.7139745
세교태권도줄넘기,,"충청남도 아산시 배방읍 세교중앙1길 26 세교프라자 5층 503,504호 세교태권도",태권도,127.0932985,36.7790127
이루다감각통합발달센터,,충청남도 천안시 서북구 충무로 158-5 2층 이루다감각통합발달센터(쌍용동),기타종목,127.1253712,36.7933538
참멋태권도장,413326625,충청남도 예산군 예산읍 역전로 150-11 상가2층 참멋태권도장,태권도,126.8315381,36.6925853
센소리아이아동발달연구소,,충청남도 천안시 서북구 불당25로 152 DM타워 4층 센소리아이(불당동),기타종목,127.107746,36.8146163
고려태권도,416315477,충청남도 홍성군 홍성읍 조양로 32 2층,태권도,126.65821,36.5979854
PT연구소,,충청남도 아산시 탕정면 탕정면로 8 4층 PT연구소,기타종목,127.0579751,36.7985607
사계절푸른솔태권도교육관,415498666,"충청남도 아산시 문화로 257-10 사계절푸른솔 태권도(권곡동, 권곡한성하우시스)",태권도,127.0156011,36.7902933
예산볼링장,413314215,충청남도 예산군 예산읍 예산로 354 예산볼링장,볼링,126.8617789,36.6761424
연무태권도체육관,417423594,충청남도 논산시 연무읍 연무로 201-1 연무태권도장,태권도,127.1016365,36.1300052
손빛필라테스,,"충청남도 천안시 서북구 월봉로 126 대림프라자 9층, 903-1(쌍용동)",필라테스,127.1189748,36.8018339
바로운동발달연구소,414148575,충청남도 천안시 동남구 청수11로 16 하나프라자 403호(청당동),기타종목,127.1541385,36.7826401
장안스포츠센터,,충청남도 공주시 원댕이길 6 장안스포츠센터(금학동),배드민턴,127.1274662,36.4424075
청양헬스,419442232,충청남도 청양군 청양읍 칠갑산로8길 6 2층 청양헬스,헬스,126.8035836,36.450466
용인대신도안태권도장,425511009,충청남도 계룡시 엄사면 번영3길 73-9 3층,태권도,127.2379005,36.2825564
아임요기니,,충청남도 홍성군 홍성읍 월산로50번길 11 은하빌딩 202호,요가,126.6472608,36.5991895
푸른태권도체육관,416315555,충청남도 홍성군 홍성읍 홍장북로 418 3층,태권도,126.6692378,36.5920987
장웅태권도장,419329595,충청남도 보령시 청수로길 74 장웅태권도장(대천동),태권도,126.5886853,36.3535872
청양합기도검무관,419440127,충청남도 청양군 청양읍 중앙로3길 11 3층,합기도,126.8013821,36.4490384
피트인365휘트니스센터,419346889,충청남도 보령시 명암1길 17 홈플러스 보령점2층 피트인365 휘트니스센타(동대동),헬스,126.6138669,36.3440681
장은숙 댄스스포츠 스쿨,415495111,충청남도 아산시 배방읍 모산로 145 4층,댄스(줌바 등),127.058778,36.7751727
바디컨테이너,415559806,충청남도 천안시 서북구 봉정로 360 5층(두정동),필라테스,127.1458526,36.8340715
청양국민체육센터,29404883,충청남도 청양군 청양읍 충절로 1204 국민체육센터 수영장,수영,126.7945814,36.4536934
싸우라비검도,418582212,충청남도 공주시 관골1길 42-1 2층(신관동),검도,127.1334416,36.4733806
청수골프아카데미,415665111,"충청남도 천안시 동남구 청수로 98 상가동 지하9호 청수골프(청수동, 청솔LG아파트)",골프,127.1572854,36.791502
아이원탁구클럽,26323833,충청남도 예산군 삽교읍 청사로192번길 20 에드가프라자1차 701호,탁구,126.6802232,36.661621
월드짐,415757878,"충청남도 천안시 동남구 일봉로 8 5층 506호(신방동, 학산빌딩)",헬스,127.1294022,36.7933496
TAR 주짓수,,충청남도 아산시 배방읍 북수로 96 5층 TAR 주짓수,주짓수,127.0711227,36.7735656
월드컵당구장,416751816,충청남도 태안군 태안읍 중앙로 129 2층,당구,126.3026228,36.7514025
독수리태권도체육관,415520293,충청남도 천안시 동남구 중앙로 68-2 독수리 태권도 1층(영성동),태권도,127.1528409,36.8043418
용인대제일태권도장,417358841,충청남도 논산시 관촉로 287 2층 용인대제일태권도장(취암동),태권도,127.0904709,36.2041166
아이언팩토리,,충청남도 태안군 태안읍 다락미1길 35-15 아이언팩토리,헬스,126.3058028,36.7541948
월드휘트니스,28817007,충청남도 공주시 신금1길 48 5층(신관동),헬스,127.1454594,36.4768834
아이스타복싱클럽,415790226,"충청남도 천안시 동남구 새말4길 5 상가1동201호(신방동, 신동아아파트)",복싱,127.1324217,36.793926
점핑머신,,충청남도 아산시 모종로 73-14 점핑머신 2층(모종동),기타종목,127.025003,36.7866174
청수골프랜드,415220759,충청남도 천안시 동남구 광풍로 1819 청수골프랜드(청당동),골프,127.1448029,36.7809569
가온누리태권도&레인보우줄넘기클럽,638320987,전라북도 익산시 고봉로24길 25 가온누리태권도 2층(영등동),태권도,126.9712786,35.9548863
대파니 힐링팜,,전라북도 익산시 삼기면 미륵산1길 95 대파니 힐링팜,승마,127.0214621,36.0332742
서신파워복싱,632511156,전라북도 전주시 완산구 당산로 36 지하 1층(서신동),복싱,127.1123022,35.8320105
대박당구장,635464979,전라북도 김제시 검산택지길 74 4(검산동),기타종목,126.9046094,35.8014769
베스트탁구클럽,266495221,전라북도 군산시 수송안길 9 3층(수송동),탁구,126.7166942,35.9601936
익산문화체육센터,638389100,전라북도 익산시 선화로 823 익산문화체육센터(부송동),수영,126.9975656,35.9691282
익산시 올림픽기념 국민생활관,638594285,전라북도 익산시 선화로 255 (남중동),수영,126.9583164,35.9454581
서부권역 다목적체육관,638594524,전라북도 익산시 동서로 91 서부권역 다목적체육관(모현동2가),수영,126.9450339,35.9563959
전정환탁구클럽,24454639,전라북도 군산시 대학로 71 3층 전정환탁구클럽(명산동),탁구,126.7095482,35.9839297
꿈을추는캐런밸리.실용댄스학원,639273532,전라북도 정읍시 씨교2길 39 2층(장명동),댄스,126.8598339,35.5655115
함열올림픽스포츠센터 익산,638594629,전라북도 익산시 함열읍 함낭로 511 함열올림픽스포츠센터,수영,126.964264,36.0750749
청룡아중합기도체육관,632415446,전라북도 전주시 덕진구 무삼지로 27 2층(인후동1가),합기도,127.1647839,35.8280668
우석대엘리트태권도,635717977,전라북도 정읍시 신태인읍 호남철로 38 우석대엘리트태권도,태권도,126.8834241,35.6948008
지평선탁구장,635477005,전라북도 김제시 남북로 248 2층(요촌동),탁구,126.8836118,35.8058837
사단법인 희망찬남원,636367070,전북 남원시 용성로 49 남원국민체육센터(수영장),수영,127.3817786,35.4102796
경희대산북태권도,634663627,"전라북도 군산시 칠성7길 56 정문 주상가2층 경희대산북태권도(산북동, 하나리움시티)",태권도,126.6804946,35.9657972
용인대석사지킴이태권도장,635370886,"전라북도 정읍시 수성3로 26 108-201(수성동, 제일아파트)",태권도,126.8560701,35.5835833
전주복싱 멋짐 킥복싱무에타이 국제,632251929,전라북도 전주시 완산구 모악로 4746 태양빌딩4층 멋짐(평화동1가),복싱,127.132257,35.793054
순창군 공공승마장,636505523,전라북도 순창군 팔덕면 신촌길 238 순창군 공공승마장,승마,127.1139541,35.3838092
마스터볼링장,632777070,전라북도 전주시 덕진구 사근1길 31 cm빌딩 3층 마스터볼링장(송천동2가),볼링,127.1305541,35.8666658
지평선탁구장,635477005,전라북도 김제시 남북로 248 2층(요촌동),탁구,126.8836118,35.8058837
웰니스업,632837887,전라북도 전주시 완산구 원효자길 20 웰니스업(효자동2가),수영,127.0908731,35.7977127
MTA송암태권도,638344443,전라북도 익산시 하나로13길 25 2층(영등동),태권도,126.9786011,35.9603751
함앤장 군산요가원,634436699,전라북도 군산시 부골1길 47 함앤장 군산요가원(조촌동),요가,126.742742,35.9739655
유한회사 스포츠투게더,634522102,전라북도 군산시 임피면 호원대3길 47 2동 2층,기타종목,126.867381,35.9617807
코리아나볼링센타,634432516,전라북도 군산시 해망로 206 코리아나 볼링센타(장미동),볼링,126.7149035,35.9891432
우슬국민체육센터,615305791,전라남도 해남군 해남읍 해남로 72 우슬국민체육센터,수영,126.6232603,34.5684998
골프존 파크 곡성 골프왕점,613630038,전라남도 곡성군 곡성읍 학교로 92 골프존 파크 곡성 골프왕점,골프,127.2903463,35.2824796
대한합기도승리관 신흥수련관,612810044,"전라남도 목포시 신흥로 13 우성상가 2층 202호(상동, 우성아파트)",합기도,126.4215393,34.8025717
우주스피닝,,전라남도 고흥군 고흥읍 고흥군청로 4 401호 우주스피닝,기타종목,127.2769531,34.6047053
주은태권도체육관,616867679,전라남도 여수시 소호6길 15-17 주은태권도체육관(소호동),태권도,127.6487662,34.7401773
한국태권도,27925965,전라남도 광양시 금영로 156 목우상가 2층(광영동),태권도,127.7198295,34.9644622
대호태권도체육관,612466322,전라남도 신안군 압해읍 압해로 861 3층,태권도,126.3145088,34.8645009
헐크짐,,전라남도 광양시 광양읍 칠성로 52 2층 헐크짐,헬스,127.5842638,34.9787271
대화볼링센타,612767890,전라남도 목포시 삼학로 333 대화볼링센타(용해동),볼링,126.4085094,34.8007579
주화승 핀엑스볼링,613750081,전라남도 화순군 화순읍 쌍충로 70 2층,볼링,126.9824564,35.0578254
경희대석사태권도,617255345,전라남도 순천시 봉화2길 93 경희대석사태권도(2층)(조례동),태권도,127.5178406,34.9612147
준케어 슬링운동센터,616538027,"전라남도 여수시 여서1로 92 한국빌딩 2층(전면), 준케어 슬링운동센터(여서동)",기타종목,127.7071848,34.7538368
땅끝해남스포츠클럽,615340061,전라남도 해남군 해남읍 해남로 72 땅끝해남스포츠클럽,기타종목,126.6232603,34.5684998
땅끝승마체험장,615369098,전라남도 해남군 옥천면 용동길 158 땅끝승마체험장,승마,126.6509768,34.5390413
최희라댄스스포츠,26546663,전라남도 여수시 여문문화1길 38-1 전남 여수시 문수8길 6-9. 우리빌 1층,댄스(줌바 등),127.7034381,34.7528788
더블비 휘트니스 영광점,,전라남도 영광군 영광읍 천년로 1489 2층 더블비휘트니스,헬스,126.5044214,35.2753432
스위밍차일드 여수웅천점,616868018,전라남도 여수시 예울마루로 37-26 스위밍차일드(웅천동),수영,127.6700278,34.7469786
더원빌리어드,,전라남도 순천시 하대석길 44 로즈빌딩 2층 더원빌리어드(연향동),기타종목,127.5250934,34.9463836
해동검도무사본관,613741025,전라남도 화순군 화순읍 광덕로 177 지하1층,검도,126.9921815,35.0606496
드림휘트니스,613516166,전라남도 영광군 영광읍 물무로 214 2층 드림휘트니스,헬스,126.5147239,35.2718126
초당검도관,617940756,"전라남도 광양시 공영로 10 상가동401호 초당검도관(중동, 금광1차아파트)",검도,127.6908684,34.9357666
해동검도스쿨,616857766,전라남도 여수시 소라면 죽림로 37 2층,검도,127.6394361,34.7640177
즐거운 헬스타운,613242434,전라남도 함평군 함평읍 교광길 10 즐거운 헬스타운,헬스,126.5190186,35.0619936
경희대 길라잡이 태권도장,612854655,전라남도 무안군 삼향읍 남악4로 50 101동 2층 상가 경희대 길라잡이 태권도장(골든스위트),태권도,126.4664304,34.8105302
해동검도제일도장,617267002,"전라남도 순천시 오천4길 21 상가2층해동검도 제일도장(오천동, 골드클래스)",검도,127.4929098,34.9328103
청전태권도장,613756770,"전라남도 화순군 화순읍 광덕로 154 207호, 208호 (청전상가)",태권도,126.9927175,35.0582432
지니트리요가플라잉,617938889,전라남도 광양시 눈소3길 35 2층 지니트리요가(마동),필라테스,127.7050414,34.9376967
남악축구클럽&모드니무용,,전라남도 무안군 삼향읍 대죽동로16번길 22 신협프라자201호 남악축구클럽,축구,126.4654806,34.8112351
빅짐휘트니스,,전라남도 무안군 삼향읍 남악3로 74 9층 빅짐휘트니스,헬스,126.4606844,34.8120922
드림팀 합기도,613824001,전라남도 담양군 담양읍 중앙로 65 2층 드림팀 합기도,합기도,126.9825869,35.3189427
행복마굿간,,전라남도 고흥군 포두면 외산길 52-12 차동리1221 행복마굿간,승마,127.3586022,34.53844
점핑하이(빛가람점),613364397,전라남도 나주시 중야2길 10 3층302호 점핑하이 빛가람점(빛가람동),기타종목,126.78459,35.0158896
운동의미학,617950977,전라남도 광양시 진등1길 12 3층 운동의미학(중동),헬스,127.6896457,34.949863
도솔합기도,617632339,전라남도 광양시 광양읍 희양현로 40 3층 도솔합기도,합기도,127.5872072,34.9744798
명품당구클럽,,전라남도 여수시 미평로 82 2층 명품당구클럽(미평동),당구,127.7095134,34.7701
드래곤태권도장,615445258,전라남도 진도군 진도읍 쌍정2길 39 3층,태권도,126.2650986,34.4831642
빛가람농구교실,,전라남도 나주시 상야3길 8 1층 112호(빛가람동),농구,126.7903643,35.0229256
빛날태권도,,전라남도 나주시 그린로 331 2층 빛날태권도(빛가람동),태권도,126.7944003,35.0160104
돌산체육관 탁구전용구장,,전라남도 여수시 돌산읍 강남로 18 돌산체육관,탁구,127.7498493,34.7171471
청동태권도장,618355885,전라남도 고흥군 고흥읍 원동남계길 5 .,태권도,127.2875744,34.6096297
한울태권도,612826909,"전라남도 목포시 하당남부로 97 부영아파트5차 상가 3층(옥암동, 부영아파트)",태권도,126.43425,34.802475
천하효태권도,22774455,전남 목포시 청호로 210 신안비치팔레스 상가 4층 천하효태권도,태권도,126.371531,34.8091486
진남수영장,26528225,전라남도 여수시 내동1길 2 진남수영장(오림동),수영,127.720362,34.7621065
진도군체육회,615442007,전라남도 진도군 진도읍 공설운동장길 57 진도군체육회,볼링,126.2800795,34.4771967
진도아리랑스포츠클럽,615447110,전라남도 진도군 진도읍 공설운동장길 57 아리랑피지컬센터 2층,배드민턴,126.2800795,34.4771967
휴먼감각통합발달센터,617259976,전라남도 순천시 율산길 1 (연향동) 2층 휴먼감각통합발달센터,기타종목,127.5231547,34.9414886
천지검도관,,전라남도 완도군 노화읍 노화로 891-39 천지검도관,검도,126.5660385,34.1771832
조오련수영장,615305796,전라남도 해남군 해남읍 해남로 72 우슬국민체육센터(조오련수영장),수영,126.6232393,34.5685011
챔프태권도장,616863188,전라남도 여수시 소라면 덕양로 112 단지내 상가 2층 챔프태권도장,태권도,127.6380059,34.7691128
광전 엠트레이닝센터,617217512,전라남도 순천시 왕궁길 25 대영빌딩 5층(조례동),기타종목,127.5322292,34.9544224
동아스크린골프연습장,262235558,전라남도 해남군 해남읍 고산로 85 동아스크린골프연습장,골프,126.6047432,34.5578793
창덕 해동검도,617631140,전라남도 광양시 광양읍 용강로 39 3층,검도,127.6081452,34.9732045
참사랑태권도장,619047775,전라남도 순천시 왕궁길 10 2층 참사랑태권도장(조례동),태권도,127.532681,34.9544657
참교육태권도,617510133,전남 순천시 서면 강청길 82 라송센트럴카운티 상가 3층,태권도,127.5000792,34.9861173
동행발달재활센터,616842468,전라남도 여수시 소라면 화양로 1953 동행발달재활센터,종합체육시설,127.6270172,34.7523079
용인대다윗태권도장,612787856,전라남도 목포시 마파지로27번길 14 3층(대성동),태권도,126.382563,34.8006035
s휘트니스클럽,618646767,전라남도 장흥군 장흥읍 괘야리1길 26-9 전라남도 장흥군 장흥읍 괘야리1길 26-9,헬스,126.9072389,34.6850079
광양체육관,617632521,전라남도 광양시 광양읍 대림오성로 18 3층 광양태권도장,태권도,127.5648361,34.9682758
힐링당구클럽,616656354,전라남도 여수시 망마로 54 301호(신기동),당구,127.6683205,34.7587741
박사태양태권도장,616528268,전라남도 여수시 여문2로 73 2층 5호 박사태양태권도장(문수동),태권도,127.6929933,34.7546608
국가대표코리아태권도장,613331286,전라남도 나주시 그린로 329 202호(빛가람동),태권도,126.7945656,35.0157772
용인대광양태권도장,617612227,전라남도 광양시 광양읍 와룡길 40 3층,태권도,127.611143,34.9693221
사4차원균형다이어트요가원,617434086,전라남도 순천시 충효로 121 2층(조례동),요가,127.5152784,34.9497108
박민수탁구클럽,,전라남도 나주시 상야4길 16-10 4층 박민수 탁구클럽(빛가람동),탁구,126.7931974,35.0233029
용인대광명태권도장,613565124,전라남도 영광군 홍농읍 상하길 40 301호,태권도,126.445601,35.3952091
Y댄스아카데미학원,614341597,전라남도 강진군 강진읍 송계로 20 Y댄스 아카데미학원,댄스(줌바 등),126.7601417,34.6340697
광양시청광양수영장,617973800,전라남도 광양시 봉강면 명암길 7 광양수영장,수영,127.5729862,34.9805314
성황스포츠센터수영장,617973937,전라남도 광양시 성황도이로 66-16 성황스포츠센터(수영장)(도이동),수영,127.6824426,34.9363248
성황스포츠센터다목적체육관,,전라남도 광양시 성황도이로 66-22 체육과(도이동),기타종목,127.683503,34.9364325
사단법인 목포스포츠클럽,612760502,전라남도 목포시 영산로 413-3 목포과학대학교 웰빙1관 202호(상동),축구(풋살),126.4109602,34.8081746
스포팅,612742014,전라남도 목포시 옥암로 95 포르모3층 스포팅스포츠(상동),축구(풋살),126.4254379,34.8073337
아카데미당구클럽,6126392002,전라남도 여수시 망마로 40 4층(학동),당구,127.66705,34.7592841
바른정렬 필라테스,,전라남도 목포시 남악2로9번길 14-9 2층 201호(옥암동),필라테스,126.4514932,34.807296
국무합기도,615522354,전라남도 완도군 완도읍 개포로135번길 24 국무합기도,합기도,126.7418955,34.3204512
하늘샾태권도장,,전라남도 목포시 연산백련로31번길 2-6 1층 하늘태권도(연산동),태권도,126.3898621,34.8175804
용당타이거즈태권도,617528772,전라남도 순천시 삼산로 92-55 1층5호 용당타이거즈태권도(용당동),태권도,127.4944921,34.9711194
요가하우스 숨,,전라남도 장흥군 장흥읍 건산로1길 11 3층,요가,126.9096733,34.6801029
원준골프아카데미,612847169,전라남도 목포시 영산로 653 원준골프아카데미(석현동),골프,126.4223616,34.8234067
사한국운동재활복지협회 스페셜 무브먼트,27430153,"전라남도 순천시 장천안길 5-42 1층, 스페셜 무브먼트(장천동)",기타종목,127.4887301,34.9489889
바른바디필라테스,,전라남도 곡성군 곡성읍 읍내11길 10 2층,필라테스,127.2937167,35.2815619
봉황의나라 택견전수관,618421996,전라남도 고흥군 도양읍 천마로 86 택견전수관,기타종목,127.1380503,34.530436
국제볼링타운,612788014,전남 목포시 청호로 170 (청호로),볼링,126.3740275,34.8060847
원투복싱다이어트클럽,612769114,전라남도 목포시 연산로 153 2층 원투복싱다이어트클럽(산정동),복싱,126.3801706,34.810377
구례체육관,617835588,전라남도 구례군 구례읍 동편제길 33 2층,태권도,127.4609101,35.2152675
한국체대 백궁 태권도,276595245,전라남도 광양시 광양읍 와룡길 33 용강리 송보7차 상가 302호(광양송보파인빌7차아파트),태권도,127.6122964,34.9696179
광양레포츠,617987900,전라남도 광양시 중마로 410 1층수영장(마동),수영,127.703081,34.9465138
월드볼링센타,617630753,전라남도 광양시 광양읍 회암2길 10 월드볼링센타,볼링,127.5773599,34.9636189
윤마스터태권도장,612825667,전라남도 목포시 백년대로337번길 24 3층 윤마스터태권도장(상동),태권도,126.4228829,34.8075835
머슬헬프,613752486,전라남도 화순군 화순읍 만연로 66-11 4층,헬스,126.9913002,35.0616859
왕호태권도장,616863310,전라남도 여수시 좌수영로 682-28 신동아상가 2층 201호 왕호태권도장(봉계동),태권도,127.6923461,34.7848318
스위밍차일드 여수웅천점,616868018,전라남도 여수시 예울마루로 37-26 스위밍차일드(웅천동),수영,127.6700278,34.7469786
왕성태권도장,29011262,전라남도 순천시 해룡면 조례못등길 126 2,태권도,127.5285068,34.9476516
왕매력짐,,전라남도 해남군 해남읍 남부순환로 5 7층 왕매력짐,헬스,126.6073492,34.5703352
바디스미스 여천점,616868008,전라남도 여수시 쌍봉로 32 후문상가 305 306 307 308호(학동),헬스,127.6593923,34.7661083
원투복싱다이어트클럽,615525189,전라남도 완도군 완도읍 개포로56번길 16-4 원투복싱다이어트클럽,복싱,126.7477095,34.316519
완도주짓수,,전라남도 완도군 완도읍 개포로145번길 38 2층 완도주짓수,주짓수,126.7427695,34.3222704
바디스미스,616819696,전라남도 여수시 웅천7길 17 3층 바디스미스(웅천동),헬스,127.6846379,34.7437227
완도수영장,615505115,전라남도 완도군 완도읍 중앙길 37 완도수영장,수영,126.7592489,34.3131688
스파이더짐,616552220,전라남도 여수시 문수로 50(문수동) 4층,기타종목,127.701246,34.7522769
올림픽태권도장,613750076,전라남도 화순군 화순읍 중앙로 101 부영3차상가401호,태권도,126.9929531,35.0606037
상무헬스,,전라남도 장성군 삼계면 능성로 548 상무스포츠센터 1층(상무아파트),헬스,126.6771538,35.2605998
올All바른체형센터,,전라남도 순천시 지현길 18 올바른체형센터(덕월동),기타종목,127.4893826,34.9361319
한라태권도체육관,617411900,전라남도 순천시 이수로 224-9 1층(덕암동),태권도,127.5097574,34.9514902
훼밀리승마클럽,,전라남도 나주시 남평읍 지석로 765-34 훼밀리승마클럽,승마,126.8806259,35.0022667
옥포수상골프랜드,27728866,전라남도 광양시 옥곡면 장동길 55-9 옥포수상골프랜드,골프,127.7067736,34.9812655
민족사관태권도,617210744,전라남도 순천시 안산길 22 (연향동),태권도,127.5268441,34.9391405
뉴스포츠클럽,236292236,"전라남도 여수시 신기북7길 20 상가 1층 2호(신기동, 신기주공4단지)",태권도,127.6757532,34.7623501
크리스탈볼링장,615342669,전라남도 해남군 해남읍 명문길 15 크리스탈 볼링장 2층,볼링,126.5974164,34.5759127
MPK태권도장,617637982,전라남도 광양시 광양읍 서평8길 23 초록빌딩4층,태권도,127.5794768,34.9813563
관산태권도,618673128,전라남도 장흥군 관산읍 외학1길 23 관산태권도,태권도,126.9389151,34.5637927
옥과태권도,613637559,전라남도 곡성군 옥과면 죽림6길 20 1층 옥과태권도,태권도,127.1394778,35.275956
목포상무유도관,,전라남도 목포시 양을로 200-1 목포상무유도관(용당동),유도,126.3919861,34.810944
옥과 사또골 협동조합,23625300,전라남도 곡성군 옥과면 리문3길 19-10 옥과 사또골 문화센터 2층,헬스,127.1364113,35.2738962
힘찬특공무술 점핑플러스,,전라남도 완도군 완도읍 개포로 151 2 층 힘찬특공무술,줄넘기,126.7445755,34.3195071
명도복지관,612794879,전라남도 목포시 산정로199번길 25 명도복지관(산정동),헬스,126.3877352,34.8042319
다짐다GYM,,"전라남도 여수시 미평3길 37 1,2층 다짐(미평동)",헬스,127.7042826,34.7683102
완도수영장,615505115,전라남도 완도군 완도읍 중앙길 37 완도수영장,수영,126.7592489,34.3131688
오정빈 탁구클럽,22832437,전라남도 목포시 부흥로 87 5층  오정빈 탁구클럽(옥암동),탁구,126.4303853,34.8039547
국제승마장,297047788,전라남도 순천시 서면 구랑실로 13-12 (서면),승마,127.5502632,34.9930652
블랙벨트태권스쿨,,전라남도 여수시 소호7길 17 431-12 1층(소호동),태권도,127.6482561,34.7397969
우슬 국민체육센터,615305121,전라남도 해남군 해남읍 해남로 72 우슬 국민체육센터,수영,126.6232393,34.5685011
유에프오 볼링센터,617250185,전라남도 순천시 연향상가1길 4 UFO 볼링센터 지하1층(연향동),볼링,127.5212805,34.9516173
고흥브이실내수영장,618357531,전라남도 고흥군 고흥읍 장전신전길 140-31 고흥브이실내수영장,수영,127.2700226,34.5824864
용인대엘리트태권도장,,전라남도 여수시 화산2길 32 1층 용인대엘리트태권도장(화장동),태권도,127.645765,34.7729564
오룡야무진합기도,612855378,전라남도 무안군 일로읍 오룡번영3로 30 303호 오룡야무진합기도,합기도,126.4823773,34.8035473
북항비룡태권도,,전라남도 목포시 고하대로 641-12 신안비치 2차 정문 상가동 3층(산정동),태권도,126.3682966,34.8065503
예울검도관,,전라남도 여수시 예울마루로 35-43 2층(웅천동),검도,127.6727239,34.7461072
서영완탁구교실,,전라남도 여수시 시청로 34 5층 503호 서영완 탁구교실(학동),탁구,127.6633397,34.764728
굿바디필라테스,617911283,전라남도 광양시 광영로 79 3층(광영동),필라테스,127.7201588,34.9618694
카르페클라임,619806042,전라남도 무안군 삼향읍 대죽서로 41 2층 카르페클라임,클라이밍(암벽등반),126.4617377,34.8124792
영암군세한공공스포츠클럽,614691133,전라남도 영암군 삼호읍 녹색로 1113 복지회관3층,헬스,126.4863442,34.7509384
영암군 어울림 당구클럽,,전라남도 영암군 삼호읍 세가래2길 27 3층,당구,126.4736049,34.7466176
으랏차차 탁구부,,전라남도 목포시 영산로121번길 35 5층 으랏차차 탁구부(남교동),탁구,126.382618,34.793993
엠앤피필라테스,619132600,전라남도 광양시 구마길 80-30 2층(중동),필라테스,127.689179,34.9496225
은성당구클럽,,전라남도 보성군 보성읍 중앙로 75 은성당구클럽,당구,127.0824118,34.7688644
석사제일태권도,617529109,전라남도 순천시 석현북길 14 14(석현동),태권도,127.4761665,34.9735682
복싱피스트,,전라남도 순천시 오천6길 24 506호(오천동),복싱,127.4945265,34.9332702
석사태권도장,617246829,"전라남도 순천시 연향1로 55 석사태권도장(연향동, 부영1차아파트)",태권도,127.521318,34.9461564
선교체육관,617991717,전라남도 광양시 폭포사랑길 99 백운쇼핑센타 1층(금호동),합기도,127.73225,34.9403013
영광체육관,613513237,전라남도 영광군 영광읍 물무로 96 영광체육관,태권도,126.5104003,35.2764409
영광헬스클럽,613521450,전라남도 영광군 영광읍 옥당로 170-17 2층영광헬스클럽,헬스,126.5026679,35.2770356
영광태권도체육관,,전라남도 영광군 영광읍 물무로 96 영광태권도체육관 1층,태권도,126.5104003,35.2764409
영광전남합기도체육관,613521130,전라남도 영광군 영광읍 천년로 1506 301호,합기도,126.5050804,35.2766263
영광볼링장,613512334,전라남도 영광군 영광읍 천년로13길 25 영광볼링장,볼링,126.5062659,35.2750462
영광당구장,613511353,전라남도 영광군 영광읍 천년로11길 38 3층 영광당구장,당구,126.4998577,35.2755567
한게임 당구클럽,,전라남도 나주시 나주로 83-8 1층(송월동),기타종목,126.7160851,35.0265068
야무진태권도,617836741,전라남도 구례군 구례읍 동편제길 33 2층,태권도,127.4609101,35.2152675
필라테스바다,,전라남도 여수시 소호로 481-1 2층(소호동),필라테스,127.6533301,34.7455352
그린골프클럽,,전라남도 해남군 마산면 명량로 2762-27 그린골프클럽,골프,126.5560797,34.5876203
성화태권도체육관,614332123,전라남도 강진군 강진읍 보은로3길 32 3층 성화태권도,태권도,126.7713096,34.6402878
세계특공무술연맹 극한체육관,7042246271,전라남도 영광군 영광읍 옥당로 104 특공무술 극한체육관,기타종목,126.5041226,35.2720766
세종체육도장,613319660,전라남도 나주시 남평읍 남평2로 34 3층세종태권도,태권도,126.8429299,35.0452882
이루다재활운동센터,616515025,"전라남도 여수시 문수로 13 공간빌딩, 401호(문수동)",기타종목,127.6989694,34.7496948
세진태권도장,615526006,전라남도 완도군 완도읍 개포로145번길 29 세진태권도장,태권도,126.7428138,34.3215608
센소리엘,616862388,전라남도 여수시 웅천로 108 파로스타워 301 센소리엘(웅천동),기타종목,127.6753712,34.7414285
다이나믹뮤직복싱,617915058,전라남도 광양시 진등5길 34 2층(마동),복싱,127.6921097,34.9548763
연세언어발달연구센터,617249022,전라남도 순천시 왕지2길 4-14 2층(왕지동),기타종목,127.5223935,34.9693371
가야볼링장,617912332,전라남도 광양시 오류5길 65 1층(중동),볼링,127.6962955,34.9380289
여수탑클래스유도짐,616920507,"전라남도 여수시 예울마루로 30 302호(웅천동, 웅천지웰)",유도,127.6714481,34.7480832
여수실내암벽,616918611,전라남도 여수시 망마로 65 2층(신기동),클라이밍(암벽등반),127.6698848,34.7587658
보스당구장,22844897,전라남도 목포시 비파로 123 2층(상동),기타종목,126.4225018,34.8086022
도솔합기도,617632339,전라남도 광양시 광양읍 희양현로 40 3층 도솔합기도,합기도,127.5870956,34.9744726
엠앤피필라테스MP pilates,619132600,전라남도 광양시 구마길 80-30 2층(중동),필라테스,127.689179,34.9496225
보성피트니스센터,618537878,전라남도 보성군 보성읍 흥성로 2543-20 2층 보성피트니스센터,헬스,127.0897961,34.767227
보성태권도장,618527989,전라남도 보성군 보성읍 신일길 6-1 보성태권도장,태권도,127.0814901,34.7691297
금강인성태권도장,617610003,전라남도 광양시 광양읍 용강1길 43 2층 금감인성태권도장,태권도,127.6092115,34.9763327
남악축구클럽,,전라남도 무안군 삼향읍 대죽동로16번길 22 신협프라자201호 남악축구클럽,축구(풋살),126.4654806,34.8112351
수영장,616520010,전라남도 여수시 여문1로 43-9 바른수영(여서동),수영,127.7043777,34.7522168
순천공공스포츠클럽,617447330,전라남도 순천시 팔마로 333 팔마국민체육센터(연향동),배드민턴,127.5194453,34.9383436
순천시 체육회,7075434711,전라남도 순천시 팔마로 333 팔마국민체육센터1층(연향동),탁구,127.5194453,34.9383436
금강태권도,617637040,전라남도 광양시 광양읍 서평로 61 대성빌딩 201호 금강태권도,태권도,127.578213,34.979545
순천시어울림체육센터,617494489,전라남도 순천시 동천저류지길 37 37(풍덕동),배드민턴,127.4989927,34.9377699
순천언어심리재활센터,617277288,전라남도 순천시 왕궁길 25 순천언어심리재활센터 2층(조례동),기타종목,127.5322292,34.9544224
순천한국유도관특수체육,27219944,순천시 조례못등2길 11-6번지 1층,기타종목,127.5295091,34.9514997
무림체육관,616552364,전라남도 여수시 쌍봉로 365 2층 무림체육관(둔덕동),합기도,127.6943854,34.7686773
금계체육관,613330456,전라남도 나주시 나주로 83-16 3층금계체육관(송월동),태권도,126.7153575,35.0263355
금강태권도장,616432738,전라남도 여수시 신월로 801 1층(서교동),태권도,127.7262895,34.7399104
스마일요가,613529770,전라남도 영광군 영광읍 중앙로 157-1 2층 스마일요가,요가,126.5118415,35.2730821
금계체육관,613330456,전라남도 나주시 나주로 83-16 3층 체육관(송월동),태권도,126.7153575,35.0263355
피트니스스타 화순점,613716367,전라남도 화순군 화순읍 충의로 6 미리내빌딩 4층 피트니스스타,헬스,126.9783267,35.0553937
금당챔피온태권스쿨,617215488,"전라남도 순천시 장선배기길 77 상가3층1호(조례동, 부영5차아파트)",태권도,127.5302204,34.9531473
스위밍차일드 나주혁신점,613333348,전라남도 나주시 상야4길 16-10 드림페이스1층 스위밍차일드(빛가람동),수영,126.7931974,35.0233029
금당태권도,,전라남도 순천시 장선배기길 68 금당태권도(조례동),태권도,127.5288998,34.9532707
스위밍차일드 목포남악점,612849002,전라남도 무안군 삼향읍 대죽동로16번길 15 나이스프라자 1층 스위밍차일드,수영,126.4649219,34.8105346
스위밍차일드 빛가람점,,전라남도 나주시 그린로 224 1층 스위밍차일드(빛가람동),수영,126.7908475,35.0092104
에스지sg골프,613631717,전라남도 곡성군 곡성읍 충의로 180-19 45658,골프,127.2968512,35.2767971
스위밍차일드광양중마점,617936001,전라남도 광양시 느지매기길 15-8 1층 스위밍 차일드(마동),수영,127.6866761,34.9544889
한국체대LEE태권도 진도지점,25448946,전라남도 진도군 진도읍 남문길 34 2층 한국체대 이태권도,태권도,126.2639301,34.4812222
건강해GYM,,전라남도 장흥군 장흥읍 중앙로1길 20 2층 건강해GYM,헬스,126.9108647,34.6779046
피우다아이발달연구소순천점,,전라남도 순천시 해룡면 신대3길 5-94 7층,기타종목,127.550961,34.934983
강변태권도장,613358973,전라남도 나주시 남평읍 강변1길 21-28 2층,태권도,126.8495698,35.0433424
피우다아이발달연구소 여수점,,전라남도 여수시 소라면 죽림중앙로 13-38 2층,기타종목,127.6336938,34.7621712
건강나눔평생교육원,22737727,전라남도 목포시 삼일로13번길 21 (남교동),기타종목,126.3813891,34.7939771
에스댄스학원,,전라남도 영광군 영광읍 옥당로 170-17 3층,댄스(줌바 등),126.5026679,35.2770356
제이키즈클럽,299663237,전라남도 화순군 화순읍 대교로 129 2층 제이키즈클럽,기타종목,126.9936647,35.0635104
미초카페,,전라남도 광양시 오류5길 21 미초카페1층(중동),기타종목,127.6915085,34.9380068
플렉스짐,612770997,전라남도 목포시 산정로 287 4층 플렉스짐(연산동),헬스,126.3848699,34.8121611
스타 엠 짐star M gym,27623088,전라남도 광양시 광양읍 신재로 81 2층,기타종목,127.5884562,34.9784879
스타1관,612726820,전라남도 목포시 용당로 201 수협2층 목포스타1관(용당동),기타종목,126.3981599,34.8048321
뮤토,249359246,전라남도 순천시 시민로 46-1 4층 뮤토(남내동),댄스(줌바 등),127.4863134,34.953897
주식회사볼링300,613330306,전라남도 나주시 빛가람로 838 지하1층 볼링장(빛가람동),볼링,126.8033958,35.0213161
금성승마장,,전라남도 담양군 금성면 무림길 61 금성승마장,승마,127.0190834,35.3474346
문정태권도장,623936786,전라남도 장성군 장성읍 매화6길 4 1층,태권도,126.7827834,35.2993616
문무합기도,613929914,전라남도 장성군 장성읍 매화1길 37 1층 문무합기도,합기도,126.7862023,35.3002344
bkgym,617460099,전라남도 순천시 명말2길 2 비케이짐피트니스(연향동),헬스,127.5138518,34.9369881
무한도전태권도,617212232,전라남도 순천시 봉화1길 123 4층 무한도전태권도(조례동),태권도,127.5145252,34.9619403
금일태권도장,615553225,전라남도 완도군 금일읍 금일로 493 금일태권도장,태권도,127.0375532,34.3496562
무적다윗종합무술관,613356901,전라남도 나주시 공산면 공산로 133-1 2층 무적다윗종합무술관,기타종목,126.6074351,34.9425149
일대풍호 태권도장,613349919,전라남도 나주시 그린로 195 전라남도 나주시 그린로 195(빛가람동),태권도,126.7877681,35.0097265
야놀자다트샵,613757236,전라남도 화순군 화순읍 중앙로 101 상가동206,기타종목,126.9929531,35.0606037
야놀자 다트샵,,전라남도 화순군 화순읍 만연로 66-10 야놀자 다트샵 2층,기타종목,126.9911633,35.0614145
시민태권도체육관,616530744,전라남도 여수시 여서동1길 21-1 302호(여서동),태권도,127.7077686,34.7534177
애향태권도장,612848677,전라남도 목포시 당가두로38번길 13 옥암주공1차 상가2층(옥암동),태권도,126.4405814,34.8096649
애플볼링센타,617530593,전라남도 순천시 중앙로 310 2층 애플볼링센타(가곡동),볼링,127.4826889,34.9732999
임정심댄스스포츠학원,617421230,전라남도 순천시 시민로 19-1 순천시 장천동 185(장천동),댄스(줌바 등),127.4857745,34.9516643
THEFIT,617231028,전라남도 순천시 왕지로 2 KD(경담)빌딩 4층 THEFIT(왕지동),헬스,127.5224424,34.9696728
몸이야필라테스 목포남악점,22831116,전라남도 무안군 삼향읍 대죽동로 43 그랜드프라자2층 몸이야필라테스목포남악점,필라테스,126.463771,34.8126737
프라우드짐,617617611,전라남도 광양시 광양읍 용강로 39 2층 프라우드짐,헬스,127.6081452,34.9732045
백운체육관,617627082,전라남도 광양시 광양읍 성북길 40 1층 백운체육관,합기도,127.5836421,34.9733801
풍양스크린골프연습장,618320755,전라남도 고흥군 풍양면 고흥로 1202 풍양스크린골프연습장,골프,127.2451375,34.5765241
신대복싱,617249222,전라남도 순천시 해룡면 매안로 139 2층 신대복싱,복싱,127.5503072,34.935487
신대해동검도,617229060,전라남도 순천시 해룡면 매안5길 15-37 2층 신대해동검도,검도,127.5524769,34.9322647
품 태권도장,617918229,전라남도 광양시 광장로 103 201호 202호(중동),태권도,127.6945947,34.9331967
목포테마승마클럽,612840512,전라남도 무안군 삼향읍 영산로 1100-5 목포테마승마클럽,승마,126.4281733,34.8623348
목포탁구교실,612443966,전라남도 목포시 양을로33번길 3 2층 목포탁구교실(산정동),탁구,126.3799907,34.8014516
목포시장애인태권도협회,612426868,전라남도 목포시 호남로24번길 6 1층(남교동),태권도,126.3810417,34.7947079
장성실내수영장,613907840,전라남도 장성군 장성읍 문화로 81 장성실내수영장,수영,126.7705189,35.3005033
아쿠아스플래쉬목포옥암점,612776200,전라남도 목포시 남악로 22-16 팰리시티몰 A동 108호 아쿠아스플래쉬 수영장(옥암동),수영,126.4406772,34.8020544
장성태권도장,613945775,전라남도 장성군 장성읍 매화6길 23 장성태권도장,태권도,126.784117,35.3008655
모던필라테스목포무안점,,전라남도 무안군 일로읍 오룡번영로 62 수양빌딩5층,필라테스,126.4782377,34.8025991
용인대율산태권도,617252897,"전라남도 순천시 안산길 5 상가동 201호 용인대율산태권도(연향동, 호반리젠시빌1차아파트)",태권도,127.5285532,34.9413082
푸른숲발달지원센터,616857005,전라남도 여수시 학동6길 7 1층 푸른숲발달지원센터(학동),기타종목,127.6670157,34.7638898
퐁당퐁당어린이전용수영장,,전라남도 순천시 구암1길 8 퐁당퐁당어린이전용수영장(연향동),수영,127.513792,34.9475405
신화탁구장,,전라남도 광양시 광양읍 서평9길 24 신화탁구장,탁구,127.579723,34.9814705
용호체육관,616553653,전라남도 여수시 여서1로 31-1 3층(여서동),합기도,127.70164,34.7512007
심청볼링장,613625005,전라남도 곡성군 곡성읍 읍내2길 14 심청볼링장,볼링,127.2904425,35.2776231
폭스짐휘트니스,237590128,전라남도 고흥군 고흥읍 터미널길 13 빅 리치타워 5층 폭스짐 휘트니스,헬스,127.281097,34.6064799
장흥볼링장,618623355,전라남도 장흥군 장흥읍 건산동부로 83 장흥볼링장,볼링,126.9114345,34.6834367
한라태권도장,617411900,전라남도 순천시 이수로 224-9(덕암동) 1층,태권도,127.5097574,34.9514902
용호체육관,617615009,전라남도 광양시 광양읍 호북길 26 용호체육관,합기도,127.5842747,34.9810617
명품태권도장,612841067,전라남도 목포시 남악1로 56 2층 명품태권도장(옥암동),태권도,126.4455521,34.8100309
명품당구클럽,,전라남도 여수시 미평로 82 2층 202호(미평동),당구,127.7095134,34.7701
전남체육관,613837615,전남 담양군 수북면 진등길 8 ,태권도,126.9321301,35.3001241
용호태권도장,617444740,전라남도 순천시 남산로 126 용호태권도장(풍덕동),태권도,127.5021064,34.9396903
썬더그라운드댄스아카데미학원,,전라남도 광양시 광장로 149-1 3층(중동),댄스(줌바 등),127.694845,34.9374148
명성헬스클럽,617241247,전라남도 순천시 신월큰길 34 3층(조례동),헬스,127.5177846,34.9608874
썬데이키즈,613317770,전라남도 나주시 배멧1길 10 휴먼스프라자607호(빛가람동),축구(풋살),126.7933584,35.018135
씨케이짐,272221048,전라남도 고흥군 고흥읍 여산당촌길 43 3층 씨케이짐,헬스,127.2783852,34.6073283
아이스타 태권도장,275190773,전라남도 목포시 신흥로45번길 8 101동1003호,태권도,126.4254772,34.8039085
유한회사해남골프존,615330874,전라남도 해남군 해남읍 남부순환로 175 유한회사해남골프존,골프,126.592939,34.5665395
아람부부태권도장,613328118,전라남도 나주시 남평읍 지석로 167 상가동 206호 아람부부태권도장(나주 남평강변도시 양우내안애 리버시티2차),태권도,126.8536737,35.0375921
황금당구클럽,618640123,전라남도 장흥군 장흥읍 중앙로1길 13 황금당구클럽,당구,126.9101372,34.6777923
김명호탁구교실,612847522,전라남도 목포시 신흥로 92 3층 김명호탁구교실(옥암동),탁구,126.4301485,34.8051418
멘토태권도스쿨,614631112,전라남도 영암군 삼호읍 신항로 63-12 111호 멘토태권도스쿨,태권도,126.3797022,34.7450733
베네핏,,전라남도 목포시 용당로 337 3층 베네핏(용해동),헬스,126.3992978,34.816738
블랙벨트태권스쿨,616843334,전라남도 여수시 소호7길 17 1층(소호동),태권도,127.6482561,34.7397969
메카볼링센터,617727701,전라남도 광양시 옥곡면 신금로 40 1층 메카볼링센터,볼링,127.7244642,34.9668523
김병오탁구교실,556543636,전라남도 여수시 여문1로 35-1 4층(여서동),탁구,127.7049197,34.751938
o2bowl해남볼링센타,615365020,전라남도 해남군 해남읍 읍사무소길 12 o2bowl해남볼링센타,볼링,126.5977112,34.5680146
메이크더복서,617931282,전라남도 광양시 광영로 27 3층 메이크더복서짐(광영동),복싱,127.7258022,34.9617772
활기찬 이지은 태권도,,전라남도 광양시 광양읍 매천로 740 2층 활기찬 이지은 태권도,태권도,127.5777074,34.9782369
종로헬스클럽,,"전라남도 진도군 진도읍 남동1길 32 3층, 종로헬스클럽",헬스,126.2614915,34.4810851
영필라테스,613936333,전라남도 장성군 장성읍 매화1길 10 없음,필라테스,126.7834664,35.3002921
포미비룡태권도장,612777795,전라남도 목포시 포미로 16 3(용해동),태권도,126.397895,34.8174286
강동희 농구교실 목포남악점,612835949,전라남도 무안군 삼향읍 대죽동로16번길 15 120호 강동희 농구교실,농구,126.4649219,34.8105346
평생헬스 화순점,,전라남도 화순군 화순읍 중앙로 69 4층 평생헬스,헬스,126.9888898,35.0606453
화순볼링장,613729911,전라남도 화순군 화순읍 쌍충로 41 1층,볼링,126.9810361,35.0554563
화순군민종합문화센터 수영장,613793951,전라남도 화순군 화순읍 광덕로 231 화순군민종합문화센터,수영,126.9917646,35.0656315
블랙핏,615448283,전라남도 진도군 진도읍 남문길 5 3층 블랙핏,헬스,126.2635547,34.4786652
우리당구장,,전라남도 나주시 우정로 72 더클래스빌딩b동422호  우리당구장(빛가람동),당구,126.7872602,35.0234691
맹호태권도,612731976,전라남도 목포시 철로마을길 35 2층맹호태권도(산정동),태권도,126.384843,34.8044614
MTA태권도,614613579,전라남도 영암군 삼호읍 대불주거로 55-1 3층 MTA태권도,태권도,126.4657218,34.7463662
여천검도관,616847979,전라남도 여수시 도원로 162 2층여천검도관(안산동),검도,127.6489666,34.7606971
강한태권도,,"전라남도 순천시 봉화1길 21 (조례동,1층) 강한태권도(조례동)",태권도,127.5132415,34.9531917
패스체대입시및패스농구교실,26859823,전라남도 여수시 소라면 관기길 27 패스체대입시 및 패스농구교실,농구,127.6252875,34.7489851
망마국민체육센터,616848227,전라남도 여수시 여천체육공원길 49 망마국민체육센터(시전동),수영,127.6802514,34.7582143
종로헬스,615449700,전라남도 진도군 진도읍 남동1길 36 종로헬스,헬스,126.2620761,34.4809786
팔마헬스클럽,,전라남도 순천시 풍덕주택길 56 팔마헬스클럽(풍덕동),헬스,127.5029365,34.9421076
영필라테스평생교육원,,전라남도 장성군 장성읍 매화1길 10 2층,필라테스,126.7834664,35.3002921
강진AMF볼링센타,614332441,전라남도 강진군 강진읍 보은로2길 13 강진,볼링,126.7711716,34.6379236
비담태권도,612778824,전라남도 목포시 용해지구로 85 2층 비담태권도(연산동),태권도,126.3913775,34.8200444
4원균형다이어트요가원,616822015,전라남도 여수시 성산로 3 대성빌딩2층요가원(화장동),요가,127.638233,34.7733565
백호합기도인도관,615360105,전라남도 해남군 해남읍 서림길 14 3층,합기도,126.5935394,34.5747917
강진스포츠클럽,614337333,전남 강진군 군동면 종합운동장길 60 강진스포츠클럽,수영,126.782725,34.6457736
파라스포츠아카데미,,전라남도 순천시 왕궁길 5 지하 1층(조례동),기타종목,127.5324577,34.9540573
4차원균형다이어트요가원,617614086,전라남도 광양시 광양읍 기두3길 23 2층 4차원균형요가원,요가,127.6066375,34.9743028
점핑하이장성점,,전라남도 장성군 장성읍 영천로 212 3층,기타종목,126.7858781,35.3030337
정남진복싱클럽,28637878,전라남도 장흥군 장흥읍 물레방앗간길 25-6 2층 정남진복싱클럽,복싱,126.9064175,34.6792695
한국체대정건태권도장,615529119,전라남도 완도군 완도읍 개포로135번길 34 한국체대정건태권도,태권도,126.7415447,34.321295
팀암낫짐고흥관,,전라남도 고흥군 고흥읍 신계학림길 16 2층,기타종목,127.2878704,34.6111872
강한태권도장,,전라남도 신안군 지도읍 서촌길 69-6 강한태권도장,태권도,126.2052577,35.0613216
비케이짐피트니스,617956270,전라남도 광양시 공영로 67 3층 비케이짐피트니스(중동),헬스,127.6966038,34.9361106
4차원균형다이어트요가원여천점,26829300,"전라남도 여수시 망마로 40 5층, 4차원균형다이어트요가원(학동)",요가,127.66705,34.7592841
나주승마클럽,,전라남도 나주시 금천면 원곡길 71-116 나주승마클럽,승마,126.7434844,35.0433031
나주시장애인e스포츠연맹,613347942,전라남도 나주시 배멧1길 30-2 306호(빛가람동),기타종목,126.7923735,35.019821
티움아동청소년발달센터,619208775,전라남도 여수시 문수로 22 흥화빌딩 5층 티움아동청소년발달센터(문수동),기타종목,127.699807,34.7503728
용인대하당유도관,22819336,전라남도 목포시 신흥로45번길 12 지하 1층(상동),유도,126.4251926,34.80429
남산과학태권도장,617424020,전라남도 순천시 풍덕새길 86 1층 남산과학태권도장(풍덕동),태권도,127.4943768,34.9384289
경희태권도,617940842,"전라남도 광양시 공영로 10 금광아파트상가 301호(중동, 금광1차아파트)",태권도,127.6908684,34.9357666
경희체육관,612834653,전라남도 목포시 통일대로37번길 22 3층경희체육관(상동),태권도,126.4278189,34.8005811
정심관,615552626,전라남도 완도군 완도읍 개포로 146-7 3층 투혼정심관,복싱,126.7444028,34.3188274
남악축구체육교실,,"전라남도 무안군 삼향읍 대죽동로16번길 22 2층,201호 남악축구체육교실",축구(풋살),126.4654806,34.8112351
JJ당구클럽,,"전라남도 나주시 상야1길 21 B 동 302 호 (킹덤프라자, 빛가람동)",당구,126.7878845,35.0225784
남악탁구장,,전라남도 무안군 삼향읍 남악4로 53 미래로빌딩4층 남악탁구장,탁구,126.4655125,34.8102684
마스터당구클럽,,전라남도 목포시 부흥로 87 3층(옥암동),당구,126.4303853,34.8039547
정은정에어로빅,,전라남도 해남군 해남읍 구교3길 21-9 .,헬스,126.5913365,34.5780422
남해태권도체육관,612428726,전라남도 목포시 청호로130번길 11-2 3층 남해체육관(산정동),태권도,126.3776037,34.8043724
토리감각언어심리센터,27243243,전라남도 순천시 해룡면 신대3길 5-58 토리감각언어심리센터&어린이수영장,기타종목,127.5504845,34.9348845
국가대표 태권도장,616512222,전라남도 여수시 문수로 142 2층 국가대표 태권도장(문수동),태권도,127.709116,34.7569012
한울태권도,612826909,전라남도 목포시 하당남부로 108 상가동 2층(옥암동),태권도,126.4352112,34.8022277
플러스 짐,615448377,전라남도 진도군 진도읍 남산로 106 3층 플러스 짐,헬스,126.2639954,34.4746324
훼밀리승마클럽,613371287,전라남도 나주시 남평읍 지석로 765-34 나주시장애인승마협회,승마,126.8806259,35.0022667
농업회사법인 여수재활승마주식회사,616925288,전라남도 여수시 화양면 화양로 1020-52 힐링승마파크,승마,127.6110883,34.6847809
어울림 당구클럽,,전라남도 영암군 삼호읍 세가래2길 27 3층,기타종목,126.4736049,34.7466176
홍일체육관,617611198,전라남도 광양시 광양읍 용두2길 8 홍일유도체육관,유도,127.6074409,34.9710581
뉴 스포츠클럽,236292236,"전라남도 여수시 신기북7길 20 상가 1층 2호(신기동, 신기주공4단지)",태권도,127.6757531,34.7623501
태극 태권도,616651187,전라남도 여수시 동문로 89 2층 태극태권도(공화동),태권도,127.7416685,34.7447955
마동누리태권도장,617927688,전라남도 광양시 진등1길 12 1동 401호(중동),태권도,127.6896457,34.949863
제이엔에스풋볼파크,,전라남도 광양시 오류5길 62 2층 제이엔에스풋볼파크,축구(풋살),127.6958856,34.9376355
비오케이댄스팩토리,619204866,전라남도 여수시 도원로 256-1 2층 (비오케이 댄스팩토리)(학동),댄스(줌바 등),127.6594197,34.7608054
리틀짐태권도장,,전라남도 고흥군 고흥읍 고흥로 1802 리틀짐태권도장,태권도,127.2896289,34.6101562
니니필라테스,,전라남도 고흥군 도양읍 우주항공로 39 니니필라테스앤피트니스와이,필라테스,127.1403123,34.5275326
리얼스포츠,618637996,전라남도 장흥군 장흥읍 문림로 9 2층 리얼스포츠,헬스,126.9114252,34.67912
다나체형교정 필라테스 전남담양점,613815501,전라남도 담양군 담양읍 삼거리길 8-8 4층 다나필라테스,필라테스,126.9817075,35.3105842
제이필라테스,,전라남도 영광군 영광읍 물무로 154 101호,필라테스,126.5168495,35.2761507
우리아이태권도,618768763,전라남도 무안군 무안읍 무안중앙로 18 상가2층,태권도,126.4771468,34.9890009
비전나무아동청소년상담센터,617910119,전라남도 광양시 중마중앙로 219 비전나무(중동),기타종목,127.6977909,34.9498859
제일헬스,617638588,전라남도 광양시 광양읍 서평10길 36 1층 제일헬스클럽,헬스,127.580591,34.9818136
도솔합기도,617632339,전라남도 광양시 광양읍 희양현로 40 3층 도솔합기도,합기도,127.5870956,34.9744726
젤리짐,617951005,전라남도 광양시 광장로 107 젤리짐(중동),헬스,127.6942937,34.9338146
진도헬스,,전라남도 진도군 진도읍 남동1길 6-1 3층,헬스,126.2589839,34.4815118
황금당구클럽,28640123,전라남도 장흥군 장흥읍 중앙로1길 11-1 황금당구클럽,기타종목,126.9100586,34.6776927
비트볼링,23330306,전라남도 나주시 빛가람로 838 지하1층(빛가람동),볼링,126.8033958,35.0213161
리셋 건강운동센터,,전라남도 광양시 오류로 62 수성빌딩 5층(중동),헬스,127.6953443,34.9440613
킹스크린골프장,28633133,전라남도 장흥군 장흥읍 장흥로 76-10 2층 킹스크린골프장,골프,126.9116878,34.6838607
비호무송태권도,612775850,전라남도 목포시 산정로 67 2층(산정동),태권도,126.3927694,34.7945949
마마폴댄스,296315897,전라남도 무안군 삼향읍 남악3로 55 상가 130호 마마폴댄스(펠리시티3차 주상복합아파트),기타종목,126.4597748,34.8103374
킹스골프존,23942778,전라남도 장성군 삼계면 사창로 40-9 킹스골프존,골프,126.6673703,35.2589316
킹덤피트니스,293353550,전라남도 완도군 완도읍 장보고대로 147 킹덤 피트니스 완도,헬스,126.7453105,34.3216875
조이태권도장,613727717,전라남도 화순군 화순읍 중앙로 92 3층  조이태권도,태권도,126.9914308,35.0602742
킹덤 피트니스,,전라남도 장흥군 장흥읍 동교3길 2-6 킹덤 피트니스 1층,헬스,126.9056332,34.6795393
킹 당구 클럽,,"전라남도 순천시 연향중앙상가길 56 상가 유치원동 2층 킹당구클럽(연향동, 동부아파트)",당구,127.5188372,34.9485314
종로헬스클럽,,전라남도 진도군 진도읍 남동1길 32 3층,헬스,126.2614915,34.4810851
에스피에이 수영장,619848860,전라남도 목포시 대양로 155 1층 수영장(용해동),수영,126.3961004,34.822464
종합무술예절교육관 무덕관,,전라남도 강진군 강진읍 보은로1길 26 3층,주짓수,126.7695763,34.6383675
경희대칠성태권도,617610888,전라남도 광양시 광양읍 서평1길 9 상가204호(덕진광양의봄아파트),태권도,127.5740245,34.9766686
경희대최강태권도,23337224,전라남도 나주시 그린로 325 부영프라자 8층(빛가람동),태권도,126.794742,35.0155583
크리스탈 볼링장,615342669,전라남도 해남군 해남읍 명문길 15 크리스탈볼링장2층,볼링,126.5974164,34.5759127
대한태권도체육관,613739990,전라남도 화순군 화순읍 광덕로 213 상가3층303호 대한태권도장,태권도,126.9922544,35.0637967
로얄패밀리댄스스포츠센타,,"전라남도 여수시 소호로 649 부영2차상가 4층(안산동, 부영2차아파트) 농협건물",댄스(줌바 등),127.6554769,34.7601521
로얄댄스스포츠,27222701,전라남도 순천시 왕지3길 18-16 2층(왕지동),댄스(줌바 등),127.5261358,34.9711027
K1 STAR GYM,612856820,전라남도 목포시 영산로 635 석현빌딩 204호 스타체육관2관(석현동),기타종목,126.4219804,34.8222075
담빛수영장,23802626,전라남도 담양군 담양읍 담장로 20 담빛수영장,수영,126.9717315,35.3284491
담빛헬스장,23802626,전라남도 담양군 담양읍 담장로 20 담빛헬스장,헬스,126.9717315,35.3284491
합기도승리관,612721229,전라남도 목포시 백년대로 6 합기도승리관(산정동),합기도,126.3899777,34.7985326
담양 탁구클럽,23832373,전라남도 담양군 담양읍 객사2길 12 담양탁구클럽,탁구,126.9828682,35.322353
GX다이어트짐,617929696,전라남도 광양시 광장로 64 상가 3층(중동),에어로빅,127.6911032,34.9330671
합기도승리관 용해수련관,612772005,전라남도 목포시 용해지구로 4 3층 합기도승리관(용해동),합기도,126.3988639,34.8174493
대국합기도 체육관,617226556,"전라남도 순천시 조례신대앞길 25 2,3층 대국합기도(조례동)",합기도,127.5175114,34.9612917
경희대인성태권도,619061123,전라남도 순천시 해룡면 신대로 96 정문 상가 2층 경희대 인성 태권도(중흥에스-클래스3단지),태권도,127.550023,34.9319875
콤비당구장,,전라남도 고흥군 고흥읍 터미널길 30 콤비당구장,당구,127.2814969,34.6079159
건강나눔장애인평생교육원,612727727,전라남도 목포시 삼일로13번길 21 사단법인건강나눔(남교동),기타종목,126.3813891,34.7939771
현무태권도,,"전라남도 해남군 해남읍 성동1길 16-8 상가동 1, 2층(미림아파트)",태권도,126.602193,34.5686329
건강스포츠,616811947,전라남도 여수시 소호5길 6-8 건강스포츠(소호동),탁구,127.6515264,34.7442261
건강활동지원협동조합,612721333,전라남도 목포시 영산로 413-1 영신관 1층(상동),헬스,126.4091374,34.8073582
부영국제빙상장,617618600,전라남도 광양시 광양읍 순광로 482-7 부영국제빙상장,빙상(스케이트),127.5706589,34.9617289
해남골프연습장,615340073,전라남도 해남군 해남읍 고산로 97-61 해남골프연습장,골프,126.6093856,34.5547069
코리아탑태권도,616835777,"전라남도 여수시 웅천로 292 상가 3층 코리아탑 태권도(웅천동, 웅천 포레스트 부영 1단지)",태권도,127.6864682,34.7468093
해남금호태권도,615325282,전라남도 해남군 해남읍 동초길 23 1층 금호태권도,태권도,126.6043016,34.571554
해남요가원,615365999,전라남도 해남군 해남읍 군청길 5 3층,요가,126.5985858,34.5723883
코리아빌리어드클럽,26861239,전라남도 여수시 선소로 67 골드빌딩6층(학동),당구,127.6671763,34.7587519
현대태권도장,25522787,전라남도 완도군 완도읍 개포로135번길 52-5 1층,태권도,126.7415026,34.3231566
SC운동발달아카데미,286415308,"전라남도 신안군 압해읍 압해로 878 2층, sc운동발달아카데미",기타종목,126.3132144,34.8652929
현대태권도,617410322,전라남도 순천시 풍덕주택길 26 농협 3층 현대태권도(풍덕동),태권도,127.5024074,34.9435698
해동검도,616845397,전라남도 여수시 선소로 63 4층 해동검도(학동),검도,127.6670897,34.7585682
QED골프아카데미화순점,23750720,전라남도 화순군 화순읍 쌍충로 70 화승빌딩 3층 QED골프아카데미,골프,126.9824564,35.0578254
주식회사 조선태권도장,,전라남도 함평군 함평읍 영수길 99 2층 주식회사 조선태권도장,태권도,126.5181371,35.0609255
라이프태권스쿨,617243214,전라남도 순천시 해룡면 동명초등길 26 라이프태권스쿨(1층),태권도,127.5283081,34.9478705
케이엔비knb당구,,전라남도 여수시 돌산읍 강남동로 41 3층,당구,127.7555618,34.7187345
건화베스파,617629811,전라남도 광양시 광양읍 인덕로 1121 건화베스파,헬스,127.5805731,34.9823611
배드민턴스포츠,615550613,"전라남도 완도군 완도읍 중앙길 43 주소	전라남도 완도군 완도읍 중앙길 43",배드민턴,126.76046,34.3124628
라이언스위밍센터용당점,617510990,전라남도 순천시 삼산로 92-73 1층 라이언스위밍센터(용당점)(용당동),수영,127.4946972,34.9709309
케어필라테스 여수안산점,,전라남도 여수시 시청서3길 7-2 오리덕애 2층(학동),필라테스,127.6565363,34.758474
ROAD FC 종합격투기,,전남 장성군 장성읍 역전로 202 지하1층,기타종목,126.786722,35.3049828
마스터짐,617512122,전라남도 순천시 중앙로 310 애플볼링장 건물 2층 마스터짐(가곡동)(가곡동),헬스,127.4826889,34.9732999
빅짐휘트니스,,"전라남도 목포시 양을로41번길 40 산정스포렉스 2층 빅짐휘트니스(산정동, 중앙하이츠)",헬스,126.3797875,34.8039917
커브스 학동클럽,616852330,전라남도 여수시 무선로 6 4층 401호(학동),헬스,127.656377,34.7613603
조선태권도장,613239968,전라남도 함평군 함평읍 서부길 116 영수길99 2층 조선태권도장,태권도,126.521153,35.0633768
구교스크린 골프연습장,615365100,전라남도 해남군 해남읍 구교3길 35-21 3층,골프,126.590179,34.5776992
캘리포니아헬스,613753758,전라남도 화순군 화순읍 중앙로 93-9 3층,헬스,126.9915607,35.0611473
교동헬스장,,경상북도 구미시 선산읍 동교3길 14 교동헬스장,헬스,128.3021483,36.2470166
광천온천랜드,543358000,경상북도 영천시 영화로 326 .(조교동),헬스,128.9515396,35.9709091
봉곡태권도장,544441444,경상북도 구미시 봉곡남로24길 3 현대아파트 상가3층 봉곡태권도장(봉곡동),태권도,128.3164155,36.1507289
용인대천하무적태권도장,548546868,"경상북도 안동시 강남5길 103 상가 301호 용인대 천하무적 태권도장(정하동, 석미한아름아파트)",태권도,128.7302214,36.5498993
봄날언어심리발달센터,543350558,경상북도 영천시 영화로 284 봄날언어심리발달센터(완산동),기타종목,128.9489982,35.9676806
용인대통일태권도,538548539,경상북도 경산시 자인면 자인로 217 2층,태권도,128.8212429,35.8173617
희망아이태권스쿨,542555577,"경상북도 포항시 북구 삼호로 391 (환호동, 환호해맞이그린빌)아파트 상가 4층",태권도,129.3914881,36.0698919
한국체대 탑 태권도장,,경상북도 포항시 남구 오천읍 남원로 86-15 부영3차 상가 1동 201호,태권도,129.4000119,35.971092
베이직아동발달센터,24557854,"경상북도 구미시 형곡로 109 206동 103호(형곡동, 풍림2차아파트)",기타종목,128.3335716,36.110828
밸런스워킹PT경북교육센터,544756456,경상북도 구미시 여헌로 32-5 1층102호(인의동),기타종목,128.4255972,36.1044283
백천스포츠파크,538142100,경상북도 경산시 백천길 13-14 백천스포츠파크(백천동),수영,128.7440243,35.8062608
곰체육관,538118887,경상북도 경산시 성암로 50 5층 곰체육관(옥산동)(옥산동),헬스,128.723217,35.8230616
한국체육관,547759429,경상북도 경주시 외동읍 입실로 57 2층 한국체육관,태권도,129.3245925,35.7134817
우석태권도,,경상북도 구미시 봉곡남로 128-1 3층 우석태권도(봉곡동),태권도,128.3160364,36.1506798
한국체육관,548215770,경상북도 안동시 경동로 898-1 2층(용상동),합기도,128.7536523,36.5574925
골든아이 태권도장,,"경상북도 경주시 현곡면 새안현로 23 근린생활시설동 2층  201호, 202호 (현곡푸르지오)(현곡푸르지오)",태권도,129.1764353,35.8908665
우현바디큐어필라테스,542559997,경상북도 포항시 북구 우창동로 31 2층 바디큐어필라테스(우현동),필라테스,129.3622439,36.0554524
한국태권도장,544724220,경상북도 구미시 인동16길 48-4 2층(진평동),태권도,128.4212836,36.0976783
박상욱탁구교실,20000000,경상북도 문경시 매봉6길 14-5 (모전동)박상욱탁구교실,탁구,128.1798156,36.5861844
울진국민체육센터,547895851,경상북도 울진군 울진읍 현내항길 92-13 울진국민체육센터,수영,129.4066087,36.9909066
웃음요가원,,경상북도 안동시 남선면 무선리길 89 ,요가,128.7164483,36.5154082
웅비태권도,554327702,김천시 신음동 1301-3 2층 웅비태권도,태권도,128.1211786,36.1330251
가온탁구아카데미,,"경상북도 경주시 황성로 35-5 지하1충 101호(황성동, 동부이끌림9차)(황성동)",탁구,129.21448,35.8667001
바이탈필라테스 상주점,25339003,경상북도 상주시 봉양2길 117 2층 바이탈필라테스(냉림동),필라테스,128.1577482,36.4250747
원배드민턴,,경상북도 문경시 장평길 319 원배드민턴(창동),배드민턴,128.1937619,36.6351741
바른몸운동센터MTA태권도장,544370707,경상북도 김천시 신음새동네길 47 바른몸운동센터MTA태권도장(신음동),태권도,128.1202537,36.1341681
바로새김태권도장,,경상북도 구미시 산호대로25길 49 부영1차 상가 3층(옥계동),태권도,128.4174087,36.1411429
바람소리태권도,298319831,경상북도 칠곡군 약목면 관호8길 42 바람소리태권도,태권도,128.3899944,35.9997878
바디큐어필라테스효자점,542750333,경상북도 포항시 남구 효자로118번길 7-2 2층 바디큐어필라테스효자점(대잠동),필라테스,129.339327,36.0092075
바디짐,546359688,경상북도 영주시 대동로13번길 2-2 3층 바디짐(가흥동),헬스,128.6042399,36.8152884
힘찬청운 태권도장,544368656,경상북도 김천시 체육공원길 6 상가2층(지좌동),태권도,128.1439386,36.1190497
Royalfit,544745432,경상북도 구미시 인동30길 2 2층 로얄핏(진평동),에어로빅,128.4298939,36.0952113
웰빙탁구클럽,28420075,경상북도 안동시 중앙로 27 3층 웰빙탁구클럽(서부동),탁구,128.7298538,36.5659443
웰핏필라테스,542522080,경상북도 포항시 북구 새천년대로 1138 샘무빌딩 301호(장성동),필라테스,129.3733009,36.0700193
바디S휘트니스,542853600,경상북도 포항시 남구 연일읍 동문로53번길 36 바디S휘트니스,헬스,129.3484344,35.9943053
밀알스포츠나눔센타,24515435,경상북도 구미시 송원동로 67 3층(원평동),종합체육시설,128.3506497,36.1227473
위드미요가,,경상북도 구미시 비산로1안길 3-1 가현빌딩3층(비산동),요가,128.3743253,36.1204946
위드수영장,538010907,경상북도 경산시 경산로54길 27 지하1층(중산동),수영,128.7255079,35.8325554
문덕탁구클럽,542925630,경상북도 포항시 남구 오천읍 냉천로 350 2층,탁구,129.4078977,35.9637525
조조당구클럽,,경상북도 경주시 금성로407번길 18 1층조조당구클럽(성건동),기타종목,129.2050507,35.8541136
몬스터PT,,경상북도 포항시 남구 송림로 29 2층(송도동),헬스,129.3755152,36.0324198
힘찬태권도장,544311131,경상북도 김천시 부곡맛고을2길 92 힘찬태권도(부곡동),태권도,128.094686,36.124368
핑퐁클럽,,경상북도 경주시 유림로5번길 99-11 경주장애인체육관(황성동),탁구,129.2183125,35.8802071
바디큐어필라테스 초곡점,,경상북도 포항시 북구 흥해읍 초곡지구로58번길 15 4층 바디큐어필라테스,필라테스,129.3381366,36.0962138
레인보우음악줄넘기,,경상북도 포항시 남구 오천읍 남원로 85-99 6층 레인보우 음악줄넘기 학원,줄넘기,129.4008451,35.9659672
웰핏필라테스&피티,,경상북도 포항시 남구 중흥로 29 다이아 빌딩 3층(상도동),필라테스,129.3466627,36.0088626
유즈요가,549001828,경상북도 안동시 경동로 349 2층(송현동),요가,128.6993162,36.5721661
바디큐어 필라테스 효자점,542750333,경상북도 포항시 남구 효자로118번길 7-2 2층 바디큐어필라테스 효자점(대잠동),필라테스,129.339327,36.0092075
윤fightclub,,경상북도 김천시 시청로 89 3층(신음동),복싱,128.1169221,36.1361991
라온아동청소년운동센터,538151415,"경상북도 경산시 남매공원로1길 1 1,204호 더베스트 (계양동)(계양동)",축구(풋살),128.74158,35.8328139
율곡유도관,,경상북도 김천시 혁신4로 61 3층 301호(율곡동),유도,128.1883442,36.1214562
W당구클럽,546530880,경상북도 예천군 호명면 새움3로 36 606607,당구,128.4903781,36.5765228
리셋운동재활센터,543330075,경상북도 영천시 중앙동3길 15 1층 리셋운동재활센터(문외동),기타종목,128.9327318,35.9735344
라온핏,249665095,경상북도 구미시 산동읍 신당1로2길 15 바젤2차 1동 3층 라온핏,기타종목,128.4317507,36.1555575
당구마당,,경상북도 칠곡군 북삼읍 북삼로 148 2층 당구마당,당구,128.3345523,36.0681323
이영미댄스온,547436430,경상북도 경주시 용담로104번길 29-9 3층 302호(황성동),댄스(줌바 등),129.2112012,35.8669151
꿈나무태권도,538152345,경상북도 경산시 펜타힐즈2로 57 6층(중산동),태권도,128.7197706,35.8287306
이재혁건강복싱,548415138,경상북도 안동시 광명로 212-6 2층(옥동),복싱,128.7058696,36.5635735
이정민태권스쿨,542749545,포항시 남구 상공로 46번길 6-1 이정민태권스쿨,태권도,129.3572866,36.0120766
"김천시청(헬스,스쿼시)",24206093,경상북도 김천시 운동장길 1 김천스포츠타운(삼락동),헬스,128.0867858,36.1416315
퍼스트볼링장,22920901,경상북도 포항시 남구 정몽주로879번길 17-7 퍼스트볼링장(청림동),볼링,129.4038906,35.9922035
구미시설공단 구미시승마장,544823014,경상북도 구미시 옥성면 선상동로 1174-7 구미시승마장,승마,128.277311,36.3264256
KKM포항디펜스,26140077,경상북도 포항시 북구 포스코대로 271 1층 KKM포항디펜스(죽도동),기타종목,129.3545546,36.0215253
김천시 시설관리공단,544211661,경상북도 김천시 운동장길 1 김천실내수영장(삼락동) 3층 공단 본부,수영,128.0864924,36.1398039
미리내태권도체육관,542857300,경상북도 포항시 남구 연일읍 원서길118번길 16-2 2층,태권도,129.3309798,35.9887799
MK탁구교실,282898787,경상북도 구미시 송동로 122 4주공아파트 대구은행상가 지하 mk탁구교실(도량동),탁구,128.322719,36.143321
구미시장애인체육관,544517976,경북 구미시 공원로 340 구미시장애인체육관,탁구,128.3305375,36.1060237
정상태권도,28413456,안동시 정하동 297-18 2층,태권도,128.731375,36.5489376
문정희,540000000,경상북도 칠곡군 북삼읍 인강5길 50 2층서희핏,기타종목,128.3391915,36.0684427
문무태권도아카데미,548412263,경상북도 안동시 제비원로 234 2층문무태권도아카데미(안기동),태권도,128.7193697,36.5728597
인터짐,542557764,경상북도 포항시 남구 오천읍 원동로 4 7층,헬스,129.4032441,35.9634796
인평 태권도 체육관,549749748,경상북도 칠곡군 북삼읍 북삼로8길 9 201호 인평태권도,태권도,128.336914,36.0711824
문내 정의태권도,543350037,경상북도 영천시 중앙동3길 15 한미빌딩 3층(문외동),태권도,128.9327318,35.9735344
문경시장애인종합복지관,545560042,문경시 시청2길 34 ,기타종목,128.186962,36.58739
무예체육관,538571175,경상북도 경산시 진량읍 영청길 35 상가2층,태권도,128.8018104,35.8752276
무룡합기도,538028809,경상북도 경산시 백자로10길 3-11 드림프라자 302호(사동),합기도,128.7547807,35.8114358
무덕체육관,546732991,봉화군 봉화읍 교촌길 56 3층,태권도,128.7374726,36.8874097
일타태권도,22917710,경상북도 포항시 남구 오천읍 원동로156번길 17 2층,태권도,129.4041963,35.9772012
몸조아짐헬스케어협동조합,544439679,"경상북도 구미시 금오산로 150 202호, 302호(원평동)",헬스,128.3283703,36.1244074
자연과문화재활승마센터,547517177,경상북도 경주시 서면 사라운대길 41-46 자연과문화,승마,129.0671117,35.8878565
늘해랑합기도,545228114,경상북도 예천군 호명읍 새움3로 60-4 h-1메디컬 센터 4층 늘해랑 합기도,합기도,128.4922752,36.5759809
계양강한태권도장,,경상북도 경산시 원효로32길 46 (계양동),태권도,128.7517106,35.8169722
모션랩motionLAB,,경상북도 포항시 북구 양덕로30번길 5-1 1층 모션랩motionLAB(양덕동),필라테스,129.402642,36.0813762
계명태권스쿨,548320364,의성군 의성읍 군청길 19-1 ,태권도,128.6960332,36.3526484
하이탁구장,544730033,경상북도 구미시 산동읍 신당1로2길 15 바젤메디프라자2차 705호706호 하이탁구장,탁구,128.4317507,36.1555575
계명석사태권도장,544635998,경상북도 구미시 박정희로 155 구미시 상사서로 130 보성황실1차 201동401호,태권도,128.3513722,36.0936159
재미있는 아동청소년발달센터,548523680,경상북도 안동시 평화8길 35 1층(평화동),기타종목,128.7173869,36.5679821
명실상주 스포츠클럽,545357575,경상북도 상주시 영남제일로 1432 국민체육센터 2층(복룡동),탁구,128.1840923,36.4224932
계명대힘찬태권스쿨,549751316,경상북도 칠곡군 북삼읍 안산2길 13-8 201,태권도,128.3341177,36.0651909
계명대약목태권도장,549752921,경상북도 칠곡군 약목면 복성4길 9 2층,태권도,128.363041,36.0323123
멘토장애인평생교육원,22779270,경상북도 포항시 남구 중앙로 110 덕유 빌딩 2층(해도동),기타종목,129.3688248,36.0230106
점프윙스 줄넘기클럽,,경상북도 경산시 하양읍 서사도리4로 5 메이플라워빌딩4층 401호 점프윙스줄넘기클럽,줄넘기,128.8082518,35.9190063
점프윙스줄넘기전문클럽,,경상북도 경산시 하양읍 대학로295길 14 4층 점프윙스줄넘기전문클럽,줄넘기,128.8220516,35.9096697
계명대선인태권도,,경상북도 상주시 왕산로 389 3층 계명대선인태권도(냉림동),태권도,128.1596351,36.4214864
계명대리틀타이거태권도,544630600,경상북도 구미시 신비로 14-1 3층(신평동),태권도,128.3641751,36.1225607
포항승마클럽,542491333,포항시 북구 흥해읍 삼흥로 501번길 24-31 포항승마클럽,승마,129.3652035,36.098598
점프파이어줄넘기전문학원,,경상북도 포항시 남구 오천읍 정몽주로 695 2층 점프파이어 줄넘기클럽,줄넘기,129.4119992,35.9796411
머슬탑휘트니스2호점,546387879,경상북도 영주시 영주로60번길 41 우현프라자 2층 머슬탑휘트니스2호점(가흥동),헬스,128.606523,36.8189348
점핑머신 구미산동점,,경상북도 구미시 산동읍 신당인덕1로 73 401호 점핑머신 구미산동점,기타종목,128.4391653,36.1574696
점핑스타,,경상북도 칠곡군 석적읍 남율로11길 24-14 2층점핑스타,기타종목,128.4026294,36.0674471
계명대 월드 태권도,544813688,경상북도 구미시 선산읍 동교길 17 1층 계명대 월드태권도,태권도,128.3031389,36.2448399
계명대 도복사랑 태권도,5479339279,"경상북도 구미시 문장로 111 도량 롯데캐슬 상가 2층(도량동, 도량 롯데캐슬 골드파크)",태권도,128.3304526,36.142806
점핑피트니스,544399596,경상북도 김천시 부거리길 14 3층 점핑피트니스(신음동),기타종목,128.1165926,36.1342646
태권아이인성관,22922111,경상북도 포항시 남구 오천읍 남원로 85-93 청산빌딩 4층 태권아이인성관,태권도,129.4009298,35.9661434
M 댄스필라테스 아카데미,543313412,경상북도 영천시 야사2길 41 엠댄스아카데미(야사동),에어로빅,128.9466799,35.9761317
점핑하이신음점,,경상북도 김천시 시청로 162 점핑하이 신음점(신음동),에어로빅,128.1189728,36.1425137
상모워터피아헬스,544648835,경상북도 구미시 상사서로 33-9 워터피아 4층(상모동),헬스,128.354865,36.0846828
정도관,538156822,경상북도 경산시 경산로7길 6 (2층)(옥곡동),종합체육시설,128.7322459,35.8128531
정언어통합발달센터,28015679,경상북도 경산시 남매공원로1길 7 202호(계양동),기타종목,128.7415661,35.8334041
경희영재태권도,543310727,영천시 미륵4길 7 3층 301호,태권도,128.9490038,35.9726346
정의태권도,543346162,경상북도 영천시 창신1길 25 정성빌딩2층203호(망정동),태권도,128.9543101,35.9883155
마스터 문 태권도장,,"경상북도 포항시 북구 흥해읍 초곡지구로58번길 34-14 2층, 마스터 문 태권도장",태권도,129.3363439,36.0976204
정인태권도,,경상북도 포항시 남구 효성로93번길 23 2층(효자동),태권도,129.3419419,36.0060756
정일도장,548432848,경상북도 안동시 경동로 316 경상북도안동시경동로316(송현동),합기도,128.6955763,36.5722851
정홍숙메디월요가필라테스,,경상북도 성주군 성주읍 성주로 3244 2층 정홍숙메디월요가필라테스(도원빌라),필라테스,128.2885001,35.9174707
제이벨리앤댄스학원,544747445,경상북도 구미시 인동38길 15-8 세진빌딩4층(구평동),무용(발레 등),128.4333054,36.0925072
제이엘필라테스n자이로토닉,544562933,경상북도 구미시 금오시장로1길 4 4층(원평동),필라테스,128.3400952,36.1256344
리핏운동재활센터,,경상북도 경주시 광중3길 56-16 2층(용강동) 202호,기타종목,129.231282,35.885366
제이원스파랜드 구미점,544710011,경상북도 구미시 산동읍 강동로 1159-57 제이원스파랜드 구미점,헬스,128.4254679,36.1623523
리코당구클럽,548542585,경상북도 안동시 강남1길 133-32 2층 리코당구클럽(정하동),당구,128.7353998,36.5504213
합기도 국술관,544733339,경상북도 구미시 검성로 103-7 화진금봉 1차상가 202호(황상동),합기도,128.4283285,36.119071
제이핏,249278930,경상북도 상주시 중앙로 177-21 (현주소)경상북도 상주시 상산로 243-1번지 3층 제이핏,요가,128.1577197,36.416562
제일국가대표태권도장,548613297,경상북도 의성군 안계면 안계길 128 3층 제일국가대표태권도장,태권도,128.4385339,36.3839016
리스펙트축구클럽,,경상북도 구미시 형곡로 21 2층 리스펙트 축구클럽(형곡동),축구(풋살),128.3367569,36.1161427
제일태권도,549730969,경상북도 칠곡군 북삼읍 금오대로10길 19-8 보현빌딩3층 체일태권도,태권도,128.3505376,36.0697495
합기도 선무관,548588505,경상북도 안동시 강남1길 115 1층(정하동),합기도,128.733739,36.5491682
합기도선무관,548588505,경상북도 안동시 강남1길 115 합기도선무관(정하동),합기도,128.733739,36.5491682
리셋운동재활센터 영천점,543330075,경상북도 영천시 중앙동3길 15 1층(문외동),기타종목,128.9327318,35.9735344
합기도 연비관,544640965,경북 구미시 신비로14 4층,합기도,128.3640081,36.1226808
리셋방문재활운동센터,543330075,경상북도 영천시 중앙동3길 15 1층 리셋운동재활센터(문외동),기타종목,128.9327318,35.9735344
합기도 우슈 킥복싱 대륜관,548348392,경북 의성군 의성읍 문소3길 44 3층 합기도우슈킥복싱 대륜관,합기도,128.6955673,36.3499037
조이댄스핏,,경상북도 안동시 강남5길 31 2층(정하동),댄스(줌바 등),128.734483,36.5504769
리갈휘트니스,22758869,경상북도 포항시 북구 죽파로 35-1 4층 리갈휘트니스(죽도동),헬스,129.3603239,36.028391
올림픽탁구장,544324370,경상북도 김천시 평화중앙6길 8 올림픽탁구장(평화동),탁구,128.1138346,36.1230457
로얄휘트니스센타,547427100,경상북도 경주시 초당길141번길 18 로얄휘트니스센타(동천동),헬스,129.2309884,35.8486283
주 생생스크린 파크골프 경산,538117755,경상북도 경산시 경안로29길 36 3층(서상동),골프,128.7338268,35.8203421
주경상북도 올림푸스짐,543724041,경상북도 청도군 이서면 학산2길 68 행복빌1층,필라테스,128.66791,35.6635863
로드FC 영주점,,경상북도 영주시 대동로52번길 6 2층 로드FC 영주점(가흥동),복싱,128.6079167,36.81441
합기도수덕관,547885347,"경상북도 울진군 후포면 삼율2길 17 2층, 합기도수덕관",합기도,129.4430478,36.6786293
레전드스포츠,542833311,경상북도 포항시 북구 새천년대로 1312 레전드스포츠(장성동),테니스,129.3905625,36.0752546
럭키헬스,546330833,경상북도 영주시 원당로 147 3층 럭키헬스(하망동),헬스,128.6288889,36.8244769
합기도태심관,547497891,경상북도 경주시 용담로104번길 10 우주빌라 상가2층(황성동),합기도,129.2109851,35.8650884
라파승마장,,경상북도 경산시 자인면 원효로 737-6 라파승마장,승마,128.8150615,35.8160329
GPS특수체육센터,544577679,경상북도 구미시 백산로 211 2층 GPS특수체육센터(송정동),기타종목,128.3508062,36.1138934
브라보캐롬클럽,547770758,경상북도 경주시 산업로 2980 3층 브라보캐롬클럽(시래동),기타종목,129.302675,35.773175
주식회사핑퐁아동청소년발달센터,,경상북도 포항시 북구 법원로 125 2~3층(장성동),기타종목,129.3858192,36.0862376
주영심리운동센터,543382856,경상북도 영천시 보목2길 9 1층(야사동),기타종목,128.9420406,35.9714555
주예천문화사업단,546532434,경상북도 예천군 예천읍 양궁장길 38 양궁인쉼터,기타종목,128.468367,36.6346325
라온탁구클럽,23377526,경상북도 영천시 창신2길 39 2층 라온 탁구클럽(망정동),탁구,128.9565902,35.9897853
북경주체육문화센터,547602050,경상북도 경주시 안강읍 구부랑두림길 59-14 북경주체육문화센터,수영,129.1915586,36.0023508
주위드아동청소년발달센터,542937184,경상북도 포항시 남구 오천읍 냉천로320번길 48 신현대빌딩 3층,기타종목,129.4038166,35.9660658
라온아동청소년운동센터,538151415,경상북도 경산시 남매공원로1길 1 더베스트빌딩204호(계양동),축구(풋살),128.74158,35.8328139
주이든,538548884,경상북도 경산시 하양읍 대경로 33 대구배드민턴센터,배드민턴,128.7585083,35.8775246
주제이원스파랜드 안동점,299338896,경상북도 안동시 퇴계로 167 신안 제이원스파랜드(신안동),헬스,128.7321877,36.5723746
라안클래식필라테스 초곡점,,경상북도 포항시 북구 흥해읍 초곡지구로58번길 20 3층,필라테스,129.337651,36.0966132
주짓수코어 오천지부,,경상북도 포항시 남구 오천읍 냉천로 302 주짓수코어 오천지부,주짓수,129.4095835,35.9679352
중앙태권도,538166523,경상북도 경산시 중앙초등길 14 중앙태권도 3층(중방동),태권도,128.7322064,35.8227275
드몽 사회적협동조합,547718015,경상북도 경주시 천북면 갈곡삼막길 14-11 드몽 사회적협동조합,기타종목,129.2875793,35.886049
해동검도합기도청호체육관,29754386,경상북도 칠곡군 왜관읍 중앙로 95 301호,합기도,128.3983973,35.9833762
드림핏점핑클럽,,경상북도 포항시 북구 삼흥로 21 3층 드림핏점핑클럽(장성동),기타종목,129.3795895,36.0639857
드림핏점핑클럽,542921481,경상북도 포항시 남구 오천읍 철강로 669 센트럴파크C동상가203호,종합체육시설,129.3998317,35.9638948
지성태권도체육관,544371454,경상북도 김천시 신음새동네길 70 3층(신음동),태권도,128.1208477,36.1332729
드림탁구클럽,,경상북도 포항시 남구 상대로 104 2층 드림탁구클럽,탁구,129.3579343,36.0137089
드림YT탁구교실,,경상북도 포항시 남구 상공로 38 보성빌딩3층(상도동),탁구,129.3565423,36.0118262
두호참태권도,542495999,"경상북도 포항시 북구 학전로111번길 22 3,4층(두호동)",태권도,129.3737045,36.0631672
두잇피트니스,,경상북도 김천시 시청로 61 2층 두잇피트니스(신음동),헬스,128.1172241,36.1338451
진량볼링장,28549933,경상북도 경산시 진량읍 공단로 503 진량볼링장,볼링,128.8183228,35.8763848
계명대강한태권도 옥산지점,538114443,경상북도 경산시 성암로 40 1층 계명대강한태권도(옥산동),태권도,128.7220433,35.8224914
짐플러스 운동발달센터,547772328,경상북도 경주시 용황로4길 3-13 짐플러스(황성동),기타종목,129.2237108,35.8821971
동인검도관,548565551,경상북도 안동시 복주길 34 2층 동인검도관(옥동),검도,128.6998642,36.563302
참살이요가원,545565954,경상북도 문경시 중앙로 34 참살이요가원(모전동),요가,128.194384,36.5892629
참피온복싱클럽,,경상북도 영주시 대학로 210 영해빌딩2층 참피온복싱클럽(가흥동),복싱,128.6059553,36.814273
동아헬스,544570261,경상북도 구미시 형곡동로 72 동아헬스(형곡동),헬스,128.3363217,36.1087128
창신하와이 cs휘트니스,543388852,경상북도 영천시 언하공단로 94 창신하와이 cs휘트니스(망정동),헬스,128.953194,35.9861568
창용호키태권도,538177770,경상북도 경산시 백자로20길 44 (사동),태권도,128.7610295,35.8124632
토리아동발달센터,546535990,경상북도 예천군 호명면 새움1로 9 G플레이스 6층,기타종목,128.4899542,36.57584
동아대전진태권도,548339891,경상북도 의성군 의성읍 중앙길 83 3층 동아대전진태권도,태권도,128.6963065,36.3517643
동아대석사동양태권도장,,"경상북도 포항시 북구 양학로34번길 14 대림힐타운상가4층 동양태권도장(학잠동, 대림힐타운)",태권도,129.3512698,36.0279069
챔피언 골프 아카데미,548541872,경상북도 안동시 풍천면 호수공원2길 12 206호 챔피언골프아카데미,골프,128.5018262,36.5689351
슬림휘트니스,549333012,경상북도 성주군 성주읍 성주순환로 130 1층 슬림휘트니스,헬스,128.2833571,35.9264525
천년태권도체육관,547413643,경상북도 경주시 탈해로 20-1 천년태권도체육관(동천동),태권도,129.2292299,35.8479627
경희대 태권도장,232866639,경상북도 영주시 남간로71번길 6 경희대 태권도장(3층),태권도,128.635985,36.8184522
천마유도아카데미,538176966,경상북도 경산시 압량읍 대학로 348 3층,유도,128.7589753,35.8399685
동부키즈아이태권도,543326617,경상북도 영천시 청산길 24 202호(문외동),태권도,128.9357985,35.9735048
천무도담합기도,542825325,경상북도 포항시 북구 이동로 69 득량빌딩 3층 천무도담합기도(득량동),합기도,129.343096,36.0326571
천무우슈격투기체육관,535538872,경상북도 문경시 매봉로 135 모전동(모전동),기타종목,128.1875132,36.5918719
천일헬스,545349938,경상북도 상주시 상산로 392-1 지하1층(냉림동),헬스,128.1594463,36.4263185
천지인태권도,543364610,경상북도 영천시 망정2길 184 1층 천지인태권도(망정동),태권도,128.9524408,35.9813876
천하제일 태권도장,547473783,경상북도 포항시 북구 양덕남로 10 천하제일 태권도장 3층(장성동),태권도,129.393486,36.0778464
동네당구장,277137199,경상북도 김천시 신음새동네길 46 2층(신음동),당구,128.119875,36.1339526
청도군건강증진센터,543702669,경상북도 청도군 화양읍 청화로 79-11 수영장 프런트,수영,128.737197,35.6486249
핸즈요가,546822589,경상북도 영양군 영양읍 중앙로 139-2 2층 핸즈요가,요가,129.1141716,36.6659419
청룡태권도,24366960,경상북도 김천시 황산로 113 3층 청룡태권도(지좌동),태권도,128.1426651,36.1188524
청송태권도체육관,548733111,경상북도 청송군 청송읍 월막3길 16 청송태권도체육관,태권도,129.0537545,36.4359971
청심검도관,542757989,경상북도 포항시 북구 중흥로161번길 24-6 청심검도관(죽도동),검도,129.3529744,36.0200648
청운무예관,549757798,경상북도 칠곡군 약목면 복성5길 11 청운무예관,합기도,128.362842,36.0339212
포레스트짐,545227666,경상북도 예천군 호명읍 새움3로 60-4 4층 포레스트짐,헬스,128.4922752,36.5759809
경진태권도장,546043350,경상북도 구미시 흥안로 35 옥계동화타운2층 경진태권도(옥계동),태권도,128.4143752,36.1471757
경주연세한솔태권도장,547492769,경상북도 경주시 북문로 30 3F 경주연세한솔태권도장(성건동),태권도,129.2059058,35.8498266
초곡합기도이루다,542788853,경상북도 포항시 북구 흥해읍 초곡지구로52번길 10-1 초곡합기도이루다,합기도,129.3386399,36.0969628
더플라잉요가앤필라테스,26378702,경상북도 영주시 대학로298번길 18 3층 더플라잉요가앤필라테스(가흥동),요가,128.6070512,36.8220724
경주아동발달센터,,경상북도 경주시 탈해로 38 경주아동발달센터(동천동),기타종목,129.2291894,35.8492117
최강브레인태권도장,548547688,경상북도 안동시 옥서1길 19 7주공 상가 204호(옥동),태권도,128.696658,36.5612425
더케이짐,218002278,경상북도 포항시 북구 천마로103번길 11-7 더케이짐(양덕동),헬스,129.3956044,36.0856009
경주시장애인종합복지관경주시장애인체육관,27770545,경상북도 경주시 유림로5번길 99-11 장애인체육관 2층(황성동),배드민턴,129.2183125,35.8802071
경주스쿼시클럽,27777999,"경상북도 경주시 양정로328번길 11 B2, 경주스쿼시클럽(용강동)",스쿼시,129.2247077,35.862507
최강하늘태권도,297747627,경상북도 경주시 탈해로 13 2층(동천동),태권도,129.2286151,35.8471869
더은필라테스 효자점,542745540,경상북도 포항시 남구 형산강북로 77-1 4층 더은필라테스(효자동),필라테스,129.3354965,36.0050495
경주무용학원,547421025,경상북도 경주시 화랑로 111 3층 경주무용학원(동부동),무용(발레 등),129.2130508,35.844777
최경덕경희대석사태권도,542520206,경상북도 포항시 북구 아치로55번길 12 최경덕경희대석사태권도,태권도,129.3550626,36.0505324
경주국민체육센터,27508560,경북 경주시 유림로 5번길 85-15호 경주국민체육센터,기타종목,129.2170901,35.8790444
포항아이스링크,542420091,경상북도 포항시 북구 침촌마을길 36 포항아이스링크(장성동),빙상(스케이트),129.3783156,36.080392
더쎈탁구센터,540548855,경상북도 김천시 시청7길 84-11 더쎈탁구센터(신음동),탁구,128.112886,36.1346618
더스포포항죽도점,,경상북도 포항시 북구 중흥로 328 홈플러스 3층 잇츠짐(죽도동),헬스,129.3650807,36.0308297
경주TOP배드민턴 전용구장,,"경상북도 경주시 유림로5번길 85-9 가,나동(황성동)",배드민턴,129.2179495,35.8787756
댄스앤에센피학원,,경상북도 영천시 모란4길 3 2층(야사동),댄스(줌바 등),128.9401906,35.976028
충효태권도,547722161,경상북도 경주시 충효중앙길 20 2층. 충효태권도(충효동),태권도,129.1886868,35.8421821
충효태권도체육관,,경상북도 포항시 북구 새마을로 102 3층(용흥동),태권도,129.3497102,36.0418027
충효태권도체육관,545353377,"경상북도 상주시 경상대로 2749-10 명지3차@ 상가201호 충효태권도(신봉동, 명지3차아파트)(신봉동, 명지3차아파트)",태권도,128.1513542,36.3934162
칠곡국민체육센터,549711400,경상북도 칠곡군 왜관읍 석전로7길 58 칠곡국민체육센터,배드민턴,128.4082389,36.0066691
대한혁신태권도장,6476786461,경상북도 김천시 용전1로 63 3층(율곡동),태권도,128.187345,36.1232488
대한헬스,546353110,경상북도 영주시 풍기읍 동성로 85 대한헬스4층,헬스,128.5270382,36.8709793
카리스마명성합기도,,경상북도 포항시 북구 흥해읍 중성로42번길 5-2 카리스마명성합기도,합기도,129.3481419,36.1080629
칸스크린골프존,542722001,경상북도 포항시 북구 대해로 37 칸스크린골프존(죽도동),골프,129.3578554,36.0249879
경안합기도,548559911,경상북도 안동시 경북대로 433 501(옥동),합기도,128.6983276,36.5673215
경상북도장애인유도협회,542755509,경상북도 포항시 북구 양덕로6번길 47-11 (양덕동),유도,129.4068283,36.0803471
경산시태권도스포츠클럽,538163323,경상북도 경산시 장산로 201 2층(상방동),태권도,128.7472598,35.8208618
경산수영장,538105467,경상북도 경산시 장산로 201 (상방동),수영,128.7472598,35.8208618
대한키즈스윔스쿨 김천캠퍼스,544308899,경상북도 김천시 혁신3로 36 보미갤러리 101호 대한키즈스윔스쿨 김천캠퍼스(율곡동),수영,128.181033,36.1156641
경산상리캐롬클럽,,경상북도 경산시 장산로 258 계림빌딩3층 상리캐롬클럽(상리당구장)(사동),기타종목,128.752416,35.8174096
경북대승리태권도,549322280,경상북도 성주군 성주읍 성주읍4길 33 2층 승리태권도,태권도,128.2869942,35.9213223
대한국인태권스쿨,542932255,경상북도 포항시 남구 오천읍 정몽주로 714-6 대한국인태권스쿨,태권도,129.4121603,35.9810621
케어핏스튜디오,225142869,경상북도 안동시 경동로 323 송현빌딩 1층 106호(송현동),종합체육시설,128.696497,36.57246
현대요가원,,경상북도 영주시 구성로142번길 26 302호(현대요가원)(휴천동),요가,128.6303815,36.8057359
검도교실화랑관,547726632,경상북도 경주시 양정로 324 2층 화랑검도관(용강동),검도,129.2239358,35.8617105
대왕당구장,547419090,경상북도 경주시 백률로26번길 40 2층 대왕당구장(동천동),당구,129.2227802,35.8537378
문화*운동통합센터 같이&가치,546120271,경상북도 포항시 남구 대이로 91 401호(대잠동),기타종목,129.3405448,36.0233217
대오체육관,544767576,"경상북도 구미시 산호대로25길 39 부영2차 상가3층 대오합기도(옥계동, 부영아파트)",합기도,128.4157643,36.1410156
대명태권도,547493386,경상북도 경주시 다불로 19 대명태권도2층(용강동),태권도,129.229581,35.8766249
대덕천하태권도장,547758159,경상북도 경주시 충효2길 25 3층 대덕천하태권도장(충효동),태권도,129.189074,35.8428779
건강나라,547510031,경상북도 경주시 건천읍 단석로 2016-3 건강나라 찜질사우나,헬스,129.1032427,35.8490379
K운동발달연구원주,542468897,경상북도 포항시 북구 법원로97번길 24-9 K운동발달연구원(주)(장성동),기타종목,129.3825841,36.0839275
M피트니스,547745755,경상북도 경주시 용담로 92 지하1층(황성동),헬스,129.2116518,35.8643103
형곡체육관,544585080,경상북도 구미시 형곡로 166 2층 형곡체육관(형곡동),태권도,128.3341904,36.1071087
혜강행복한집,547764115,경상북도 경주시 안강읍 대동길 25-53 혜강행복한집,필라테스,129.2316843,35.9560745
조조당구클럽,,경상북도 경주시 금성로407번길 18 1층(성건동),기타종목,129.2050507,35.8541136
호림태권도,546520553,경상북도 예천군 예천읍 효자로 61 2층 호림태권도,태권도,128.4507957,36.6557863
클라임커뮤니케이션CC클라이밍센터,544528848,경상북도 구미시 야은로 299 (3층)CC클라이밍센터(도량동),클라이밍(암벽등반),128.3159662,36.1391433
대한민국태권도장,547736656,경상북도 경주시 다불로 23 3층(용강동),태권도,129.229925,35.876525
이경인탁구교실,542466881,경상북도 포항시 북구 새천년대로1001번길 6-30 이경인탁구교실(창포동),탁구,129.3695336,36.0599123
다인아동발달센터,544571005,경상북도 구미시 야은로 535 2층(지산동),기타종목,128.3398338,36.1320969
다인감각통합발달센터,544757780,경상북도 구미시 인동15길 5 204호(인의동),기타종목,128.4258021,36.099889
엘엠FC,544441016,경상북도 구미시 송선로15길 29-21 도량풋살파크(도량동),축구(풋살),128.3189373,36.1369119
K&J탁구클럽,547457553,경상북도 경주시 현곡면 안현로 19-2 2층,탁구,129.2026725,35.8694181
P's댄스스튜디오,,경상북도 경주시 용담로106번길 15 3층(황성동),댄스,129.2102225,35.8657584
거북복싱체육관,544438160,경상북도 구미시 송동로 63 3층 거북복싱 체육관(도량동),복싱,128.3236949,36.1382395
다온요가앤플라잉 형곡점,544511237,경상북도 구미시 형곡동로 40 2층 다온요가(형곡동),요가,128.3364154,36.1058323
태권 윈 태권도장,,경상북도 포항시 북구 흥해읍 초곡지구로 107 희망빌딩 2층 태권윈태권도장,태권도,129.3378751,36.0932604
홍익인간효자태권도,542782977,경상북도 포항시 남구 효성로 23 2층. 홍익인간태권도(효자동),태권도,129.3362685,36.0065569
늘푸른 태권도,544368688,경상북도 김천시 해오름1로1길 6 101호(율곡동),태권도,128.1750474,36.1216715
더플라잉요가앤필라테스,546378702,경상북도 영주시 대학로298번길 18 탱탱빌 3층(가흥동),필라테스,128.6070512,36.8220724
뉴힐링라이프 경북 북부센터,548430420,경상북도 안동시 풍천면 천년숲서로 43-16 코아루프라임시티오피스텔상가 2층 210호,기타종목,128.5016685,36.5733669
뉴힐링라이프 경북 동부센터,542770420,경상북도 포항시 남구 새천년대로 439-32 1동 1층 1호(대잠동),기타종목,129.3452222,36.0160031
태권인태권도장,542743110,경상북도 포항시 남구 대해로 81 3층(대도동),태권도,129.3618974,36.0229082
태극체육관,28113314,경산시 경안로 107 2층,태권도,128.7383985,35.8170695
여기짐,238128886,경상북도 포항시 북구 법원로20번길 5-7 1층(장성동),태권도,129.3865359,36.0772753
태극태권도옥산관,538122772,"경상북도 경산시 삼성현로31길 7 104동 2층 201호(옥산동, 옥산해오름아파트)",태권도,128.7203726,35.8199005
태금체육관 2관,548412139,경상북도 안동시 복주3길 23-16 2층 태금체육관(옥동),태권도,128.6988933,36.5635782
같이앤가치 협동조합,546120271,경상북도 포항시 남구 대이로 91 4층(대잠동),기타종목,129.3405448,36.0233217
태백태권도,544413030,경북 구미시 고아읍 문장로 188 원호중앙상가 3층,태권도,128.3310649,36.1500564
태산북두 창진 태권도,28142469,경상북도 경산시 성암로 37 4층 태산북두 창진 태권도(옥산동),태권도,128.7217354,35.8229687
태심관합기도입실체육관,547737893,경상북도 경주시 외동읍 신기앞길 59-19 1층 태심관합기도,합기도,129.3288587,35.7121376
홍태권도장,22831496,경상북도 포항시 북구 양학로 123 3층 홍태권도장(득량동),태권도,129.3432969,36.0323413
남울진국민체육센터,547895710,경상북도 울진군 평해읍 동해대로 717 남울진국민체육센터,수영,129.4413383,36.7030592
화랑탁구클럽,547742356,"경상북도 경주시 용담로92번길 7-9 진홍빌리지 지하상가 화랑탁구클럽(황성동, 진홍빌리지)",탁구,129.2111373,35.8646715
강호태권도,539103888,경상북도 김천시 문지왈길 35 2층 강호태권도(부곡동),태권도,128.0892731,36.1222493
튼튼한 척추운동센터,542560956,경상북도 포항시 북구 장량로139번길 26 썬빌딩 3층(양덕동),기타종목,129.3950987,36.0842236
티울GYM,,경상북도 김천시 혁신2로 15 2층 220호(율곡동),기타종목,128.1834185,36.1148802
강한태권도장,538114443,경상북도 경산시 성암로 44 (옥산동) 2층,태권도,128.7225744,35.8228574
티키타카탁구클럽,7086571412,경상북도 구미시 야은로 311 하늘채빌딩2층(도량동),탁구,128.3170848,36.1389189
남구탁구교실,542722192,경상북도 포항시 남구 효자동길1번길 24 남구탁구교실(효자동),탁구,129.3279433,36.0070509
화랑태권도장,545355779,경상북도 상주시 상산로 205-8 경북대박사 화랑태권도 1층(남성동),태권도,128.1594246,36.4092009
나윤이네 탁구 가게,542466881,경상북도 포항시 북구 새천년대로1001번길 6-30 1층(창포동),탁구,129.3695134,36.0598187
나영철복싱클럽,549710013,경상북도 칠곡군 왜관읍 2번도로길 22-5 2층 나영철복싱클럽,복싱,128.3981269,35.9896289
포항승마클럽,542491333,경상북도 포항시 북구 흥해읍 삼흥로501번길 24-31 포항승마클럽,승마,129.3652035,36.098598
강한아이태권도장,,경상북도 구미시 형곡로 72 2층 강한아이태권스쿨(형곡동),태권도,128.3321079,36.1147494
나라태권도,547765678,경상북도 경주시 탈해로 34 2층 나라태권도(동천동),태권도,129.2291395,35.8489983
팀혼종합격투기,544719989,경상북도 구미시 인동중앙로3길 29 405호(황상동),복싱,128.4185173,36.1085343
파드마요가원,548558305,경상북도 안동시 복주길 18 파드마요가원 3층(옥동),요가,128.7003952,36.562952
강한아이태권도장,542750016,경상북도 포항시 남구 중앙로 150 2층(해도동),태권도,129.3679922,36.0263884
나라찬 태권도장,548419995,경상북도 안동시 경동로 277 (송현동) 3층,태권도,128.6916526,36.5731497
파워탁구클럽,549739823,경상북도 칠곡군 왜관읍 중앙로2길 48-1 3층  파워탁구클럽,탁구,128.3984887,35.9907275
파인밸리 골프클럽,544390009,경상북도 김천시 남면 오봉로 570 파인밸리 골프장,골프,128.2357639,36.1245887
MVP태권도장,544652885,경상북도 구미시 상사동로26길 11 MVP태권도장(사곡동),태권도,128.3605121,36.1007759
화성스토리태권도장,,경상북도 구미시 산동읍 신당인덕1로 73 403호,태권도,128.4391653,36.1574696
파워헬스,547622444,경상북도 경주시 안강읍 구부랑3길 14-6 파워헬스,헬스,129.1954746,36.0014957
김크루풋볼,,경상북도 김천시 혁신로 315-11 (율곡동),축구(풋살),128.179818,36.1277096
펀키즈스포츠협동조합,548536996,경상북도 안동시 단원로 214-3 3층 펀키즈(화성동),축구(풋살),128.7274774,36.5694779
펀펀재키스피닝라인댄스,546360988,경상북도 영주시 대학로201번길 8-18 매경빌딩 3층(가흥동),댄스(줌바 등),128.604624,36.8145319
강용1체육관,549758997,경상북도 칠곡군 왜관읍 전원1길 2-1 강용1체육관,태권도,128.3991464,35.984717
포니힐링농원,275582734,경상북도 경산시 와촌면 갈밭길 102 포니힐링농원,승마,128.8138512,35.9505152
포스짐특수체육센터,22467976,포항시 북구 법원로63번길 33-8 포스짐특수체육센터,배드민턴,129.3815696,36.0802126
포시즌,544731322,경상북도 구미시 산동읍 신당1로 24 5층 포시즌클라이밍,클라이밍(암벽등반),128.4325311,36.1543678
아쉬람요가명상연구소,,경상북도 경주시 황성로 35-3 아쉬람명상연구소(광림프라자6층)(황성동),요가,129.2144661,35.8661253
스포지온스포츠센터스쿼시,544652555,경상북도 구미시 상사서로 33-2 스포지온 3층 스쿼시장(상모동),스쿼시,128.3553207,36.0855088
포올태사랑태권도장,22542082,"경상북도 포항시 북구 성실로 55 창성빌딩 2층 포올태사랑태권도(장성동, 현진에버빌1단지아파트)",태권도,129.3739716,36.0676228
아리랑태무 태권도장,543323394,경상북도 영천시 청통면 강둑길 7-2 태권도장,태권도,128.8239479,35.9894855
강구체육관,547331150,경상북도 영덕군 강구면 남정화전길 163 강구체육관,태권도,129.3742881,36.3507071
아리랑태무 영천태권도장,543383394,경상북도 영천시 망정1길 174 201호 아리랑태무 영천태권도장(망정동),태권도,128.9516969,35.981416
가흥태권도,546358515,경상북도 영주시 대동로 22 3층(가흥동),태권도,128.6047186,36.8148982
김동숙에어로빅,543331928,경상북도 영천시 호국로 34-11 김동숙에어로빅(야사동),필라테스,128.9421771,35.9722557
아이비요가,,경상북도 예천군 호명읍 새움3로 14 Jm펠렉스 402호아이비요가,요가,128.4884547,36.5759351
리셋운동재활센터,543330075,경상북도 영천시 중앙동1길 77 2층(문외동),기타종목,128.9324401,35.9749055
아이빛통합교육센터,547427796,경상북도 경주시 배반중리길 41 아이빛통합교육센터(배반동),기타종목,129.2519705,35.8196776
포항동해승마장,542844105,포항시 남구 동해면 약전로 115번길 11 포항동해승마장,승마,129.4483644,35.9798771
포항볼링장,542913900,경상북도 포항시 남구 오천읍 세계길 33 우리마트 3층,볼링,129.415162,35.9650349
포항시북부장애인종합복지관,22311117,경상북도 포항시 북구 새천년대로 1486 포항시북부장애인종합복지관(여남동),종합체육시설,129.4096632,36.0787937
포항청마복싱다이어트클럽,22525221,경상북도 포항시 북구 삼호로 475 2층(환호동),복싱,129.3990562,36.0705853
아이원키즈스포츠이벤트,,경상북도 김천시 농소면 신촌길 166-1 아이원키즈스포츠,기타종목,128.169494,36.1262755
포항프라임복싱클럽,22520877,경상북도 포항시 북구 새천년대로1020번길 3 4층 401호 포항프라임복싱클럽(두호동),복싱,129.3708151,36.0598625
아이중심감각통합발달센터,547737279,경상북도 경주시 용황로 12 이니셜빌딩 4층(황성동),기타종목,129.2194797,35.8820681
아이중심부설심리안정센터,547457972,경상북도 경주시 용황로 12 2층(황성동),기타종목,129.2194797,35.8820681
아이태권 장곡도장,549769800,경상북도 칠곡군 석적읍 유학로 86-6 기문빌딩 1층,태권도,128.4177227,36.0754793
아이태권옥계태권도장,,경상북도 구미시 흥안로 22 2층 아이태권(옥계동),태권도,128.4165089,36.1471914
신일태권도,544754207,경상북도 구미시 흥안로 35 동화타운상가 208호 신일태권도(옥계동),태권도,128.4143752,36.1471757
신일 MBA 태권도,544737117,경상북도 구미시 인동36길 23-32 부영7단지 상가 2층(구평동),태권도,128.4351927,36.0914708
아이플러스 운동발달센터,548541288,경상북도 안동시 풍천면 천년숲서로 7-19 화인비지니스타운415호,기타종목,128.5015239,36.5729959
아이플태권도,24737959,경상북도 구미시 인동36길 23-32 부영(구평동),태권도,128.4351927,36.0914708
아카데미당구클럽,544513972,경상북도 구미시 봉곡로 100 7층(봉곡동),당구,128.3106132,36.1474603
푸름태권스쿨,544621118,"경상북도 구미시 상모로10길 48 (상모동, 104동201호,202호)(상모동)",태권도,128.3570175,36.0859276
안동 마루 파크골프 스크린,548530753,경상북도 안동시 강남5길 10 3층 마루 파크골프 스크린(정하동),기타종목,128.7356882,36.5509932
안동탁구회관,548556623,경상북도 안동시 합전길 6 상가4층 안동탁구회관(송현동),탁구,128.6984332,36.5687685
MTA태권도,544358448,경상북도 김천시 부곡맛고을2길 69 (부곡동),태권도,128.0934516,36.1246628
신당태권도장,546073100,경상북도 구미시 산동읍 신당3로 20 상가1동 111호 112호(우미린센트럴파크),태권도,128.4330391,36.1582916
김교철태권도 교육관,,경상북도 상주시 상산로 299 김교철태권도교육관(서문동),태권도,128.1589794,36.4176104
프랜즈발달지원센터,546047373,"경상북도 구미시 신시로20길 13 1층,  좌측(송정동)",기타종목,128.3399739,36.1186922
프랜즈아동발달센터,,"경상북도 구미시 상사동로 193-1 1층,  좌측(사곡동)",기타종목,128.3589443,36.1018701
기주고을 영농조합법인,546380095,경상북도 영주시 풍기읍 풍기로46번길 30 .,헬스,128.525745,36.8680553
압량MG탁구클럽,,경상북도 경산시 압량읍 부적길 17 4층 탁구장,탁구,128.7590806,35.841564
애플탁구교실,,경상북도 문경시 반쟁이3길 29 1층 애플탁구교실(모전동),탁구,128.189749,36.5938253
시나브로MTA태권도장,545522626,경상북도 문경시 흥덕5길 42 푸른숲아파트 상가동3층 301호 시나브로MTA태권도장(흥덕동),태권도,128.2035355,36.6059967
승리태권도장,,경상북도 경주시 건천읍 단석로 1989-2 1층,태권도,129.1005245,35.848363
가온누리태권도,548418628,경상북도 안동시 광명로 161 가온누리태권도(옥동),태권도,128.7008872,36.5623461
스타짐,543382738,경상북도 영천시 망정1길 174 3층 스타짐(망정동),기타종목,128.9516969,35.981416
스타일이엔티,542563222,경상북도 포항시 북구 천마로71번길 6 2층(양덕동),댄스(줌바 등),129.3962529,36.083119
가온 탁구클럽,,경상북도 김천시 시민로 36 3층(부곡동),탁구,128.1025562,36.1272496
금빛성무태권도,,경상북도 칠곡군 왜관읍 관문로 58-8 2층 금빛성무태권도,태권도,128.4012072,35.9869083
금빛나래태권도,547770887,경상북도 경주시 현곡면 안현로 54-9 4층 금빛나래태권도,태권도,129.2055165,35.8713482
에이블컴퍼니,,경상북도 포항시 남구 대이로 91 2층(대잠동),댄스(줌바 등),129.3405448,36.0233217
에이스탁구장,548558484,경상북도 안동시 경북대로 399 경북 안동시 경북대로 399  (옥동)(옥동),탁구,128.7004906,36.5645715
에이에이짐,548590303,경상북도 안동시 경북대로 423 설광빌딩 4층 에이에이짐(옥동),헬스,128.69877,36.5665161
슈퍼키즈,542493737,"경상북도 포항시 북구 새천년대로1076번길 24 6,7층 슈퍼키즈성장센터(두호동)",종합체육시설,129.374223,36.0641141
슈퍼영웅태권도,538110232,경상북도 경산시 경산로7길 10 대남빌딩4층(옥곡동),태권도,128.7318722,35.8127349
피트밀리 하양점,538563550,"경상북도 경산시 하양읍 서사도리7로 21 SG타워 4층, 피트밀리짐 하양점",헬스,128.8131693,35.9181312
피트인365플러스 휘트니스센터,548530365,경상북도 안동시 경동로 656 3층. 피트인365플러스 휘트니스센터(운흥동),헬스,128.7295823,36.5625607
슈퍼맨 태권도장,548561286,경상북도 안동시 복주길 51 302호 슈퍼맨 태권도(옥동),태권도,128.6989302,36.5638601
피피PP스포츠센터,548550070,경상북도 안동시 북순환로 416 pp스포츠센터 1층(안막동),배드민턴,128.7205009,36.5875641
엘리트 태권스쿨,544440980,경상북도 구미시 송동로 149 목산빌딩 3층(도량동),태권도,128.3227778,36.1458881
수룡관합기도,29757196,경상북도 칠곡군 왜관읍 전원2길 2-3 수룡관합기도,합기도,128.3992636,35.9838672
엘리트태권도장,,경상북도 울진군 울진읍 읍내7길 10 3층 엘리트태권도장,태권도,129.4018177,36.9940908
수 탁구클럽,293780404,경상북도 영천시 동부로 25 수탁구클럽(야사동),탁구,128.9483578,35.9722437
엘포리승마클럽,542323151,경상북도 포항시 북구 기계면 학야길215번길 59 엘포리승마클럽,승마,129.1978757,36.0473735
송강꿈나무체육관,544529997,경상북도 구미시 송정대로6길 73 2층(송정동),태권도,128.3497322,36.1142639
엠브이피MVP합기도,,경상북도 구미시 상사동로26길 11 1층 mvp합기도(사곡동),합기도,128.3605121,36.1007759
엠엠에이스토리 경주,,경상북도 경주시 용황로 22 2층(황성동),주짓수,129.2205649,35.8821776
엠투피문성원호센터,544559688,경상북도 구미시 고아읍 문성9길 42-26 엠투피휘트니스 문성점,헬스,128.3514813,36.1617631
엠투피휘트니스 구평점,544759688,경상북도 구미시 인동38길 5-9 3/4/5층(구평동),헬스,128.4340628,36.0934694
엠투피휘트니스봉곡점,546049688,경상북도 구미시 봉곡로 168 1~3층(봉곡동),헬스,128.3110245,36.1536174
엠트레이닝연구소,544355263,경상북도 김천시 김천로 58 3층 엠트레이닝연구소(평화동),헬스,128.109565,36.1261788
여울감각통합발달센터,544620205,경상북도 구미시 야은로 730 3층 여울감각통합발달센터(신평동),기타종목,128.3591208,36.1245821
여준기태권도장,547485800,경상북도 경주시 현곡면 금장5길 42 2층,태권도,129.2034947,35.8705421
근로자종합복지회관,24802070,경상북도 구미시 산호대로 239 (공단동),수영,128.3840375,36.1050736
연 필라테스,225123813,경상북도 청도군 청도읍 청화로 150-1 3층,필라테스,128.7422399,35.6438562
짐88,,경상북도 상주시 상산로 282 2층(서성동),헬스,128.159485,36.4160666
연세대드림태권도장,546325840,경상북도 영주시 중앙로134번길 18 2층(하망동),태권도,128.6271206,36.8268709
연세영일태권도장,545357888,경상북도 상주시 남성3길 27 2층 연세영일태권도장(남성동),태권도,128.1612823,36.4117223
연세원남태권도,544578834,경상북도 구미시 원남로 28 2층 연세원남태권도(남통동),태권도,128.3242719,36.1295847
연세태권도장,26821400,경상북도 영양군 영양읍 시장길 21 동서상가 3층 연세태권도장,태권도,129.1152012,36.662794
세종대 아이 태권도장,,경상북도 경주시 현곡면 용담로 548-18 303호,태권도,129.1747582,35.8904376
세심청사우나,,경상북도 포항시 북구 중흥로330번길 12 세심청사우나(죽도동),헬스,129.3656264,36.0304858
성주탁구교실,,경상북도 성주군 성주읍 성주읍1길 7-7 성주신협 3층,탁구,128.288938,35.918901
필라테스스튜디오온,549004254,경상북도 안동시 강남1길 145-23 정상빌딩 2층 201호 필라테스스튜디오온(정하동),필라테스,128.7355338,36.550134
영남대원무합기도,542910860,경상북도 포항시 남구 오천읍 하원로3번길 4 영원빌딩2층,합기도,129.4043358,35.9711493
영남대혁신태권도,543367794,영천시 망정1길 186 영남대혁신태권도,태권도,128.9515816,35.9819227
영덕군장애인연합회,547328866,경상북도 영덕군 영덕읍 경동로 8367 영덕군장애인회관 301호,기타종목,129.3676201,36.4181678
영스필라테스플라잉요가,,경상북도 경산시 압량읍 압독2로 11 YG타워 6층,필라테스,128.7642732,35.8419664
영아동청소년심리발달센터,547726056,경상북도 경주시 용황로11길 36 4층(용강동),기타종목,129.2311143,35.8853344
석사드림태권도장,544328866,경상북도 김천시 구읍길 174 석사드림태권도장(교동),태권도,128.0965382,36.1423288
석사다한합기도,542513434,경상북도 포항시 남구 효성로63번길 10 준영빌딩4층 석사다한합기도(효자동),합기도,129.341099,36.0068679
영양국민체육센터,546806458,경상북도 영양군 영양읍 군민회관길 70 영양국민체육센터,헬스,129.1169363,36.6588888
영양군청소년수련관,546838990,경상북도 영양군 영양읍 동서대로 92 영양군청소년수련관,수영,129.1187789,36.6614688
영주 서울볼링장,546328411,경상북도 영주시 영주로176번길 36 서울볼링프라자(영주동),볼링,128.6202756,36.8248017
영주다이어트복싱체육관,546316246,경상북도 영주시 꽃동산로1번길 40 2층(휴천동),복싱,128.6214879,36.8105307
영주볼링센타,546368660,경상북도 영주시 지천로 77 영주볼링센타(휴천동),볼링,128.6189241,36.8072525
영주스포렉스,546379009,경상북도 영주시 목민로 18 영주스포렉스(휴천동),헬스,128.6222317,36.8075905
영주실내수영장,546393924,경상북도 영주시 대학로153번길 10 영주실내수영장(가흥동),수영,128.6076726,36.8100678
영주중앙태권도,546310079,경상북도 영주시 번영로102번길 37 201호(하망동),태권도,128.6306152,36.8215257
영천탁구클럽,543367909,경상북도 영천시 고경면 창방우길 11 영천탁구클럽,탁구,128.9790518,35.9815466
영해태권도장,,경상북도 영덕군 영해면 예주길 101 영해 체육관,태권도,129.4099684,36.539974
예건태권도,538117999,경상북도 경산시 경산로 51 2층 예건태권도(옥곡동),태권도,128.7320601,35.8136312
굳짐,538169006,"경상북도 경산시 펜타힐즈2로 41 화성빌딩 7층 1,2,3,6호(중산동)",헬스,128.7190243,35.827734
필라테스진,542466660,경상북도 포항시 북구 새천년대로 1123 302호(창포동),필라테스,129.3719981,36.0687604
울진국민체육센터,547895850,경상북도 울진군 울진읍 현내항길 92-13 울진국민체육센터,수영,129.4066087,36.9909066
예안경희태권도장,545228889,예천군 호명면 양지로55 2층,태권도,128.4798184,36.5797922
여준기태권도,547485800,경상북도 경주시 현곡면 안현로 38 3층,태권도,129.2035597,35.8708395
오브제필라테스 구미봉곡점,,경상북도 구미시 봉곡동로 10 2층 오브제필라테스(봉곡동),필라테스,128.3150242,36.1511038
오성태권도,,경상북도 칠곡군 석적읍 유학로 86-10 2층,태권도,128.417571,36.0752209
생각이 크는 특수교육학원,544414007,"경상북도 구미시 봉곡남로 87 대성빌딩 5층, 생각이 크는 특수교육학원(봉곡동)",기타종목,128.3117377,36.1493685
새천년사우나스포츠,544736300,경상북도 구미시 인동북길 117 새천년사우나스포츠(인의동),수영,128.4286961,36.0973908
필태권도장,544759879,경상북도 구미시 산동읍 해마루공원로 115-1 호반 상가2층 필태권도장,태권도,128.4266299,36.1439457
옥계현진태권도장,544761227,경상북도 구미시 산호대로35길 10 2층 현진태권도장(옥계동),태권도,128.4254475,36.1372117
상주주짓수,545310607,경상북도 상주시 상산로 282 4층(서성동),주짓수,128.159485,36.4160666
상주월드컵볼링경기장,25345300,경상북도 상주시 토성로 146 상주월드컵볼링경기장(무양동),볼링,128.1489293,36.4173376
상주스카이탁구장,545353355,경상북도 상주시 왕산로 155 대흥빌딩 2층(남성동),탁구,128.1622179,36.4124633
상승태권도체육관,,"경상북도 구미시 박정희로 599 푸르지오캐슬 A단지 상가 3층 상승태권도체육관(송정동, 푸르지오캐슬 A단지)",태권도,128.3395922,36.1233151
상승태권도장,29775832,경상북도 칠곡군 왜관읍 석전로4길 1 2층,태권도,128.4054363,35.9993656
올곧은슬링 필라테스센터,,경상북도 포항시 북구 법원로139번길 23 황금빌 1층(장성동),필라테스,129.3840689,36.0880704
올라클라이밍,538513322,경상북도 경산시 하양읍 하양로 56 3층,클라이밍(암벽등반),128.8152358,35.9101777
상리당구아카데미,,경상북도 경산시 장산로 258 계림빌딩 2층  매직큐공방  아카데미(사동),당구,128.752416,35.8174096
올림픽탁구장,544324370,경상북도 김천시 평화중앙6길 8 5층(선진빌딩 5층)(평화동),탁구,128.1138346,36.1230457
스피드풋살클럽알파주니어축구교실,544429494,경상북도 구미시 봉곡남로25길 31 구미스피드풋살클럽(봉곡동),축구(풋살),128.3162664,36.1540174
올에이휘트니스헬스,544324900,"경상북도 김천시 부곡길 162 상가동  올에이휘트니스헬스(부곡동, 부곡 화성타운)",헬스,128.0970771,36.1250189
삼성태권도장,547622133,경상북도 경주시 강동면 강동로 66-17 삼성태권도장,태권도,129.2770884,35.9916419
비비짐,24651221,"경상북도 구미시 상모로8길 5-6 4,5층(상모동)",헬스,128.3562573,36.0891973
요가원 텃밭,,경상북도 포항시 북구 우창로 8 2층 요가원 텃밭(우현동),요가,129.3591245,36.0547018
우리아이태권도,542817151,경상북도 포항시 남구 연일읍 연일로 142 104동 상가 201호(삼도한솔1차아파트),태권도,129.3428529,35.9986277
율곡 유도관,,경상북도 김천시 혁신4로 61 3층 301호(율곡동),유도,128.1883442,36.1214562
용인대 바름태권도,544551142,경상북도 구미시 고아읍 문성로 18 상가동 2층 용인대 바름태권도,태권도,128.3444565,36.1534261
중앙태권도,546310079,경상북도 영주시 번영로102번길 37 2층 중앙태권도(하망동),태권도,128.6306152,36.8215257
사단법인 한국운동재활복지협회,538117679,"경상북도 경산시 압량읍 압독2로 11 2층, 202호(YG타워)",기타종목,128.7642732,35.8419664
용인대 여명태권도,,경상북도 포항시 북구 중흥로241번길 33 1층(죽도동),태권도,129.3563069,36.0262821
용인대 열정 태권도장,545311864,경상북도 상주시 냉림로 42 용인대 열정 태권도장(냉림동),태권도,128.1628098,36.423234
사단법인 영일만공공스포츠클럽,542537330,경상북도 포항시 북구 새천년대로 1460 양덕한마음체육관(양덕동),배드민턴,129.4065822,36.0778774
국가대표태권도장,547878881,경상북도 울진군 후포면 삼율6길 16-9 금호상가2층 국가대표태권도장,태권도,129.4413486,36.6798479
사계절탁구장,542495979,경상북도 포항시 북구 새마을로 71 5층(용흥동),탁구,129.3522716,36.039954
국가대표태권도,547630110,경상북도 경주시 안강읍 구부랑길 50-1 2층 국가대표태권도,태권도,129.1970208,36.0020037
국가대표천하무적태권도장,548569595,경상북도 안동시 풍천면 검무로 35-18 상가2층 210호,태권도,128.4962368,36.5796068
용인대국가대표태권도장,546551555,경상북도 예천군 예천읍 충효로 241 베스트프라자B동7층 용인대국가대표태권도장,태권도,128.4506739,36.6509597
하양언어심리발달센터,28567582,경상북도 경산시 하양읍 하양로 108-1 3층,기타종목,128.8193572,35.9136829
지피에스특수지원센터,,경상북도 구미시 산동읍 신당4로 68-15 2층 201호,기타종목,128.4265296,36.1592908
용인대명품태권스토리,549540855,경상북도 고령군 다산면 평리1길 6 201,태권도,128.4546467,35.8247788
빅히트볼링장,544713448,경상북도 구미시 산동읍 신당1로 24 바젤파크시티4층 빅히트볼링장,볼링,128.4325311,36.1543678
국가대표세계태권도장,548535922,경상북도 안동시 경동로 481 2층(평화동),태권도,128.7116859,36.5664626
용인대백호태권도,544341517,경상북도 김천시 신음새동네길 76 2층 용인대백호태권도장(신음동),태권도,128.1212047,36.1330526
올림픽기념국민생활관,24802050,경북 구미시 산책길 63 올림픽기념국민생활관(원평동),수영,128.3293625,36.1234321
하이운동센터,548415187,경상북도 안동시 태화7길 24 101호(태화동),기타종목,128.7119768,36.5609374
국가대표라온태권도,538178761,경상북도 경산시 원효로28길 32 계양종합상가3층(계양동),태권도,128.7503379,35.8194329
빅볼오천세기볼링장,542910925,경상북도 포항시 남구 오천읍 원동로 109 원동스포츠센타 3층 볼링장,볼링,129.4019941,35.9727628
국가대표경희대무영태권도장,28530077,경상북도 경산시 하양읍 서사도리4로 8 3층,태권도,128.8086682,35.9192361
국가대표 태권왕,542492050,경상북도 포항시 남구 송도로 32 2층 국가대표 태권왕(송도동),태권도,129.3744559,36.0333815
박지영휘트니스,547345667,경상북도 영덕군 영덕읍 중앙길 119 2층,에어로빅,129.3669085,36.411442
하하복싱,,경상북도 구미시 고아읍 들성로15길 11-7 2층 하하복싱,복싱,128.3512693,36.1631186
비엑스컴퍼니,542753141,경상북도 포항시 남구 대이로25번길 10 3층(대잠동),기타종목,129.3417493,36.0174844
에스라인,542913388,경상북도 포항시 남구 오천읍 남원로 84 대일빌딩4층,기타종목,129.4005625,35.9706335
비산태권도,544632211,경북 구미시 비산동 103-1번지 202호,태권도,128.3801433,36.120983
학사태권도장,544446989,경상북도 구미시 봉곡로24길 4 학사태권도2층(봉곡동),태권도,128.3113687,36.154466
예천군체육회활체험센터,26532434,경상북도 예천군 예천읍 양궁장길 38 양궁인쉼터,기타종목,128.468367,36.6346325
국가대표 아이캔 태권도,,경상북도 영주시 서원로 221-10 청구하이츠상가 3층(하망동),태권도,128.6361024,36.8210566
블랙벨트태권도,542486568,경상북도 포항시 북구 삼흥로74번길 36 블랙벨트태권도(두호동),태권도,129.3829993,36.0686345
브레인박사태권도장,,경상북도 안동시 풍천면 풍요4길 24-4 101호,태권도,128.4986326,36.5751693
브레인믹스무브먼트,544352228,경상북도 김천시 혁신6로 24 202호(율곡동),기타종목,128.1838046,36.1238716
한결러닝센터,,경상북도 경주시 원화로475번길 7 YM타운 1층(황성동 용황초등학교 부근),기타종목,129.2208697,35.8628509
구미탁구교실,544651969,"경상북도 구미시 상사서로 18 1단지상가지하 구미탁구교실(상모동, 우방신세계타운 1단지)",탁구,128.3580034,36.0846291
가드주짓수,,경상북도 구미시 도봉로5길 43 2층 가드주짓수(도량동),기타종목,128.3197562,36.1418148
한국 jj 인재개발진흥원,,경상북도 구미시 형곡로41길 11 2층(형곡동),기타종목,128.3407922,36.1097693
구미에이스탁구장,,경상북도 구미시 인동26길 43-4 2층201호(진평동),탁구,128.4257762,36.0932581
구미시장애인체육관,544517976,경상북도 구미시 공원로 340 구미시장애인체육관(형곡동),기타종목,128.3305373,36.1060236
북삼키즈태권도체육관,549747113,경상북도 칠곡군 북삼읍 안산2길 19-7 2층. 북삼키즈태권도,태권도,128.3344464,36.0655502
구미도시공사들성생활체육센터,24802150,경상북도 구미시 산책길 63 구미도시공사(들성생활체육센터)(원평동),수영,128.3293624,36.1234321
북경주체육문화센터,547508530,경상북도 경주시 안강읍 구부랑두림길 59-14 북경주체육문화센터,기타종목,129.1915586,36.0023507
한국농어촌장애인협회경북지부,542810015,경상북도 포항시 남구 상대로 155 1층(대도동),필라테스,129.3634843,36.0131877
구남유도체육관,22556565,경상북도 포항시 북구 중앙로 368 2층 구남유도체육관(덕수동),유도,129.3650716,36.0453728
구남유도체육관,542923092,경상북도 포항시 남구 오천읍 충무로 22 3층,유도,129.4121457,35.9759806
봉황태권도,538571633,경상북도 경산시 진량읍 봉황길 41 202,태권도,128.8224582,35.8844884
천마해오름태권스쿨,542928808,경상북도 포항시 남구 오천읍 정몽주로 333 상가5동202호(천마타운1차),태권도,129.4093101,35.9499379
봉화국민체육센터,546796982,경상북도 봉화군 봉화읍 봉화로 1111-105 봉화국민체육센터,기타종목,128.7283311,36.8960963
라온태권도장,552625588,경상남도 창원시 성산구 동산로 156 3층 7호 라온태권도장(사파동),태권도,128.6934151,35.2216583
위피지오운동센터,559130806,경상남도 양산시 물금읍 백호로 54 영프라자 3층 위피지오운동센터,헬스,129.0008849,35.31886
(워너비휘트니스) 헬스는여기서,553148883,경상남도 김해시 번화1로84번길 24 풍림위너스타운 501호 (청수탕건물5층),헬스,128.8019872,35.1953521
우슈 트릭킹 교육관,26455667,경상남도 통영시 도남로 104 1층 우슈 트릭킹 교육관(봉평동),기타종목,128.4157623,34.8311182
진해스포츠센터,,경상남도 창원시 진해구 명제로505번길 10 진해스포츠센터(제덕동),배드민턴,128.7402097,35.1038667
신명태권도장,553277208,경상남도 김해시 가야로 17 푸르지오 5단지 상가2층 신명태권도장(삼계동),태권도,128.8624458,35.2703284
진해장애인복지관부설장애아동발달지원센터,555400422,경상남도 창원시 진해구 진해대로 1101 진해장애인복지관부설장애아동발달지원센터(풍호동),수영,128.7097726,35.1314308
장성체육관,557556587,경상남도 진주시 공단로 40 (상평동),태권도,128.1042628,35.1748927
동원태권도장,553217579,경상남도 김해시 김해대로2715번길 45 301호(지내동),태권도,128.9223327,35.2318452
거제시장애인복지관,556364500,경상남도 거제시 거제중앙로 1759 3층 거제시장애인복지관(상동동),기타종목,128.6297326,34.8761913
아트모션무용학원,23218500,경상남도 김해시 가락로332번길 1 3층 301호(구산동),무용(발레 등),128.8714394,35.2547077
정무합기도,293196809,경상남도 통영시 도남로 139 2층 정무합기도체육관(봉평동),합기도,128.4196562,34.8302921
신라체육관,22751006,경상남도 창원시 성산구 가양로 97 (남양동) 위드파크 상가 3층,태권도,128.7038478,35.2091721
사단법인 남해군공공스포츠클럽,558647331,경상남도 남해군 남해읍 화전로43번길 16 2층 남해군공공스포츠클럽,기타종목,127.8932834,34.8337053
몬스터유도짐마산호계점,,경상남도 창원시 마산회원구 내서읍 호계본동로 17-2 그랜드쇼핑 308-1 몬스터유도짐,유도,128.5210437,35.2614736
안경덕 복싱클럽,,경상남도 진주시 상봉대룡길 22 3층(상봉동),복싱,128.0683711,35.2016816
땀사우나,557560801,경상남도 진주시 문산읍 동부로 561-1 땀사우나,헬스,128.161768,35.1662936
안녕언어심리발달센터 석산점,557850024,경상남도 양산시 동면 금오13길 10 304호,기타종목,129.0256395,35.3165763
품태권도장 창원반림점,22838777,경상남도 창원시 성산구 반송로 159 현대건설상가 2층 품태권도장(반림동),태권도,128.6738594,35.2380517
우리태권도장,555320129,경상남도 창녕군 창녕읍 말흘5길 42 우리태권도장,태권도,128.5038093,35.5356483
우리태권도장,556470702,경상남도 통영시 무전3길 11-10 2층 우리태권도장(무전동),태권도,128.4243167,34.8609807
김도영 붐 탁구스쿨,,경상남도 통영시 무전8길 22-5 클라시스 상가 4층 김도영 붐 탁구스쿨(무전동),탁구,128.427244,34.8587912
우리태권도,557463740,경상남도 진주시 진양호로 336 3층 우리태권도(신안동),태권도,128.0675735,35.1825845
라온태권도장,,경상남도 진주시 금산면 덕의길 20 2층 라온태권도,태권도,128.1469888,35.2192311
자은언어심리센터2호점,25472267,경상남도 창원시 진해구 진해대로913번길 3-1 3층(자은동),기타종목,128.7072777,35.1481088
MBA청룡태권도장,552375800,경상남도 창원시 의창구 하남천서길9번길 4 2층(도계동),태권도,128.6386378,35.2601314
24시 빠짐 외동점,262348969,"경상남도 김해시 금관대로 1125 3층 빠짐헬스장(외동, 성평그린빌아파트)",헬스,128.848769,35.2290321
힘찬태권도장,553277797,경상남도 김해시 삼안로235번길 9 2층 힘찬태권도장(삼방동),태권도,128.9097205,35.2486646
프라임헬스,552958896,경상남도 창원시 의창구 읍성로 71 원창상가3층 프라임헬스(소답동),헬스,128.6258242,35.265141
그라운디댄스아카데미,,경상남도 창원시 진해구 백구로 60 그라운디댄스학원(평안동),댄스,128.6591962,35.1501091
찬스아이수영장 상동분원,556331989,경상남도 거제시 거제중앙로 1739 1층(상동동),수영,128.6309775,34.8747048
백강태권도장,559271900,경상남도 밀양시 삼문로 44 백강태권도장(삼문동),태권도,128.754618,35.4879748
안쌤탁구교실,23667082,경상남도 양산시 물금읍 증산역로 143 5층 501호(지오프라자),탁구,129.0059174,35.3101092
안정화랑태권도장,556450513,경상남도 통영시 광도면 안정로 791 1층 1호 안정화랑태권도,태권도,128.4124806,34.9462929
라온태권도,556492579,경상남도 통영시 무전1길 16 씨티빌딩302호(무전동),태권도,128.4222395,34.8612745
짐워너비,,경상남도 함안군 가야읍 함마대로 1514-25 2층 짐워너비,헬스,128.4014361,35.2747888
프렌즈풋볼클럽,556814503,경상남도 거제시 아주로9길 7 3층(아주동),축구(풋살),128.6802903,34.8656549
차오름태권도장,,경상남도 진주시 모덕로 100 2층(상대동),태권도,128.1086201,35.1823672
프로당구클럽,,경상남도 진주시 평거로9번길 16 호산빌딩 4층(평거동),당구,128.0618589,35.1729672
차오름태권도장,553837749,경상남도 양산시 물금읍 물금로 134 상가2층 차오름태권도장(양산물금사랑으로부영1단지),태권도,128.996829,35.3153522
애니필라필라테스,557193366,경상남도 창원시 성산구 원이대로473번길 13 6층(반림동),필라테스,128.6698208,35.2353355
무궁화체육관태권도,22437855,경상남도 창원시 마산합포구 자산서11길 1 한우아파트상가 2층,태권도,128.5591629,35.2017773
백경태권도장,553260022,경상남도 김해시 전하로208번길 22 (전하동)3층,태권도,128.8713513,35.2224223
고고피트니스 점핑하이아주점,,경상남도 거제시 아주1로 66-1 2층 고고피트니스(아주동),댄스(줌바 등),128.6857833,34.8667941
합기도상무체육관,552772491,"경상남도 창원시 의창구 하남천서길5번길 12-8 101호(도계동, 초롱빌라)(도계동, 초롱빌라)",합기도,128.6379204,35.2605005
무궁화태권도장,553352826,경상남도 김해시 평전로 34 상가2층 무궁화태권도장(외동),태권도,128.8521576,35.2348894
시민생활체육관,557120775,경상남도 창원시 성산구 원이대로 692 시민생활체육관,수영,128.6879803,35.2223473
프로틴샵 점핑,23672488,경상남도 양산시 대운로 195 2층(명동),기타종목,129.17074,35.4055161
무드핏,,경상남도 함안군 가야읍 성내남길 7-8 3층 무드핏,헬스,128.3995779,35.2748433
THE꿈땅특수체육유아체육연구소,,경상남도 창원시 성산구 가양로124번길 23 504호 꿈땅아동발달센터(대방동),축구(풋살),128.70763,35.2072684
아미태권도장,553397221,경상남도 김해시 월산로 5 아미태권도장(부곡동),태권도,128.8109423,35.2013925
월드태권도,556482702,경상남도 통영시 광도면 신죽2길 4 3층 월드태권도,태권도,128.4187743,34.8767444
양산 반다비체육센터,553798404,경상남도 양산시 물금읍 부산대학로 34 반다비체육센터,수영,129.0028701,35.3230094
양산 반다비체육센터,553798402,경상남도 양산시 물금읍 부산대학로 34 양산 반다비체육센터,수영,129.0028701,35.3230094
YESICAN발달센터,,경상남도 창원시 의창구 남산로17번길 28 507호(예스아이캔발달센타)(팔용동),기타종목,128.6143918,35.2605521
일등태권도,555422382,"경상남도 창원시 진해구 충무로 23 상가1동2층(신흥동, 블루빌)",태권도,128.6569639,35.1460833
양산DS당구클럽,,경상남도 양산시 물금읍 야리3길 34 부광빌딩 3층 양산DS당구클럽,당구,129.0106683,35.3138155
바디스미스,,경상남도 하동군 하동읍 경서대로 144 2층,헬스,127.7498165,35.0678931
양산점핑찜질다이어트,,경상남도 양산시 물금읍 야리로 110 동진프라자206호,기타종목,129.0074472,35.3113196
양산탁구장,553670707,경상남도 양산시 삼일로 79 3층(북부동),탁구,129.036255,35.3441634
웰니스발달체육센터,290318214,경상남도 창원시 의창구 동읍 용잠로 34 2층 웰니스발달체육센터,롤러인라인,128.6878025,35.2794579
승승장구태권도장,288387953,경상남도 창녕군 창녕읍 남창녕로 66 2층,태권도,128.5014534,35.5363886
24시 빠짐 삼계점,,경상남도 김해시 가야로 166 3층 24시 빠짐 삼계점,헬스,128.8714533,35.2627285
일동태권도장,553357770,경상남도 김해시 주촌면 선천남로 46 2층,태권도,128.8400641,35.2321122
승리태권도체육관,,경상남도 거제시 상동7길 30-1 상가 405호(상동동),태권도,128.6319556,34.8692809
studiostella,,경상남도 합천군 합천읍 중앙로 17 상가동 1층 스튜디오스텔라(고품아파트),필라테스,128.1577216,35.5624643
승리체육관,552533890,경상남도 창원시 마산회원구 구암남10길 26 3층(구암동),태권도,128.5991563,35.2495331
한신탁구교실,553296636,"경상남도 김해시 분성로 14 일동한신아파트 주상가 한신탁구교실(외동, 일동한신아파트)",탁구,128.8488025,35.2314132
골드휘트니스헬스,557582278,경상남도 진주시 하대로40번길 6 골드휘트니스헬스(하대동),헬스,128.1157178,35.1926073
김해점핑운동,23330068,경상남도 김해시 분성로 14-1 일동한신아파트주상가 307호(외동),기타종목,128.8490351,35.2323816
산청군 국민체육센터 헬스장,559706435,경상남도 산청군 금서면 친환경로2605번길 22 2층,헬스,127.8717934,35.4197011
비타민휘트니스,558632023,경상남도 남해군 남해읍 화전로78번길 19-5 비타민휘트니스,헬스,127.8961331,34.8390065
위드큐특수체육연구소,512662161,경상남도 김해시 율하2로 264 부산시 사하구 다대로 626 기영빌딩1층,기타종목,128.8209133,35.1773886
승리마루화랑체육관,553884747,경상남도 양산시 동면 금산2길 15 2층 태권도,태권도,129.0264401,35.303223
무창태권도장,552964234,경상남도 창원시 마산회원구 팔용로 143 4층5층(합성동),태권도,128.5902465,35.2419116
산청군실내수영장,559706435,경상남도 산청군 금서면 친환경로2631번길 12 실내수영장,수영,127.873171,35.4201348
라이언 스위밍센터,559090038,경상남도 김해시 관동로27번길 21-21 라이언 스위밍센터(관동동),수영,128.807841,35.1787786
어셈블피티샵,558027123,"경상남도 밀양시 삼문강변로 288-9 어셈블피티샵 1,2,3,4 층(삼문동)",헬스,128.748021,35.4875246
필당구장,,경상남도 창원시 진해구 냉천로 99 201(석동),당구,128.7076902,35.1536961
어울림 발달 연구소 성주동지점,552614397,경상남도 창원시 성산구 대암로 247 A동 501호(성주동),기타종목,128.7114494,35.2038962
스트라이크,556414788,경상남도 통영시 원문로 48 스트라이크(북신동),볼링,128.4235522,34.8580655
산청볼링센터,559730983,경상남도 산청군 산청읍 산엔청로 43 산청볼링센터,볼링,127.8778909,35.4136878
스튜디오 아쉬람,557616761,경상남도 진주시 에나로128번길 21 9층 스튜디오 아쉬람(충무공동),요가,128.1441904,35.1763051
삼계탁구교실,552318997,경상남도 창원시 마산회원구 내서읍 삼계5길 32 대동아파트상가 삼계탁구교실,탁구,128.5032613,35.2303785
어울림태권도장,557622191,경상남도 진주시 도동로247번길 11 2층 어울림태권도장(하대동),태권도,128.1207141,35.1922702
단국대 토리태권도장,,경상남도 창원시 진해구 냉천남로 3-25 2층 단국대 토리태권도장(자은동),태권도,128.7146669,35.1549628
플레이피티클리닉,,경상남도 김해시 율하3로 38 401호  플레이피티클리닉(율하동),기타종목,128.8143922,35.1712567
민클럽,,경상남도 밀양시 백민로 76 1층(내이동) 민클럽,기타종목,128.7467371,35.4992057
금산탁구교실,557587999,경상남도 진주시 금산면 덕의길 34-12 2층,탁구,128.1469137,35.2206509
플렉스 볼링클럽,,경상남도 통영시 광도면 죽림4로 14 가동 101호 플렉스볼링클럽,볼링,128.4161917,34.885837
거제소나무향기태권도장,556330605,경상남도 거제시 거제면 읍내로 25 1층,태권도,128.5927137,34.8490389
히어로즈태권도장,555360111,경상남도 창녕군 남지읍 남지중앙2길 26 히어로즈태권도장,태권도,128.472162,35.3920444
우리아이태권도장,555511977,경상남도 창원시 진해구 백구로 16 상가2층 우리아이태권도장(부흥동),태권도,128.6622233,35.1469646
단국 하이윤 특수체육,,경상남도 창원시 성산구 원이대로473번길 13 802호 특수체육(반림동),기타종목,128.6698208,35.2353355
스타볼링장,552663636,"경상남도 창원시 마산합포구 합포동5길 22 5동 지하1층 401호(산호동, 국제비치타운)",볼링,128.5846744,35.2095893
스타복싱클럽,553392414,경상남도 김해시 능동로155번길 5 렉스타운502(부곡동)(부곡동),복싱,128.8078252,35.2027153
용인대투혼유도클럽고현점,556369092,경상남도 거제시 거제대로 4779-5 1층 유도관(고현동),유도,128.615497,34.8889312
미르태권도장,553290009,경상남도 김해시 우암로 32 3층(외동),태권도,128.8607143,35.2333537
와스쿨,553391909,경상남도 김해시 금관대로1289번길 16 용수빌딜  301호 와스쿨(내동),기타종목,128.8599387,35.2407302
국술원합기도 의성도장 1관,553450789,경상남도 김해시 진영읍 진영로 129 3층 301호,합기도,128.7271713,35.3036777
한성태권도,,경남 진주시 진주대로 942번길 23 상가동 2층,태권도,128.0907594,35.1850738
가온 태권도장,559628553,경상남도 함양군 함양읍 고운로 83 5층 502호(한주상가),태권도,127.7304826,35.5212628
CMK center,,경상남도 양산시 물금읍 야리3길 49 원타운301호,기타종목,129.0113282,35.3149395
삼방태권도장,,경상남도 김해시 삼안로280번길 14-3 2층(삼방동),태권도,128.9084604,35.2534645
mgm헬스,553826006,경상남도 양산시 하북면 통도사로 14 세영빌딩4층mgm헬스,헬스,129.0889497,35.4926635
삼삼댄스스포츠학원,553121132,경상남도 김해시 삼문로 11 새미래트윈스빌딩 504호 삼삼댄스스포츠학원(대청동),댄스(줌바 등),128.8018841,35.1925161
자이언트볼링장,23880080,경상남도 양산시 북안북2길 19 지하1층 볼링장(북부동),볼링,129.0386691,35.3495855
아일랜드헬스 아주점,556818001,경상남도 거제시 아주1로2길 62 4층 아일랜드 피트니스(아주동),헬스,128.685642,34.8674318
거제시청오션사이드수영장,556398148,경상남도 거제시 장승로 145 거제문화예술회관 별관동 2층(장승포동),수영,128.7231391,34.8671156
거창군체육시설사업소,559408770,경상남도 거창군 거창읍 심소정길 39-36 체육시설사업소,기타종목,127.928481,35.6937341
거제반다비체육센터,556398220,경상남도 거제시 계룡로 149 반다비체육센터(고현동),종합체육시설,128.620405,34.8825551
거제ICAN요가 아동발달센터,293136738,"경상남도 거제시 중곡2로 89 210동105호(고현동, 거제2차덕산베스트타운)",요가,128.636479,34.8966604
Gym헤빗,558228844,경상남도 김해시 진영읍 본산로 23-1 봉화빌딩4층,헬스,128.7379802,35.307384
경남중앙검도장,,경상남도 창원시 마산회원구 합포로 292 지하1층 경남중앙검도장(양덕동),검도,128.5876253,35.2232985
삼성태권스쿨,552537112,경상남도 창원시 의창구 대봉로 20 봉림상가 501호 삼성태권스쿨(봉림동),태권도,128.667237,35.2508694
삼전볼링장,27583364,경상남도 진주시 도동로 251 지하1층 삼전볼링장(하대동),볼링,128.1212398,35.1927184
김해볼링장(킴스스포츠),553357933,경상남도 김해시 가락로7번길 26 김해볼링장(봉황동),볼링,128.8791951,35.2271353
삼전볼링장,557583364,경상남도 진주시 도동로 251 지하 1층 삼정볼링장(하대동),볼링,128.1212398,35.1927184
올림픽태권도장,553525839,경상남도 밀양시 석정로 100 2층 올림픽태권도장(내이동),태권도,128.7518764,35.4985915
아일랜드피트니스 수월점,556357001,경상남도 거제시 수양로 481 태화빌딩 3층(양정동),헬스,128.6388191,34.8914189
보스당구클럽,553281030,경상남도 김해시 삼문로 9 우리트윈스빌딩4층 402호(대청동),당구,128.801568,35.1924172
상동 소나무향기태권도장,556385541,"경상남도 거제시 상동1길 15-9 상가3층 소나무향기태권도장(상동동, 덕산3차베스트타운)",태권도,128.6402894,34.8625222
에이블스포츠태권도장,553662844,"경상남도 양산시 물금읍 청운로 181 조양타워2 5층 501,502,503호",태권도,129.0024331,35.316942
올림피아당구장,22790791,경상남도 창원시 성산구 용지로 94 뉴올림피아상가603호(중앙동),당구,128.6778598,35.2238733
베스트헬스,555517522,"경상남도 창원시 진해구 자은로88번길 31 상가2층베스트헬스(자은동, 로즈빌아파트)",헬스,128.710913,35.1499668
인 요가필라테스,,경상남도 밀양시 중앙로 397 2층(인 요가%필라테스) (내이동)(내이동),요가,128.7494624,35.4961554
다짐태권도장,556825226,경상남도 거제시 일운면 반송재로 482-1 다짐태권도장,태권도,128.6892556,34.8366513
고고락볼링장,556370202,경상남도 거제시 고현천로 28 2층 고고락볼링장(고현동),볼링,128.6250398,34.8893763
하임태권도장,556335735,경상남도 거제시 제산로 54 2층 하임태권도장(양정동),태권도,128.6409527,34.8886143
국일헬스클럽,27436444,경상남도 진주시 진양호로 342 4층 국일헬스(신안동),헬스,128.0679748,35.1830772
올드짐 신진주역점,,경상남도 진주시 개양로 114 줌시티 상가 201~205호(가좌동),크로스핏,128.1186433,35.1542514
디얀요가원,557622209,경상남도 진주시 금산면 금산순환로11번길 9 4층,요가,128.145381,35.2153498
골드휘트니스짐,559313710,"경상남도 합천군 합천읍 충효로 98-14 4층, 골드휘트니스짐",헬스,128.162994,35.5686427
용인대이단옆차기태권도장,556380610,"경상남도 거제시 중곡로 42 덕산1차 상가 410호 용인대 이단옆차기 태권도장(고현동, 덕산베스트타운)",태권도,128.6318478,34.8969511
EXR스포츠센타,557586100,경상남도 진주시 대신로 304 홈플러스 8층 EXR스포츠센타(상대동),헬스,128.1176887,35.1875547
주식회사꿈트리,,경상남도 사천시 사남면 진삼로 1092-7 1층 꿈트리,농구,128.0746888,35.0513871
필라테스365창원유니시티점,552522500,경상남도 창원시 의창구 중동중앙로 47 어반브릭스상가(중동)2030호,필라테스,128.6249983,35.256626
주식회사 해미안휘트니스,,경상남도 밀양시 내이1길 18 해미안 휘트니스(내이동),헬스,128.7452918,35.495861
슈퍼키즈 성장센터,,경상남도 양산시 물금읍 야리로 21 4층 슈퍼키즈,기타종목,129.001134,35.3174387
피트민,555466385,경상남도 창원시 진해구 냉천로 156 에이스빌딩 6층 헬스장(자은동),헬스,128.7134463,35.1553896
천부경명상센터,556455820,"경상남도 통영시 무전8길 22-16 상가 6층(무전동, 진우하이빌2차)",기타종목,128.4267836,34.8591143
에이치짐 앤 스피닝,553211107,경상남도 김해시 내외중앙로 62 7층 에이치짐 앤 스피닝(내동),기타종목,128.8671723,35.2353757
백범관,,경상남도 창원시 의창구 사림로 47 312호(사림동),기타종목,128.6779374,35.2474663
광명복싱다이어트클럽,553667851,경상남도 양산시 평산로 33 유토피아빌딩6층(평산동),복싱,129.1513117,35.3814692
핏소굿,7078146262,경상남도 양산시 신명동4길 19 2층(명동),필라테스,129.1700988,35.4046663
금강태권도런투유줄넘기클럽,558356785,경상남도 사천시 숲뫼1길 48 2층(향촌동),태권도,128.0866012,34.9371757
MMA팩토리,,경상남도 진주시 남강로309번길 12 2층 MMA팩토리(평거동),종합체육시설,128.0629665,35.1688808
슈퍼맨태권도,555263330,경상남도 창녕군 남지읍 남지중앙로 77 슈퍼맨 태권도,태권도,128.4779794,35.3917938
에코 필라테스 창원점,255990446,경상남도 창원시 의창구 용동로 45 현대썬앤빌 A동 402호 에코필라테스(사림동),필라테스,128.6970475,35.2366745
이한석 샨티요가,552220784,경상남도 창원시 마산합포구 3·15대로 240 3층 이한석샨티요가(중앙동3가),요가,128.5675274,35.1995779
용인대 중앙 태권도장,553353577,경상남도 김해시 내외로95번길 7 노블레스빌딩 603호(내동),태권도,128.8675618,35.2351878
희망아동발달센터,553858686,경상남도 양산시 물금읍 물금로 96-17 에코타워503,기타종목,128.9942209,35.3130973
피티박스 덕계점,,경상남도 양산시 덕계로 61 603호(덕계동),헬스,129.1503155,35.3737058
숨플러스요가필라테스,555423553,경상남도 창원시 진해구 천자로 411 204호(풍호동),요가,128.7098218,35.1353074
해동검도 일출무예원,552755850,경상남도 창원시 성산구 대정로 29 4층 해동검도 일출무예원(가음동),검도,128.6980422,35.207223
이하라요가,557410255,경상남도 진주시 북장대로63번길 9 2층(봉곡동),요가,128.0723066,35.1953671
고려태권도장,557132999,경상남도 창원시 진해구 웅동로 63 3층(마천동),태권도,128.7836569,35.1252234
골드휘트니스짐,559313710,경상남도 합천군 합천읍 충효로 98-14 4층,헬스,128.162994,35.5686427
엔젤무용스튜디오학원,,경상남도 통영시 무전대로 6 2층(무전동),무용(발레 등),128.421395,34.8602867
밀양검도관,553563473,경상남도 밀양시 미리벌중앙로6길 11 2층(삼문동),검도,128.7493163,35.4846125
상현사우나,558524588,경상남도 사천시 사천읍 무산1길 51-9 상현사우나,헬스,128.0900225,35.0871812
김성은탁구교실,,경상남도 진주시 진주대로 849-10 지하1층(주약동),탁구,128.0916335,35.1768343
24Fit  점핑다이어트,553847577,경상남도 양산시 동면 금오13길 4 네오스퀘어 202호 점핑다이어트,기타종목,129.025635,35.3161516
이지EZ다이어트댄스증산점,,"경상남도 양산시 물금읍 야리2길 27 304호, 이지다이어트댄스",에어로빅,129.0078793,35.3101082
옥포소나무향기태권도,,"경상남도 거제시 옥포로 328 204호(옥포동, 옥포5차덕산타운(2단지))",태권도,128.6866151,34.9012694
휴사우나헬스,27610885,경상남도 진주시 천수로219번길 7 (망경동),헬스,128.0815853,35.1823101
Friends Sports Center 창원 프렌즈 스포츠센터,,경상남도 창원시 성산구 대원로27번길 22 2층 프렌즈농구교실(대원동),농구,128.6511133,35.2320514
위너피트니스,288448259,경상남도 김해시 해반천로 70 3층 위너피트니스(구산동),헬스,128.8702402,35.2550328
우리들탁구교실,552660618,경상남도 창원시 성산구 대암로 36 한성종합상가 지하 우리들탁구교실(남양동),탁구,128.7004134,35.2139291
루담 점핑다이어트,,경상남도 창원시 성산구 용지로153번길 6 3층 루담점핑다이어트(용호동),기타종목,128.6807493,35.2291057
수월 가온누리태권도,556327075,"경상남도 거제시 제산로 2-5 삼성쉐르빌 상가 201호(양정동, 삼성쉐르빌)",태권도,128.6370042,34.8901575
엘리트탁구교실,,경상남도 밀양시 미리벌로3길 6 엘리트탁구교실(2층)(삼문동),탁구,128.7475574,35.4808245
양산시시설관리공단 주민편익시설,553798615,경상남도 양산시 동면 강변로 264-1 양산주민편익시설,수영,129.0276,35.3278304
이정석태권도체육관,553850181,경상남도 양산시 물금읍 서남5길 33 1층,태권도,129.0006095,35.3298266
옥천스포렉스,,경상남도 합천군 합천읍 동서로 51-1 2층,헬스,128.158176,35.5672518
창원풋살아카데미  김해진영점,,경상남도 김해시 진영읍 하계로 444 2층,축구(풋살),128.7379758,35.3004432
봄뜻아동발달센터용호지점,,경상남도 창원시 성산구 용지로153번길 10 동원빌딩5층 501호(용호동),기타종목,128.6804977,35.2292583
우리들센터,27631663,"경상남도 진주시 금산면 금산로283번길 12-13 1층, 우리들센터",축구(풋살),128.1602828,35.204369
다모아탁구교실,,경상남도 진주시 북장대로 49 3층(봉곡동),탁구,128.0734859,35.1944816
위드짐운동발달센터,,경상남도 진주시 초북로20번길 30-10 새린빌딩 4층(초전동),기타종목,128.1118364,35.2134868
송보태권도장,558548542,경상남도 사천시 정동면 여옥길 36 (송보파인빌) 상가 303호,태권도,128.1110659,35.0691457
호성요가연구소,22872255,경상남도 창원시 성산구 신사로 65 88-14(신월동),요가,128.6921315,35.2242044
국제기구필라테스,25447725,경상남도 창원시 진해구 신항4로 41-34 드림타워301호(용원동),필라테스,128.8146327,35.0871968
공남호아동발달연구소,22922449,경상남도 창원시 마산회원구 구암남1길 57-2 1층공남호아동발달연구소(구암동),필라테스,128.590595,35.2429995
태성체육관,556414125,경상남도 통영시 데메3길 14-16 2층 태성체육관(도남동),태권도,128.4204803,34.8293864
블루몽스윔,552967999,경상남도 창원시 마산회원구 팔용로 2 지하1층(양덕동),수영,128.5851842,35.2299799
고병운 축구교실,,경상남도 김해시 진영읍 여래로20번길 50-17 우리마트 2호점 2층,축구(풋살),128.728421,35.3056511
다이어트댄스KL,,경상남도 김해시 분성로 153 오렌지타운상가 201호(외동),에어로빅,128.8637572,35.2302244
엠제이키즈 수영장,553668377,경상남도 양산시 동면 곡리1길 28 mj 키즈 수영장,수영,129.0311515,35.3164207
솔레아풋볼 김해장유점,553123940,경상남도 김해시 능동로149번길 8 4층(부곡동),축구(풋살),128.8075243,35.2028782
흰바다요가,,경상남도 통영시 광도면 신죽1길 90 107호,요가,128.4181309,34.8746241
이순신MBA태권도장,557616998,경상남도 진주시 사들로 46 CM파크 3층 이순신MBA태권도(충무공동),태권도,128.1485236,35.1718154
공동당구구역,,경상남도 창원시 마산회원구 내서읍 삼계로 9 삼계빌딩 6층 공동당구구역,당구,128.5037682,35.2318092
엠트레이닝센터,,경상남도 창원시 마산회원구 내서읍 호계본동로 11 스마일빌딩 301호,기타종목,128.5220471,35.2609605
에이스스크린골프연습장,7078080212,경상남도 김해시 주촌면 선지로97번길 6 에이스프라자 3층 에이스스크린골프연습장,골프,128.8462455,35.2274301
필당구장,,경상남도 창원시 진해구 냉천로 99 세명프라자 2층 필당구장(석동),당구,128.7076902,35.1536961
금강사우나,26722900,경상남도 고성군 고성읍 성내로 55 금강사우나1층,헬스,128.3155061,34.976733
손일현소아청소년발달연구소,552325605,경상남도 창원시 마산회원구 내서읍 중리상곡로 104 쌍봉빌딩 302호 손일현소아청소년발달연구소,기타종목,128.5101029,35.2495141
엣지피트니스,,경상남도 김해시 율하2로 99 골든프라자 3층 엣지피트니스(율하동),헬스,128.8123769,35.1706567
필라데이,,경상남도 함양군 함양읍 상림1길 20 2층,필라테스,127.7223987,35.5227515
새싹아동발달연구소,26036523,경상남도 창원시 마산회원구 양덕동19길 11 새싹빌 2층 새싹아동발달연구소(양덕동),기타종목,128.5889623,35.2325124
여기는키즈필라테스,259251719,경상남도 김해시 계동로 12 202호(관동동),필라테스,128.7962349,35.1771385
웅상문화체육센터,553798585,경상남도 양산시 모래들길 57-57 웅상문화체육센터(주진동),헬스,129.1555125,35.395857
해동검도창원,552880206,경남 창원시 의창구 봉곡동 61-10 ,검도,128.6594765,35.2456395
키튼드림센터,557459898,경상남도 진주시 서장대로61번길 11 키튼드림센터(판문동),수영,128.0456859,35.187497
강병인 복싱,,경상남도 진주시 하대로 24 3층(하대동),복싱,128.1151962,35.1942262
키파KIPA스포츠,553364154,경상남도 김해시 금관대로 1191 키파스포츠(외동),기타종목,128.8529556,35.2334593
고려태권도,557633310,경상남도 진주시 사들로156번길 3 5층 고려태권도(충무공동),태권도,128.1494863,35.1818225
필라테스,22240227,경상남도 창원시 마산합포구 해안대로 51 8층 성지스포렉스(해운동),필라테스,128.563872,35.1818671
여우비댄스PT,,경상남도 진주시 금산면 금산로 38 지하1층,에어로빅,128.1405501,35.2139962
에이피엠APM다이어트댄스,,경상남도 김해시 진영읍 여래로20번길 6 2층 201호,댄스(줌바 등),128.7340903,35.304647
오케이탁구교실,,경상남도 김해시 월산로 9 원익빌딩 4층(부곡동),탁구,128.8106192,35.2012276
건영승마장,557586924,경상남도 진주시 내동면 산유로488번길 8-24 건영승마장,승마,128.0621497,35.1413337
주식회사프리라움수영장수월점,556380513,경상남도 거제시 수양로 456-7 지하1층 프리라움수영장(수월동),수영,128.6403226,34.8931321
샨티요가원,22526074,경상남도 창원시 의창구 팔용로 428 창원시 의창구 팔용동100번지 드림피아상가305호 샨티요가원(팔용동),요가,128.61278,35.2545844
샵볼링장,553881598,경상남도 양산시 물금읍 야리3길 8-7 401호(DS프라자),볼링,129.0098976,35.3118171
으라차차거제합기도관,26333029,경상남도 거제시 중곡2로6길 25 2층,합기도,128.6292985,34.8934184
마르가 요가 필라테스,552477775,경상남도 창원시 마산합포구 해안대로 15 경민파라다이스 201호 마르가 요가 필라테스(해운동),필라테스,128.5606812,35.1805211
북성태권도체육관,552517973,"경상남도 창원시 마산회원구 석전북2길 64 상가 2층(석전동, 일우근주아파트)",태권도,128.568775,35.2323349
이룸피트니스 평거점,,"경상남도 진주시 새평거로 30 상가동 4층 이룸피트니스(평거동, 엠코타운더프라하)",헬스,128.0524372,35.1651215
소답힐링탁구교실,,경상남도 창원시 의창구 읍성로 102 2층소답힐링탁구교실(소답동),탁구,128.6283247,35.2638744
소답극동체육관,552569507,경상남도 창원시 의창구 읍성로89번길 10 보람아파트상가 2층(소답동),태권도,128.6280895,35.2659491
런스포츠,552862135,경상남도 창원시 의창구 사림로 53 한우프라자 6층(사림동),헬스,128.678524,35.2471881
소계중앙태권도장,22958268,"경상남도 창원시 의창구 소계로94번길 1 (소계동, 믿음교회) 2층",태권도,128.5988049,35.2576746
사단법인 에나누리,27456690,경상남도 진주시 진양호로 125 (평거동),기타종목,128.0531781,35.1681753
연세꿈이룸 아동발달센터,,경상남도 양산시 물금읍 삽량로 30 206호,기타종목,129.0128396,35.3286429
동아대효태권도장,553330109,경상남도 김해시 능동로149번길 12 탑프라자 3층(부곡동),태권도,128.8072247,35.2030275
극동태권스쿨,553673166,경상남도 양산시 동면 계석로 10 상가2층(양산극동아파트),태권도,129.0363678,35.3286538
셔우드 태권도장,,경상남도 김해시 가야로 511 셔우드글로컬센터 2층(동상동),태권도,128.889252,35.2369277
유성체육관,553880631,"경상남도 양산시 신명로 87 봉우상가3층(평산동, 봉우아파트)",태권도,129.1429954,35.3862828
극단푸른꿈,,경상남도 통영시 중앙로 234 1층(북신동),댄스(줌바 등),128.4279997,34.8513536
센텀해수사우나피트니스,23212800,경상남도 김해시 주촌면 선천로 65 센텀해수사우나피트니스,헬스,128.8407697,35.2367197
킴스포츠훈련장,,경상남도 하동군 하동읍 경서대로 145-1 킴스포츠 훈련센터,태권도,127.7494824,35.0685587
연세맑음아동심리발달센터,557851111,"경상남도 양산시 물금읍 범구로 23 오스타프라자 501,502호",기타종목,129.014031,35.3276145
한마제3체육관,552215878,경상남도 창원시 마산합포구 3·15대로 152 501(중앙동2가),태권도,128.5648479,35.1920549
더블킥멀티짐,553122646,경상남도 김해시 번화1로80번길 15 703-1(대청동),기타종목,128.8010403,35.1950523
이룸아동발달심리상담연구소,26078253,경상남도 창원시 진해구 조천북로 62 402호(경화동),기타종목,128.6799888,35.1593839
참짐 외동점,553119682,"경상남도 김해시 금관대로 1125 상가 3층 참짐(외동, 성평그린빌아파트)",헬스,128.848769,35.2290321
snpe바른자세척추운동무전점,556480096,"경상남도 통영시 무전4길 10 상가115호snpe바른자세척추운동(무전동, 주영에이스빌4차)",기타종목,128.4241577,34.8600117
다이아몬드당구클럽,553298292,경상남도 김해시 함박로119번길 23 4층 다이아몬드당구클럽(외동),당구,128.8673303,35.2340815
다이아몬드당구클럽 김해지점,553298292,경상남도 김해시 함박로119번길 23 4층 다이아몬드당구클럽(외동),당구,128.8673303,35.2340815
한마제5체육관,552327080,경상남도 창원시 마산회원구 내서읍 숲속로 20-4 야흥빌딩 3층,태권도,128.4963929,35.2298787
조이핏 스튜디오,556813336,경상남도 거제시 아주1로 66-1 4층(아주동),댄스(줌바 등),128.6857833,34.8667941
yk휘트니스,552925001,경상남도 창원시 마산회원구 합성서9길 9 3층 yk휘트니스(합성동),헬스,128.5817228,35.238406
사단법인합천공공스포츠클럽,559316464,"경상남도 합천군 합천읍 장수로 1-1 2층,사단법인 합천공공스포츠클럽",기타종목,128.1522085,35.5619098
서민숙메디요가앤필라테스,,경상남도 김해시 계동로23번길 5 대우프라자 3층 302호(관동동),요가,128.7952655,35.1780521
킹덤주짓수,,경상남도 창원시 마산합포구 3·15대로 152 3층 킹덤주짓수(중앙동2가),주짓수,128.5648479,35.1920549
연세힘찬태권도,553622376,경상남도 양산시 대운로 352 대동이미지1단지 상가 303호(삼호동),태권도,129.178412,35.4165463
이루다 바디 핏,,경상남도 밀양시 미리벌로2길 2 3층(삼문동),필라테스,128.748756,35.4812054
벌리태권도체육관,,경상남도 사천시 벌리로 15 3층(벌리동),태권도,128.0813382,34.9387492
필렉스휘트니스요가센터,552777007,경상남도 창원시 의창구 봉곡로111번길 8 (봉곡동) 5층 필렉스 휘트니스 요가센터,헬스,128.671153,35.2471551
이로운운동발달센터거제점,285212465,경상남도 거제시 계룡로2길 4 2층 이로운운동발달센터(상동동),기타종목,128.6306165,34.8746662
세계헬스클럽,556746929,경상남도 고성군 고성읍 동외로 133 세계헬스,헬스,128.3258487,34.9732406
필라테스허브,,경상남도 김해시 구산로10번길 21-4 1층(구산동),필라테스,128.8710672,35.2470472
킹덤주짓수 합천지부,559344461,경상남도 합천군 합천읍 동서로 83-1 2층 합천킹덤주짓수,주짓수,128.1616052,35.5671504
연지탁구교실용품점,,경상남도 김해시 평전로 213 한일아파트 상가  연지탁구교실  용품점(내동),탁구,128.8653895,35.2466083
탭피트니스,553130830,경상남도 김해시 번화1로80번길 15 10층 탭피트니스(대청동),헬스,128.8010403,35.1950523
이레아동발달센터,23833832,경상남도 양산시 물금읍 청운로 185 5층 501호(오즈시티상가),기타종목,129.0028103,35.3172103
당근헬스 구산점,251556559,"경상남도 김해시 가락로 274 3층, 당근헬스(구산동)",헬스,128.8732151,35.2494085
성지필라테스 중동점,552920277,경상남도 창원시 의창구 평산로 102 403호 성지필라테스 중동점(팔용동),필라테스,128.6199695,35.2521585
성지필라테스,552310227,경상남도 창원시 마산회원구 내서읍 호원로 311 3층 성지필라테스,필라테스,128.5228255,35.261203
유어플라잉요가  번지,,경상남도 고성군 고성읍 동외로 157 대은빌딩 4층 유어플라잉 요가,요가,128.3256542,34.975373
마산합포택견전수관,552480262,경상남도 창원시 마산합포구 3.15대로 273 2층,기타종목,128.5678495,35.2026898
리멤버필라테스,553261005,경상남도 김해시 번화1로79번길 26 201-202호(대청동),필라테스,128.7966164,35.1935757
오름동행 발달특수체육연구소,,경상남도 양산시 물금읍 야리2길 27 골든프라자2. 4층 오름동행 발달특수체육연구소,기타종목,129.0078793,35.3101082
성우 탁구장,,경상남도 양산시 서일동1길 34 3층(중부동),탁구,129.034406,35.3411531
리바디운동센터,552436786,경상남도 창원시 마산회원구 회원북25길 3 리바디운동센터4층(회원동),헬스,128.5631933,35.2190182
리액션 주짓수 종합체육관,556377389,경상남도 거제시 상동5길 115 3층(상동동),주짓수,128.6296338,34.8611639
성산복싱체육관,552631260,경상남도 창원시 성산구 상남로192번길 41-6 2층 성산복싱체육관(신월동),복싱,128.691753,35.2271432
성룡에스알스포츠,552234329,"경상남도 창원시 마산회원구 3·15대로 587 3층, 성룡유도관(석전동)",유도,128.5730781,35.2265612
레인보우음악줄넘기,553263623,경상남도 김해시 분성로 153 한국2차 아파트 상가 304호(외동),기타종목,128.8637572,35.2302244
성균관태권스쿨,552966009,경상남도 창원시 의창구 북면 동곡로 17 천주빌딩5층,태권도,128.5853245,35.3179142
선인검도관,556330633,경상남도 거제시 해명로 14 3층 선인검도관(수월동),검도,128.6426046,34.8954505
대호체육관,552637455,경상남도 창원시 성산구 상남로24번길 15 대호타워상가 2층 201호 대호체육관(상남동),태권도,128.6778736,35.2173586
봉연관 가포도장,,"경상남도 창원시 마산합포구 가포로 154-11 가포부영상가 3층 302호, 봉연관 가포도장(월영동, 마산가포부영아파트)",합기도,128.5611765,35.1704231
디아즈무용학원,555424255,"경상남도 창원시 진해구 석동로 58 401호(석동, 팰리스타워)",무용(발레 등),128.7051456,35.1552712
고려태권도장,555873312,경상남도 함안군 칠원읍 용산1길 11 3층,태권도,128.517743,35.3078524
JE KPOP 댄스,23351031,경상남도 김해시 율하3로 6 화신빌딩 3층(율하동),댄스(줌바 등),128.8121005,35.1690856
고려태권도장,557633395,경상남도 진주시 모덕로 121 고려태권도장 (2층)(상대동),태권도,128.1106877,35.1834913
한상운풋볼스튜디오,,경상남도 김해시 번화1로84번길 28 탑스코아빌딩6층 한상운풋볼스튜디오(대청동),축구(풋살),128.8023546,35.1954828
한사랑태권도장,23554386,경상남도 밀양시 교동로 6 2층,태권도,128.7525485,35.5042274
하동국민체육센터,558806445,경상남도 하동군 적량면 공설운동장로 207 하동국민체육센터,수영,127.7775875,35.0622583
아일랜드피트니스 죽림점,556498004,"경상남도 통영시 광도면 죽림3로 43 강남빌딩5,6층 아일랜드피트니스",헬스,128.418449,34.8827181
레인보우음악줄넘기,553392023,"경상남도 김해시 두곡로 15 상가동 B114.115호(삼계동, 삼계 한라비발디 센텀시티)",줄넘기,128.8662571,35.2715206
영남태권도장,,경상남도 하동군 진교면 산복벚꽃길 6 영남태권도장,태권도,127.8998953,35.0328537
가브리엘 당구장,,경상남도 김해시 가락로332번길 2 가브리엘 당구장(구산동),당구,128.8714717,35.2543101
다옴요가플라잉,557637008,경상남도 진주시 금산면 금산순환로22번길 17 흥한상가 4층  401호,필라테스,128.1489179,35.2153745
오뚝이스포츠센터,293018890,"경상남도 김해시 인제로 238 한빛빌딩 4층,  401호(삼방동)",기타종목,128.903987,35.2498535
조은하늘태권도장,,경상남도 창원시 의창구 창이대로309번길 5 낙원상가 3층 조은하늘 태권도장(봉곡동),태권도,128.6708218,35.2465337
아일랜드 고현점,556364777,"경상남도 거제시 거제중앙로 1868-2 11층(고현동,센트럴빌)",헬스,128.62484,34.8855507
킹콩익스트림,557486111,경상남도 진주시 상봉대룡길 22 3층 303호(상봉동),헬스,128.0683711,35.2016816
더스퀘어짐,552662669,경상남도 창원시 의창구 용동로 45 현대썬앤빌 E동 L106호 더스퀘어짐(사림동),헬스,128.6970475,35.2366745
유캔스포츠 양산점,553850094,경상남도 양산시 물금읍 범구로 23 3층(오스타프라자) 유캔스포츠,기타종목,129.014031,35.3276145
디D박스,,경상남도 통영시 안개로 20 지하1층 디박스(무전동),크로스핏,128.4302529,34.8571197
한빛아동발달상담센터,288420128,경상남도 창원시 진해구 냉천로 160 (자은동),기타종목,128.7138666,35.1556619
킹콩피트니스,,경상남도 진주시 의병로 56 2층 킹콩피트니스(상봉동),헬스,128.0686525,35.1977486
베이시스발레학원,552857982,경상남도 창원시 성산구 원이대로 587 501호(용호동),무용(발레 등),128.6794813,35.228414
별하야무진교육관,,경상남도 창원시 진해구 풍호로3번길 12 5층(풍호동),합기도,128.7019583,35.140653
사단법인 사천스포츠클럽,28522061,경남 사천시 용현면 대밭담로 27-21 사천국민체육센터,탁구,128.0592677,35.0090166
예승종합관,555336282,경상남도 창녕군 창녕읍 화왕산1로 52-1 예승합기도총본관,합기도,128.5012244,35.5373739
유한회사 하나로휘트니스,559447080,경상남도 거창군 거창읍 거열로4길 98 하나로3차아파트 1층(하나로3차),헬스,127.9079973,35.6930118
KL다이어트댄스,,경상남도 김해시 삼안로291번길 3-21 1층  다이어트댄스(삼방동),댄스(줌바 등),128.9082336,35.2517599
용인대정우진태권도장,553852848,경상남도 양산시 북정로 98 북정대동2차아파트 상가 204호(북정동),태권도,129.0493955,35.3604924
핫코크피트니스,,"경상남도 진주시 금산면 금산로 113-1 핫코크피트니스 1,2층",헬스,128.1483846,35.2139658
영웅태권도,,경상남도 창원시 의창구 북면 무동로226번길 14 6층 영웅태권도,태권도,128.5845711,35.3175724
창녕반다비체육센터,555326500,경상남도 창녕군 창녕읍 탐하로 234-4 창녕반다비체육센터,종합체육시설,128.4972115,35.5327469
영웅태권도,556323090,경상남도 거제시 상동5길 117-40 상동프라자3층(상동동)영웅태권도,태권도,128.6332515,34.8604627
그래비티,553855571,경상남도 양산시 물금읍 가촌로 58 그래비티,헬스,128.9899762,35.3175942
율하핏점핑다이어트,,경상남도 김해시 율하2로 140 4층 율하핏점핑다이어트(율하동),기타종목,128.8159505,35.1685729
리복헬스,553140038,경상남도 김해시 월산로 9 원익빌딩 5층(부곡동),헬스,128.8106192,35.2012276
영웨이브댄스학원,,경상남도 김해시 능동로 159 메드피아빌딩 303호 영웨이브댄스학원(부곡동),댄스(줌바 등),128.8085676,35.2029088
육일라이프휘트니스사우나,552432838,경상남도 창원시 마산합포구 교방북2길 5 육일라이프휘트니스사우나(교방동),헬스,128.5640931,35.2150781
석봉태권도장,553119941,경상남도 김해시 율하로 476 위드상가 4층(장유동),태권도,128.8266959,35.1670454
서희아동청소년발달센터,556817598,경상남도 거제시 수양2길 9 서희아동청소년발달센터(수월동),축구(풋살),128.6511719,34.8908641
굿타임 사우나휘트니스,553314202,경상남도 김해시 삼계중앙로 22 굿타임 빌딩 5층 굿타임 사우나 휘트니스(삼계동),헬스,128.8675573,35.2600467
율하탁구교실,553433806,경상남도 김해시 율하3로 45 유성프라자2차 701호(율하동),탁구,128.8142656,35.1721839
구산골프연습장,553339394,경상남도 김해시 가야로 245-1 구산골프연습장(구산동),골프,128.8779438,35.2573859
블랙벨트월드 태권도,23541673,경상남도 밀양시 상남면 밀양대로 1546-2 3층 블랙벨트월드 태권도,태권도,128.7620581,35.4684515
한반도 태권도장,555521191,"경상남도 창원시 진해구 남영로55번길 6-5 SM빌딩 301,302호 한반도 태권도장(남문동)",태권도,128.7527866,35.1064434
흰돌체육관,556480166,경상남도 통영시 광도면 죽림1로 17-51 502호,태권도,128.4151892,34.879769
굿바디운동센터,552650789,경상남도 창원시 의창구 도계로4번길 28 5층 굿바디운동센터(도계동),헬스,128.6347306,35.2572778
한반도 태권도장,552219755,"경상남도 창원시 마산회원구 회원남로 29 상가201호(회원동, 혁성아트빌)",태권도,128.5643604,35.2186587
율하용인대청룡태권도장,553230113,경상남도 김해시 율하2로88번길 16-5 1층 용인대청룡태권도장(율하동),태권도,128.8094616,35.1715625
동궁볼링센타,559313615,경상남도 합천군 합천읍 충효로 126 동궁볼링센타,볼링,128.1629541,35.5716734
아일랜드피트니스 장평점,556338005,경상남도 거제시 장평4로 62 4층 아일랜드피트니스(장평동),헬스,128.6083797,34.8867571
사단통영안황지역개발협의회,559909988,경상남도 통영시 광도면 안정로 830 안황스포츠센터,헬스,128.4119832,34.9489263
양산주민편익시설,553798630,경상남도 양산시 동면 강변로 264-1 양산주민편익시설,수영,129.0276,35.3278304
탑스포츠아카데미,,경상남도 진주시 도동로264번길 13 1층 탑스포츠아카데미(하대동),기타종목,128.1232884,35.1940625
한백 품 태권도장,,경상남도 창원시 의창구 북면 감계로 300 코아빌딩 7층 한백 품 태권도장,태권도,128.5936467,35.3019901
고성 문화체육센터,556736212,경상남도 고성군 고성읍 송학고분로 193 고성 문화체육센터,수영,128.3107035,34.980288
꿈이룸 탁구,293288504,경상남도 양산시 서일동1길 34 3층(중부동),탁구,129.034406,35.3411531
다온태권도장,557853388,경상남도 양산시 동면 내송큰들로 39 더원빌딩3층 다온태권도,태권도,129.0683334,35.3186618
최기수복싱체육관,557431440,경남 진주시 남강로 633 3층 최기수복싱체육관,복싱,128.0807268,35.190845
NJ복싱체육관,,"경상남도 창원시 진해구 진해대로913번길 29 NJ복싱체육관(자은동, 안성명작빌라)",복싱,128.7101226,35.1482763
해동검도거제,556879093,경상남도 거제시 국산로 167 영진엘러빌 105호,검도,128.6938425,34.8987348
경희대석사태권도장,557639997,경상남도 진주시 금산면 금산순환로12번길 21-1 경희대석사태권도장,태권도,128.1484057,35.2146287
리액트짐,553252228,경상남도 김해시 관동로 92 2층 리액트짐(관동동),헬스,128.8133908,35.1771488
커브스 신안클럽,557473030,"경상남도 진주시 진양호로 282 5층, 커브스 신안클럽(신안동)",헬스,128.0644499,35.1784914
다나온운동발달센터,557232043,경상남도 김해시 율하2로 99 2층 202호(율하동),기타종목,128.8123769,35.1706567
리오실내골프연습장,552326631,경상남도 창원시 마산회원구 내서읍 경남대로 913 리오빌딩6층,골프,128.5047037,35.2317047
통영스크린파크골프,556451075,경상남도 통영시 광도면 죽림5로 55-9 702호 통영스크린파크골프,골프,128.4216435,34.8849259
디딤돌동양체육관,552418735,경상남도 창원시 마산회원구 회원남로 83 지하1층(회원동),태권도,128.5703573,35.2192836
대한태권도체육관,553450068,"경상남도 김해시 진영읍 진영로234번길 2 2,3층",태권도,128.7383523,35.302221
커브스 삼문클럽,,경상남도 김해시 능동로149번길 8 2층 커브스(부곡동),헬스,128.8075243,35.2028782
다나아짐운동재활센터,552377003,경상남도 창원시 의창구 창이대로309번길 9 2층 다나아짐운동재활센터(봉곡동),헬스,128.6707973,35.2469314
탑볼링센터,552520301,경상남도 창원시 의창구 남산로17번길 28 지하1층 탑볼링센터(팔용동),볼링,128.6143918,35.2605521
프리즘주짓수킥복싱,553658184,경상남도 양산시 물금읍 물금1길 12 주은빌딩 301호,주짓수,128.9874004,35.3094843
탑스포츠아카데미 TSA합기도,,경상남도 진주시 도동로264번길 13 1층 탑스포츠아카데미(하대동),합기도,128.1232884,35.1940625
엠씨피트니스김해점,,경상남도 김해시 내외중앙로 72 7층(내동),헬스,128.8673239,35.2361903
리틀짐태권도장,25525553,경상남도 창원시 진해구 동진로157번길 8 1층,태권도,128.704051,35.1429604
탑탁구장,,경상남도 진주시 하대로 71 지하1층  탑탁구장(하대동),탁구,128.1195169,35.193224
능포 상무태권도장,,경상남도 거제시 능포로 122 3층 능포상무태권도장(능포동),태권도,128.7314263,34.8745611
리틀태권도장,,경상남도 김해시 율하2로97번길 22 경보월드 프라자 4층 401호 리틀태권도장(율하동),태권도,128.8137493,35.1721411
제이제이당구,,경상남도 진주시 진양호로 350 지하1층(신안동),당구,128.0683846,35.1837491
가가홀스승마체험장,555726908,경상남도 의령군 의령읍 남강로 385-1 가가홀스승마체험장,승마,128.2873964,35.2901445
중앙아동플러스,556030993,"경상남도 창원시 성산구 신촌로 51 6동101호(신촌동, 삼미특수강아파트)",기타종목,128.6280404,35.2049602
하동스크린골프,558824445,경상남도 하동군 하동읍 중앙로 12 2층,골프,127.751141,35.0706574
중앙체육관,553270051,경상남도 김해시 전하로 244 402(전하동),태권도,128.872844,35.2253722
함양군볼링장,559621022,경상남도 함양군 함양읍 삼휴길 60-30 함양군볼링장,볼링,127.7149635,35.5176921
경남태권도체육관,553558905,경상남도 밀양시 가곡7길 9 경남태권도체육관(가곡동),태권도,128.7670723,35.4744107
태권도 활천도장,553257799,경상남도 김해시 인제로39번길 47 태권도 활천도장(삼정동),태권도,128.8999832,35.2314577
함양국민체육센터,559604630,경상남도 함양군 함양읍 삼휴길 60-40 함양국민체육센터,헬스,127.7142465,35.5175907
용인대미래태권도장,553547880,경상남도 밀양시 중앙로 234-3 304호 용인대미래태권도장(삼문동),태권도,128.7581358,35.4848545
제이에이치태권도,553674733,경상남도 양산시 덕계로 101-1 상가(덕계동),태권도,129.1529804,35.3764025
김해시도시개발공사 진영스포츠센터,553442806,경상남도 김해시 진영읍 김해대로 257 진영스포츠센터,수영,128.7189134,35.30812
사림극동체육관,552675588,경상남도 창원시 의창구 사림로 47 209(사림동),태권도,128.6779374,35.2474663
함스PT샵,,경상남도 남해군 남해읍 화전로122번가길 8 101호,헬스,127.8953468,34.8425954
뉴욕바디스쿨,556340550,경상남도 거제시 장평로 37 장평종합상가309호 뉴욕바디스쿨(장평동),요가,128.6131052,34.8908617
용인대투혼유도클럽아주점,556819044,경상남도 거제시 아주1로 74 동천빌딩 3층 용인대투혼유도클럽 아주점(아주동),유도,128.6850428,34.866959
탭피트니스,553130830,경상남도 김해시 번화1로80번길 15 10층 탭피트니스(대청동),헬스,128.8010403,35.1950523
더코아클라이밍,553129812,경상남도 김해시 능동로 159 매드피아6층(부곡동),클라이밍(암벽등반),128.8085676,35.2029088
사단법인 김해시스포츠클럽,553337988,경상남도 김해시 가야로 245 김해운동장내 2층(구산동),헬스,128.8752625,35.2556832
사단법인 고성축구스포츠클럽,556724424,경상남도 고성군 고성읍 송학고분로 193 고성축구스포츠클럽,축구(풋살),128.3107035,34.980288
촉석골프랜드,557536966,경상남도 진주시 강남로 31 촉석골프랜드(주약동),골프,128.0959832,35.1717599
중앙태권도체육관,558358951,경상남도 사천시 주공1길 40 201호(벌리동),태권도,128.0874003,34.9390337
태극태권도체육관,,경상남도 창원시 의창구 명지로 82-12 3층(명서동),태권도,128.6462539,35.2489285
사단법인 경남스포츠클럽,22300165,경상남도 창원시 마산회원구 내서읍 함마대로 2640 마산대학교 10호관 중체육관,태권도,128.5040311,35.259522
뉴로밸런스,,경상남도 진주시 범골로 56 3층 2호(충무공동),필라테스,128.1310774,35.1696121
용원국민체육센터,557120880,경상남도 창원시 진해구 안청로 95 용원국민체육센터(청안동),수영,128.8028757,35.1067657
AJ스파휘트니스,557617112,"경상남도 진주시 동진로 22 아주스타타워 6,7층(칠암동)",기타종목,128.0936391,35.1785237
제이골프,553677171,경상남도 양산시 양산역로 105 4층 401호 402호 403호(중부동),골프,129.0291504,35.3387749
오름동행 발달특수체육교육연구소,7075436291,경상남도 김해시 팔판로 24 팔판프라자 2층 오름동행(관동동),기타종목,128.7906156,35.1774036
마루한그린나래태권도장,552320017,경상남도 창원시 마산회원구 내서읍 중리상곡로 104 쌍봉빌딩5층,태권도,128.5101029,35.2495141
마루한아람태권도장,,경상남도 창원시 성산구 원이대로393번길 31 3층(반지동),태권도,128.6632301,35.2401238
라온동양태권도장,22483312,경상남도 창원시 마산합포구 완월남6길 5 1층 라온동양태권도(완월동),태권도,128.5576737,35.1962338
헤세드당구센터,,경상남도 양산시 물금읍 야리로 112 KJ플러스 601호 헤세드당구센터,당구,129.0077799,35.311218
원광태권도체육관,556456362,경상남도 통영시 도남로 171 1층(도남동),태권도,128.4228322,34.8299162
더클운동발달센터,,경상남도 창원시 성산구 마디미로 61 위드빌딩 9층(상남동),기타종목,128.6823145,35.2193653
초아아동발달센터,556818820,경상남도 거제시 아주1로 105-7 1층 초아아동발달센터(아주동),기타종목,128.6811497,34.8672551
창원그라운디댄스학원,,경상남도 창원시 의창구 태복산로3번길 13 5층 그라운디댄스학원(도계동),댄스(줌바 등),128.6381288,35.2533105
마리스차일드,555479079,경상남도 창원시 진해구 자은로88번안길 22 단독건물(자은동),수영,128.7126096,35.1523688
더프라임풋살센터,552327745,경상남도 창원시 마산회원구 내서읍 광려천남로 221 더프라임풋살센터,축구(풋살),128.5059211,35.2339028
태성체육관,556414125,경상남도 통영시 데메3길 14-16 2층 태성체육관(도남동),태권도,128.4204803,34.8293864
마린짐피트니스,,경상남도 창원시 성산구 가양로124번길 15 7층(대방동),헬스,128.7075561,35.2080421
리복헬스,553140038,경상남도 김해시 월산로 9 5층(부곡동),헬스,128.8106192,35.2012276
마산 올림픽수영장,557120533,경상남도 창원시 마산회원구 삼호로 63 마산 올림픽 수영장(양덕동),수영,128.579706,35.220932
마산고려도장,552429152,"경상남도 창원시 마산합포구 노산북6길 22 서광아파트상가3층(상남동, 상남서광아파트)",태권도,128.5723561,35.2139783
더하기운동발달센터,7088605611,"경상남도 김해시 대청로210번길 20 , 302호(대청동)",기타종목,128.7970007,35.1937282
용운체육관,557589578,경상남도 진주시 천수로 57 3,태권도,128.0912365,35.1714629
사계절태권도,,경상남도 김해시 월산로 140 상가동 지하1층(부곡동),태권도,128.8005315,35.2071383
경희어린이스포츠클럽진영점,553221046,경상남도 김해시 진영읍 진영로 78-18 3층,기타종목,128.7209205,35.3036475
마산택견전수관,552232462,경상남도 창원시 마산합포구 문화동14길 1 (월남동4가),기타종목,128.5590558,35.1816458
마산합포스포츠센터,557120493,경상남도 창원시 마산합포구 드림베이대로 56 마산합포스포츠센터(월영동),종합체육시설,128.5675397,35.1765395
마산합포스포츠센터,557120493,경상남도 창원시 마산합포구 드림베이대로 56 (월영동),수영,128.5675397,35.1765395
케이플러스볼링,553293838,경상남도 김해시 흥동로 6 3.4층(풍유동),볼링,128.849133,35.2224478
해동검도스쿨,555462488,"경상남도 창원시 진해구 중원동로 21 1층(근화동, 평화빌라트)",검도,128.6606507,35.1466142
케이핏의령점,555740777,경상남도 의령군 의령읍 의병로16길 21 2층,필라테스,128.2605234,35.3178042
택견,555457474,경상남도 창원시 진해구 진해대로 680 1층(경화동),기타종목,128.6898426,35.1590214
택견맵시무브먼트,556366594,경상남도 거제시 중곡로 17-3 고현택견전수관(고현동),기타종목,128.6295113,34.8941609
탭피트니스,553130830,경상남도 김해시 번화1로80번길 15 다성빌딩 10층 탭피트니스(대청동),헬스,128.8010403,35.1950523
탭피트니스 율하점,,"경상남도 김해시 율하4로 52 이룸팰리스2 빌딩, 5층 탭피트니스 율하점(장유동)",헬스,128.8225507,35.1709873
터미널 볼링센터,558634438,경상남도 남해군 남해읍 남해대로 2835 3층 310호,볼링,127.8984846,34.8417908
마산합포스포츠센터,557120493,경상남도 창원시 마산합포구 드림베이대로 56 마산합포스포츠센터(월영동),수영,128.5675397,35.1765395
대영사우나헬스,553569889,경상남도 밀양시 새미리벌로 33 대영사우나(삼문동),헬스,128.7473594,35.483776
용오름 드림태권도장,,경상남도 양산시 삽량로 199 서린프라자 2층 201호(중부동),태권도,129.0283735,35.3351409
사천시장애인종합복지관,28305555,경상남도 사천시 용현면 진삼로 447 사천시장애인종합복지관(장애인체육센터),탁구,128.0604861,34.996837
정의관격투기,553723222,경상남도 양산시 서창로 75 2층 정의관격투기(명동),기타종목,129.1650951,35.4077727
라이프휘트니스,556413651,경상남도 통영시 통영해안로 147-15 2층 라이프휘트니스(도천동),헬스,128.4132297,34.8373847
체인지바디,559442111,경상남도 거창군 거창읍 거창대로 100 7층 체인지바디,헬스,127.9151,35.6903679
커브스 진영클럽,553435330,경상남도 김해시 진영읍 김해대로361번길 16 나경타운 303호,기타종목,128.7298955,35.3082271
중원스크린골프,555523337,경상남도 창원시 진해구 벚꽃로 20 중원빌딩301호 중원스크린(광화동),골프,128.6593401,35.1488938
남해군 국민체육센터,558608662,경상남도 남해군 남해읍 화전로78번길 26 국민체육센터,수영,127.8969065,34.8375691
힐링온천스포렉스,553655533,경상남도 양산시 대운로 172 힐링온천스포렉스(명동),헬스,129.1723675,35.4031556
남해곰요가,,경상남도 남해군 남해읍 망운로9번길 13-1 3층 곰요가,요가,127.8933249,34.8369011
화랑39태권도장,553620077,"경상남도 양산시 두전길 42 제상가7동 101호(어곡동, 삼성파크빌아파트)",태권도,129.0280917,35.3818202
라온,,경상남도 사천시 정동면 수청2길 19 2층,탁구,128.1100681,35.0578151
소나무향기태권도,,경상남도 거제시 중곡로2길 12-1 고려6차상가 3층 소나무향기(고현동),태권도,128.6315766,34.8933997
합기도진무관,555528887,경상남도 창원시 진해구 냉천남로 3-26 5층(자은동),합기도,128.7142921,35.1548957
FLEX GX STUDIO,553825983,경상남도 양산시 물금읍 증산역로 139 207호,기타종목,129.0056342,35.3103533
강해라태권도장,555517997,경상남도 창원시 진해구 풍호로35번길 28 2층 강해라태권도장(자은동),태권도,128.7053159,35.1421844
부림체육관,555424487,경상남도 창원시 진해구 여좌로 83 부림체육관(여좌동)(여좌동),태권도,128.662324,35.1588424
화랑체육관,23672300,"경상남도 양산시 양주로 94 청어람상가3층(남부동, 양산신도시아파트청어람)",태권도,129.0332438,35.3330283
정우아동발달지원센터,552840884,경상남도 창원시 성산구 원이대로 587 2층5호(용호동),기타종목,128.6794813,35.228414
함께걷는발달연구소,552896694,경상남도 창원시 의창구 사림로 63 .,기타종목,128.6793481,35.2467947
라라점핑힐링다이어트,,경상남도 창원시 의창구 북면 무동로226번길 8 무동그랜드빌딩 301호 라라점핑,기타종목,128.5845517,35.3169521
트리플피트니스,557487676,경상남도 진주시 진주대로 1114 지하1층(계동),헬스,128.0805729,35.1971958
증산아동발달센터,553827979,"경상남도 양산시 물금읍 증산역로 135 307호, 증산아동발달센터",기타종목,129.0053024,35.3106227
해동검도진주본관,557621046,경상남도 진주시 초북로 40 2층 해동검도(초전동),검도,128.1115618,35.2122575
창원시설공단 우리누리청소년문화센터,557120320,경상남도 창원시 마산회원구 팔용로 128 우리누리청소년문화센터(합성동),수영,128.5903616,35.2404202
JB스포츠클럽,556467147,경상남도 통영시 광도면 죽림2로 11 2층,기타종목,128.4141207,34.880969
마음빛 언어심리 발달연구소,,경상남도 창원시 마산합포구 합포로 173 5층 503호(산호동),기타종목,128.5856593,35.2129205
마음열기태권도장,555457585,경상남도 창원시 진해구 안골로 348 312호 마음열기태권도(용원동),태권도,128.8102967,35.1020412
주식회사 오름동행,7075436291,경상남도 김해시 팔판로 24 팔판프라자 2층 주식회사 오름동행(관동동),기타종목,128.7906156,35.1774036
파샤발레댄스아카데미,552715788,"경상남도 창원시 마산합포구 중앙동로 10 상가 3층 파샤발레댄스아카데미(중앙동2가, 중앙우방아파트)",발레,128.567933,35.1960619
해동이국민체육센터,553119265,경상남도 김해시 삼계로 136 해동이국민체육센터(삼계동),수영,128.8774767,35.2628054
화랑태권도,557489745,경상남도 진주시 북장대로 93 2층 화랑태권도(상봉동),태권도,128.0720153,35.1981906
사거창스포츠클럽,559459966,"경상남도 거창군 거창읍 거열로1길 100-24 상가 101호, 102호(나리안길아파트)",기타종목,127.9117647,35.6942675
정무합기도관,26462321,경상남도 통영시 도남로 139 2층 정무합기도관(봉평동),합기도,128.4196562,34.8302921
벨로치타 스포츠 아카데미,,경상남도 창원시 마산합포구 삼호로 35 2층 벨로치타(산호동),기타종목,128.5863784,35.2208601
마음의 문을 열고,559929961,"경상남도 함안군 가야읍 본동길 10 1층, 마음의 문을 열고",기타종목,128.4052801,35.2756111
도담아동발달센터 양산점,23725642,"경상남도 양산시 물금읍 증산역로 139 208호, 209호 도담아동발달센터",기타종목,129.0056342,35.3103533
함양군볼링장,559604630,경상남도 함양군 함양읍 삼휴길 60-30 함양군볼링장,볼링,127.7149635,35.5176921
대방검도관,552611750,경상남도 창원시 성산구 가양로124번길 21-15 365-4번지 성지빌딩 701호 대방검도관(대방동),검도,128.7082055,35.2077224
남부문화체육센터,559737373,경상남도 산청군 신안면 원지강변로 67-10 남부문화체육센터,기타종목,127.9710731,35.3013079
청운멀티짐하이브주짓수,,경상남도 창원시 성산구 단정로76번길 4 하이브주짓수(상남동),합기도,128.687348,35.2171811
NJ복싱체육관자은점,7041021292,"경상남도 창원시 진해구 진해대로913번길 29 NJ복싱체육관(자은동, 안성명작빌라)",복싱,128.7101226,35.1482763
도란도란언어심리발달센터,557580353,경상남도 진주시 진양호로 191 2층 도란도란언어심리발달센터(평거동),기타종목,128.0588605,35.1719513
남문검도관,555450067,경상남도 창원시 진해구 웅천동로106번길 52 301호(남문동),검도,128.7510117,35.1051469
경희대태권도장,553677788,경상남도 양산시 평산중앙로 79 상가1동 3층 경희대태권도장(평산동),태권도,129.1519586,35.3864357
정두영탁구교실,557574223,경상남도 진주시 모덕로294번길 5-2 정두영탁구교실(하대동),탁구,128.1264354,35.1883607
김해클라이밍 주촌점,557232822,"경상남도 김해시 금관대로 1125 406호 김해클라이밍(외동, 성평그린빌아파트)",클라이밍(암벽등반),128.848769,35.2290321
박미자심리운동발달센터,559906880,경상남도 통영시 명정고개길 166 박미자심리운동발달센터(명정동),댄스(줌바 등),128.4104467,34.8498952
워너비짐,,경상남도 진주시 진주대로 1080 6층 워너비짐(대안동),헬스,128.0835471,35.19585
정동문화교류센타,,경상남도 사천시 정동면 수청길 17 정동문화교류센타,기타종목,128.1150813,35.0610691
화랑태권도장,,경상남도 진주시 사들로156번길 5 404호(충무공동),태권도,128.1497539,35.1817503
김주원 움직임 피지오 연구소,,경상남도 창원시 의창구 중동중앙로 47 타워오피스 6층 605호(중동),기타종목,128.6249983,35.256626
코리아유도멀티짐,7087777455,경상남도 사천시 용강양계2길 3 청담푸른자리 2층 201호(용강동),유도,128.0833926,34.9479501
준당구클럽,,경상남도 김해시 삼문로 5 403(대청동),기타종목,128.8012807,35.1922281
정도관정도무예스쿨,558335018,경상남도 사천시 숲뫼길 111 2층 정도무예스쿨(향촌동),합기도,128.0871253,34.9369484
드림트리심리상담센터,50714822260,경상남도 밀양시 석정로 130 1층 드림트리심리상담센터(교동),기타종목,128.7529624,35.5013091
머슬팩토리기구필라테스율하점,,경상남도 김해시 율하3로 38 경보오션빌딩 3층 머슬팩토리 율하점(율하동),헬스,128.8143922,35.1712567
청무태권도장,558343938,경상남도 사천시 임내길 14 2층 청무태권도장(죽림동),태권도,128.0639034,34.9694308
지성체육관,556377165,경상남도 거제시 장평3로3길 3 상가205호(장평동 제니스상가) 지성체육관(장평동),태권도,128.6085832,34.8903268
JB스포츠클럽 죽림점,556467147,경상남도 통영시 광도면 죽림2로 11 2층 JB스포츠클럽,기타종목,128.4141207,34.880969
점핑하이장유점,553391337,경상남도 김해시 장유로 228 502호 점핑하이 장유점(부곡동),기타종목,128.8090141,35.2038337
대룡헬스클럽,557471711,"경상남도 진주시 상봉대룡길 18 상봉동 화인아파트 상가 2층 201호(상봉동, 화인아파트)",헬스,128.0690007,35.201658
혁신바둑학원,,"경상남도 진주시 범골로54번길 19 303호, 304호 혁신바둑학원(충무공동)",기타종목,128.1325339,35.1686778
나마스테요가,553278873,경상남도 김해시 율하3로 37 경보센텀 901 나마스테요가(율하동),요가,128.8137393,35.1716396
나리안길군민스포츠센터,539438887,경상남도 거창군 거창읍 거열로1길 100-26 나리안길 군민 스포츠센터,헬스,127.9115333,35.6945351
드림탁구교실,,경상남도 창원시 마산합포구 월영동로 3 2층 드림탁구교실(해운동),탁구,128.5628216,35.1802725
나라찬태권도장 일운관,26816447,경상남도 거제시 일운면 거제대로 2533 경남 거제시 일운면 지세포해안로50 2층,태권도,128.700519,34.8323441
라파일특수체육연구소,553623566,경상남도 양산시 동면 금오13길 4 네오스퀘어 307호 라파일특수체육연구소,기타종목,129.025635,35.3161516
드림주니어태권도,553855551,경상남도 양산시 신명동6길 3 상가 3층 드림주니어태권도(명동),태권도,129.1689182,35.4044014
북면점핑다이어트,,경상남도 창원시 의창구 북면 감계로 304 재성빌딩401호,기타종목,128.5940069,35.3019815
포텐터짐&팀gj,553559682,경상남도 밀양시 백민로4길 29 축협5층(내이동),기타종목,128.7510491,35.4945773
대룡태권도 본관,552662799,경상남도 창원시 성산구 대정로 138 대방동 훼미리코아상가 3층 306호(대방동),태권도,128.7076298,35.211749
나라찬 태권도장 옥포관,556875059,경상남도 거제시 옥포중앙로 81 3층 나라찬 태권도장(옥포동),태권도,128.694668,34.8965319
박선미스포츠센터,,경상남도 김해시 대동면 동남로91번길 33 박선미스포츠센터 1층,배드민턴,128.9925187,35.2390712
양산시국민체육센터,553798634,경상남도 양산시 물금읍 청룡로 33 양산시국민체육센터,수영,128.9949996,35.3266355
마루한한솔태권도장,557553999,경상남도 진주시 도동로247번길 11 2층(하대동),태권도,128.1207141,35.1922702
헬린이창고GYM,,"경상남도 김해시 함박로 102 지하 1층 헬린이창고GYM(외동, 한국2차아파트)",기타종목,128.8645326,35.2321054
요가인디아필라테스,556739665,경상남도 고성군 고성읍 동외로156번길 41 2층 요가인디아&필라테스,요가,128.3282444,34.9754809
맑은하늘아동발달센터,,경상남도 양산시 동면 금오로 256 2207호,기타종목,129.0271458,35.3152845
파워점핑줄넘기클럽,,경상남도 진주시 진양호로44번길 23-17 1층파워점핑줄넘기클럽(평거동),줄넘기,128.0476897,35.1665124
맘에든태권도장,,경상남도 김해시 주촌면 선지로58번길 1 2층 맘에든태권도장,태권도,128.8444243,35.2304306
도원무술관 2관,553251202,경상남도 김해시 김해대로2491번길 27 2층 도원무술관 2관(삼정동),합기도,128.8984937,35.2303447
다나온운동발달센터,557232507,경상남도 김해시 율하2로 99 2층 202호(율하동),기타종목,128.8123769,35.1706567
꿈트리 운동발달센터,557617313,경상남도 진주시 진주대로960번길 9 2층 꿈트리 운동발달센터(칠암동),기타종목,128.0886898,35.1860211
청룡태권도,555510753,경상남도 창원시 진해구 진해대로 999 401호 청룡태권도(자은동),태권도,128.7078138,35.1402642
우암태권도장,553336667,경상남도 김해시 금관대로1354번길 5-7 경상남도김해시금관대로1354번길5-7(내동),태권도,128.8663708,35.2434685
망경남강해동검도,557561116,경상남도 진주시 망경로 292 3층(망경동),검도,128.0852468,35.1851728
MVP당구장,,경상남도 남해군 남해읍 화전로78번길 1-1 일번가빌딩 3층,당구,127.8943836,34.838427
박소연점핑 힐링다이어트,,경상남도 김해시 진영읍 장등로 82 고가빌딩2층 (201호),기타종목,128.734047,35.3128613
팍스탁구광장,,경상남도 진주시 금산면 금산로 148 팍스탁구광장 1층,탁구,128.1508064,35.2116768
동광태권도장,553335735,경상남도 김해시 호계로500번길 3-9(동상동) 1층,태권도,128.8848574,35.2354527
필당구장,,경상남도 창원시 진해구 냉천로 99 세명프라자 2층 필당구장(석동),당구,128.7076902,35.1536961
한진태권도장,552213947,"경상남도 창원시 마산합포구 월영동로 8 437호(해운동, 대동씨코아)",태권도,128.5624755,35.1797591
MTA태권도장,553453457,경상남도 김해시 진영읍 본산로 27-13 태영빌딩4층,태권도,128.7369295,35.3078358
아일랜드피트니스 디큐브점,556327004,경상남도 거제시 장평로 37 4층 아일랜드피트니스(장평동),헬스,128.6131052,34.8908617
JJ 업 댄스학원,,경상남도 고성군 고성읍 동외로 215-3 3층,댄스(줌바 등),128.3267399,34.9805558
청담 지니 스포츠아카데미,,경상남도 밀양시 새미리벌로 39 2층(삼문동),롤러인라인,128.7468972,35.4835498
코아헬스,553129812,경상남도 김해시 능동로 159 매드피아501호(부곡동),헬스,128.8085676,35.2029088
코어짐피트니스,293923101,경상남도 진주시 진주대로 1022 4층 코어짐피트니스(동성동),헬스,128.085564,35.1908931
국무태권도장,558844775,경상남도 하동군 하동읍 시장3길 10 1층,태권도,127.7496473,35.0690005
한주탁구장,224355325,"경상남도 진주시 진주대로1208번길 16 상가동 지하 1층 한주탁구장(상봉동, 상봉한주타운)(상봉동)",탁구,128.0708862,35.1955769
요가원샨티,552879642,경상남도 창원시 성산구 동산로 122 411호 요가원샨티(상남동),요가,128.6904831,35.2184681
퍼스트원 피트니스,553876138,경상남도 양산시 동면 금오16길 4 6층 퍼스트원 피트니스,헬스,129.0257788,35.3177185
천호탁구교실,,"경상남도 양산시 물금읍 목화로 84 303호,304호",탁구,129.0040161,35.3335998
진교태권도장,558827879,경상남도 하동군 진교면 민다리길 142 2층 진교태권도장,태권도,127.9001959,35.0340383
희망찬 언어심리감각발달센터,556877581,경상남도 거제시 옥포로15길 6 1층(옥포동),기타종목,128.690646,34.8927329
천하무적태권도장,556384442,경상남도 거제시 거제중앙로 1527 천하무적태권도장(문동동),태권도,128.6448137,34.8594795
진달래문화센터운영위원회,553555050,경상남도 밀양시 상남면 운하길 13-2 진달래문화센터 운영위원회,헬스,128.7561734,35.4658012
퍼스트클라이밍짐주,23381707,경상남도 김해시 가야로 212 4층 퍼스트클라이밍짐(주)(삼계동),클라이밍(암벽등반),128.8720485,35.2586052
365건강드림운동센터,,"경상남도 진주시 진성면 동부로 1316 2층 201호, 202호",필라테스,128.2245458,35.183615
현무태권도장,552760488,경상남도 창원시 의창구 우곡로159번길 31 1층(명서동),태권도,128.6441549,35.2438245
김해마실파크골프,,경상남도 김해시 금관대로 1064 마실파크골프아카데미(풍유동),골프,128.8489569,35.223016
하얏트사우나,248738879,경상남도 함양군 함양읍 용평길 31-6 하얏트사우나,헬스,127.7305895,35.5204324
머슬팩토리기구필라테스 율하점,,경상남도 김해시 율하3로 38 경보오션빌딩 3층 머슬팩토리 율하점(율하동),헬스,128.8143922,35.1712567
고현힘찬태권도,556377075,경상남도 거제시 거제중앙로 1821-2 2층(고현동),태권도,128.6263691,34.8812063
양산시시설관리공단 국민체육센터,553798650,경상남도 양산시 물금읍 청룡로 33 국민체육센터,수영,128.9949996,35.3266355
진스드림스포츠,23225467,경상남도 김해시 활천로166번길 23-17 경남김해시김해대로2453번길19-1,수영,128.9022838,35.2394952
몸가짐,555466385,경상남도 창원시 진해구 냉천로 156 에이스빌딩 6층(자은동),헬스,128.7134463,35.1553896
k스쿼시아카데미,553550138,경상남도 밀양시 교동로1길 37 k스쿼시아카데미(교동),스쿼시,128.7523928,35.5063872
진영스포츠센터,552442800,경상남도 김해시 진영읍 김해대로 257 진영스포츠센터,수영,128.7189134,35.30812
진영실전합기도,553460296,경상남도 김해시 진영읍 김해대로361번길 36 진영코아루상가203호 진영실전합기도,합기도,128.7302601,35.3099138
펄스휘트니스클럽,22224927,경상남도 창원시 마산합포구 월영남로 25 해운빌딩2층(해운동),헬스,128.5586502,35.1763153
김영미아동발달센터,552564006,경상남도 창원시 마산회원구 양덕서8길 9 303호(석전동),기타종목,128.578604,35.231944
뻔뻔한운동점핑,,경상남도 김해시 가야로38번길 4 1층 뻔뻔한운동(삼계동),기타종목,128.8644254,35.2695025
거창국민체육센터,559408772,경상남도 거창군 거창읍 심소정길 39-36 국민체육센터,수영,127.9284809,35.6937341
펍큐진주본점,557616660,경상남도 진주시 진주대로516번길 6-3 3층  펍큐진주본점(가좌동),기타종목,128.1058707,35.1522659
강수나무용학원,,경상남도 김해시 번화1로84번길 28 탑스코아빌딩3층(대청동),무용(발레 등),128.8023546,35.1954828
김성은탁구클럽,,"경상남도 진주시 진주대로 789 상가동 B1(주약동, 한보은빛마을)",탁구,128.0944616,35.1712213
평거천부경명상센타,,경상남도 진주시 평거로26번길 5-3 1층 평거천부경명상센타(평거동),기타종목,128.0645366,35.1728952
좋은바디운동교정원gbec,557523266,경상남도 진주시 남강로1129번길 10-6 1층(상평동),기타종목,128.1161908,35.1686972
휘트니스R,,경상남도 창원시 진해구 진해대로 742 5층 휘트니스R(석동),헬스,128.6968161,35.1591261
강무검도관,552222056,경상남도 창원시 마산합포구 수산2길 75 2층(신포동1가),검도,128.5738654,35.1983953
경남FC유소년축구교실,,"경상남도 거제시 거제대로 4500-55 2동3층, 경남FC 유소년 축구교실(고현동)",축구(풋살),128.6400869,34.8943307
진영위너스태권도장,226126732,경상남도 김해시 진영읍 장등로19번길 51 2층,태권도,128.7293658,35.308468
댓거리탁구교실,,경상남도 창원시 마산합포구 해안대로 7 509호(월남동5가),탁구,128.5597378,35.1807905
동부스포츠센터,553369318,경상남도 김해시 신어산길 44 동부스포츠센터(삼방동),수영,128.9073779,35.2563554
점프키즈센터양산점,,"경상남도 양산시 물금읍 범구로 47 105,106,107호 (점프키즈센터양산점)",수영,129.016,35.3259118
용호종합체육관,557599870,경상남도 진주시 모덕로 273 2층(하대동),기타종목,128.1239692,35.1890607
점프키즈센터 짐 발달상담센터,,경상남도 양산시 물금읍 청운로 350 301호302호,기타종목,129.0164653,35.3268782
동부탁구클럽,,경상남도 김해시 구지로 59 동부아파트상가 지하(내동),탁구,128.8701813,35.2397259
바르셀로나골프,552860700,경상남도 창원시 성산구 중앙대로 77 동성올린픽타운 지하1층 바르셀로나골프(중앙동),골프,128.6777326,35.2222333
실내서핑,,경상남도 김해시 대동면 동남로91번길 15 서핑할래,수영,128.9942929,35.2396448
울림발달장애인활동센터,558541016,경상남도 사천시 정동면 화암길 189-20 울림 발달장애인활동센터,축구(풋살),128.1078636,35.0800596
동성체육관,559640910,경상남도 함양군 함양읍 교산중앙길 12 1층,태권도,127.7293961,35.5227339
다솜체육센터,23224507,경상남도 김해시 삼계중앙로 46 성우프라자 502호(삼계동),기타종목,128.8701309,35.2603492
김봉준체육관,553551799,경상남도 밀양시 내이1길 25 2층 김봉준체육관(내이동),복싱,128.7461142,35.4966196
점프윙스 줄넘기클럽,,경상남도 김해시 활천로 191-1 점프윙스 줄넘기 클럽 (2층)(어방동),줄넘기,128.900199,35.2421456
김민준태권도장,,경상남도 김해시 율하3로 38 205호(율하동),태권도,128.8143922,35.1712567
아슬란볼링센터,557590112,경상남도 진주시 충의로 119 아슬란몰 지하1층 볼링장(충무공동),볼링,128.1527742,35.1746096
뻔뻔한운동유전자다이어트,,경상남도 김해시 해반천로144번길 10 2층 뻔뻔한운동(삼계동),기타종목,128.8682941,35.2609326
진영점핑다이어트,553421245,경상남도 김해시 진영읍 진영로 262-5 2층 점핑,기타종목,128.7416371,35.3018891
동아한KTIGERS태권도장,559427799,경상남도 거창군 거창읍 죽전1길 3 2층,태권도,127.9089391,35.6893632
거제시체육회 수영장,556827331,경남 거제시 장승로 145 거제문화예술회관 별관2층,수영,128.7231391,34.8671156
진영핏클럽,,경상남도 김해시 진영읍 김해대로361번길 8 진영 굿프라임2 3층 진영핏클럽 점핑운동,기타종목,128.7297998,35.3074876
동아대 중앙 태권도,,경상남도 진주시 진양호로 254 상가동 3층 동아대 중앙 태권도(평거동),태권도,128.0629577,35.1764134
KAFA휘트니스,556434661,경상남도 통영시 중앙로 264 송림데파트 상가 5층 501호(북신동),댄스(줌바 등),128.4291325,34.8540623
태성태권도장,553380076,경상남도 김해시 함박로119번길 17 3층 태성태권도장(외동),태권도,128.8672596,35.2336353
뻔뻔한운동내동현대2차,,경상남도 김해시 경원로 80 내동1146-1 현대2차아파트상가 2층201호 뻔뻔한운동(내동),기타종목,128.8687825,35.2366231
뻔뻔한운동,,경상남도 밀양시 미리벌로2길 34 명희빌딩3층(삼문동),기타종목,128.7467783,35.4834668
김동현키즈체육교실,,경상남도 김해시 삼계중앙로 46 성우프라자 701호(삼계동),기타종목,128.8701309,35.2603492
아림태권도,559444438,경상남도 거창군 거창읍 창동로 135 1층 아림태권도,태권도,127.9199901,35.6891055
충무태권도장,553118411,경상남도 김해시 월산로 111-73 3층 충무태권도장(부곡동),태권도,128.8013863,35.2030356
진우웰니스,556442220,"경상남도 통영시 무전8길 13-38 상가 2층 진우웰니스(무전동, 진우하이빌 1차)",헬스,128.4277921,34.8581397
더 포라 수영장,556815553,경상남도 거제시 일운면 거제대로 2631 스포츠센터,수영,128.6993888,34.8402972
거제시장애인복지관,556332942,경상남도 거제시 양정1길 45 성우샤인빌 601호(양정동),기타종목,128.6461062,34.8693369
감사랑리더십태권도장메트로지점,,경상남도 창원시 마산회원구 용마로 130 10층 1005호 감사랑리더십태권도장(양덕동),태권도,128.5860884,35.2235828
씨엘요가,553726360,경상남도 양산시 물금읍 야리1길 20 504씨엘,요가,129.0081818,35.3106323
진주볼링장,557462187,경상남도 진주시 신안로 165 5층 진주볼링장,볼링,128.0661337,35.1919913
동아대성공태권도장,553851129,경상남도 양산시 물금읍 야리로 31 경남프라자 503호 동아대성공태권도장,태권도,129.0018932,35.3167338
PBA당구클럽,557620153,경상남도 진주시 범골로54번길 17 주연빌딩 6층(충무공동),당구,128.1322878,35.1688287
가촌코리아태권도장,553882088,경상남도 양산시 물금읍 물금로 96-35 4층,태권도,128.9946875,35.3128059
아이러브바디 점핑다이어트,553621515,경상남도 양산시 중앙로 250 호암빌딩 201호 아이러브바디 점핑다이어트(신기동),기타종목,129.0417757,35.3524811
아루 FUN FC,,경상남도 김해시 계동로147번길 18 1층(대청동),축구(풋살),128.7942477,35.1896824
채움아동발달센터,556481866,경상남도 통영시 광도면 죽림2로 49-37 5층 채움아동발달센터,기타종목,128.4182688,34.8817928
줄친구점프점프,553860085,경상남도 양산시 대운로 202 1층(명동),태권도,129.1711803,35.4059934
채움아동발달센터,27577207,"경상남도 진주시 강남로189번길 15 1층상가, 채움 아동발달센터(칠암동)",기타종목,128.0928856,35.1843088
진주승마클럽,557557526,경상남도 진주시 내동면 칠봉산길 104-26 진주승마클럽,승마,128.0455502,35.15219
진주시장애인문화체육센터,559201280,경상남도 진주시 모덕로47번길 48 진주시장애인문화체육센터(상대동),수영,128.1015319,35.1858695
동아대태권도장,552212294,경상남도 창원시 마산합포구 3·15대로 271 2층 동아대태권도장(자산동),태권도,128.5677222,35.2025815
또또스포츠센터,553261948,경상남도 김해시 금관대로 862 또또스포츠센터(명법동),배드민턴,128.841406,35.2057714
우리들센터,557631663,경상남도 진주시 금산면 금산로283번길 12-13 1층 진주사회활동지원센터,축구,128.1602828,35.204369
레베랑스발레학원,,경상남도 김해시 월산로 111-61 부곡프라자 407호 레베랑스발레학원(부곡동),발레,128.8010116,35.2033904
포텐터짐1205,553559682,경상남도 밀양시 중앙로 396 3층(내이동),헬스,128.7498593,35.4963689
스포츠라이트솔루션주식회사,553337522,경상남도 김해시 함박로101번길 12 6층 601호 킴스탁구월드(외동),탁구,128.8656472,35.2332454
창원히트배드민턴센터,,경상남도 창원시 의창구 북면 천주로480번길 10-6 히트배드민턴센터,배드민턴,128.6044326,35.2999691
휴케어필라테스,,경상남도 김해시 구지로 116-3 2층 휴케어필라테스(대성동),필라테스,128.8761549,35.238803
창원심리운동발달센터,22670100,경상남도 창원시 성산구 가양로124번길 13 601호 창원심리운동발달센터(대방동),기타종목,128.7075527,35.2082587
창원시장애인탁구교실,7088148979,경상남도 창원시 성산구 비음로14번길 6 지하층(사파동),탁구,128.6980639,35.2287364
창원시장애인종합복지관,552376485,경상남도 창원시 의창구 봉곡로97번길 87 창원시장애인종합복지관(봉곡동),기타종목,128.6795397,35.250421
아이스포,556364777,경상남도 거제시 거제중앙로 1868-2 11층 아이스포(고현동),헬스,128.62484,34.8855507
진주시탁구협회 산하 진주탁구회관,,경상남도 진주시 진양호로83번길 22 한보타운 상가 B1(평거동),탁구,128.0491424,35.1690721
아니모무용학원,555469995,경상남도 창원시 진해구 진해대로 995-1 3층(자은동),무용(발레 등),128.7077573,35.1405809
하남읍문화복지센터 운영위원회,553912008,경상남도 밀양시 하남읍 수산중앙로 67-21 하남읍문화복지센터,헬스,128.7120799,35.3765123
창원시설공단창원축구센터 다목적체육관,552108051,경상남도 창원시 성산구 비음로 97 창원축구센터(사파정동),배드민턴,128.705739,35.2235549
창원시설공단창원실내수영장,557120661,경상남도 창원시 성산구 원이대로 450 창원실내수영장(중앙동),수영,128.6647016,35.2339885
창원시설공단늘푸른전당,557120365,경상남도 창원시 성산구 원이대로 450 (중앙동),수영,128.6647016,35.2339885
거제제일합기도,,경상남도 거제시 상동1길 20 3층 제일합기도(상동동),합기도,128.6395305,34.8648336
창원시설공단감계복지센터,557120681,경상남도 창원시 의창구 북면 동전로45번길 6 감계복지센터,수영,128.5950779,35.3004813
창원시설공단 성산스포츠센터,552108214,경상남도 창원시 성산구 창이대로 888 성산스포츠센터(남양동),수영,128.7060429,35.2062328
런투유 점핑다이어트,,경상남도 김해시 금관대로599번길 12 2층(내덕동),기타종목,128.8147596,35.203068
너른들탁구교실,556367707,경상남도 거제시 장평로 37 237호 외 장평종합상가(장평동),탁구,128.6131052,34.8908617
명문태권도장,553394556,경상남도 김해시 김해대로 1784-7 5층(삼계동),태권도,128.8617293,35.2664917
창원시설공단 내서스포츠센터,552108150,경상남도 창원시 마산회원구 내서읍 호원로 177 내서스포스센터,수영,128.5216394,35.2497567
아일랜드피트니스 롯데마트점,556889005,"경상남도 거제시 서간도길 9-9 롯데마트 3층 아일랜드피트니스(옥포동, 거제엘크루랜드마크,롯데마트)",헬스,128.6907995,34.8885634
쌍벽루국민체육센터,553798444,경상남도 양산시 양산대로 849 종합운동장 내 쌍벽루국민체육센터(북부동),수영,129.0322011,35.3447006
아이엠덕어린이수영장,553435221,경상남도 김해시 삼계로 52 다이아몬드빌딩1층 아이엠덕어린이수영장(구산동),수영,128.8719647,35.25742
창원시립곰두리국민체육센터,552380220,경상남도 창원시 의창구 원이대로114번길 6 (도계동),기타종목,128.6370113,35.2530459
창원메타태권도장,552880815,경상남도 창원시 의창구 대봉로26번길 10 3층 브레인박사태권도(봉림동),태권도,128.6680895,35.2512208
진주유도관,,경상남도 진주시 신안로 137 (신안동),유도,128.0659957,35.1875701
장평골프연습장,556362615,경상남도 거제시 장평로 37 4층 장평골프연습장(장평동),골프,128.6131052,34.8908617
창무태권도장,27413004,경남 진주시 수정동 39-11 2층 창무태권도장,태권도,128.0845745,35.197013
장평MTA태권도,556375060,경상남도 거제시 장평3로 43 3층 장평MTA태권도(장평동),태권도,128.6087816,34.8927386
장평 소나무향기 태권도장,556321479,"경상남도 거제시 장평2로 19 덕산아내1차상가 3층 장평 소나무향기 태권도장(장평동, 덕산 아내 1차)",태권도,128.6098803,34.8873816
런투유 점핑다이어트,,경상남도 김해시 금관대로599번길 12 2층 201호 런투유 점핑다이어트(내덕동),기타종목,128.8147596,35.203068
폴짝감각통합 아동발달센터,557136072,"경상남도 창원시 마산회원구 북성로 138 207호(회원동, 천지리치빌)",기타종목,128.5710774,35.2193984
탭피트니스,,경상남도 김해시 번화1로80번길 15 10층(대청동),헬스,128.8010403,35.1950523
대한검도회 진검도관,556093010,경상남도 창원시 의창구 평산로 213 3층 진검도관(서상동),검도,128.6260489,35.260406
GNU스포츠콤플렉스,27724798,경상남도 진주시 진주대로 501 경상국립대학교 GNU스포츠콤플렉스 1층 운영팀(가좌동),기타종목,128.0985941,35.1538876
레온짐,,경상남도 김해시 내외중앙로 30 6층(외동),헬스,128.8666252,35.2325746
신진검도관,,경상남도 창원시 마산합포구 교방시장2길 21 교방프라자(교방동) 106호 107호,검도,128.5622718,35.2165194
진해 더 클래식 필라테스 요가,,경상남도 창원시 진해구 냉천남로 3 M타워 4층(자은동),필라테스,128.7137384,35.1545382
아이태권도장,559444555,경상남도 거창군 거창읍 아림로 60 2층 아이태권도장,태권도,127.9097444,35.688386
동양태권도스쿨,553383265,경상남도 김해시 인제로51번길 49 동양태권도스쿨(삼정동),태권도,128.8995723,35.2326928
장유스포츠센터,553128445,경상남도 김해시 번화2로 72 장유스포츠센터(삼문동),헬스,128.8049437,35.1957256
최한호태권도장,,경상남도 양산시 물금읍 백호로 74 202호,태권도,129.0023106,35.3176705
톡톡톡아동발달센터,557147749,경상남도 창원시 마산회원구 양덕동19길 11 새싹빌(양덕동) 4층 401호,요가,128.5889623,35.2325124
진해국민체육센터,557120463,경상남도 창원시 진해구 석동로 66 진해국민체육센터,탁구,128.7065728,35.1552077
창녕반다비체육센터,7041499522,경상남도 창녕군 창녕읍 탐하로 234-4 창녕반다비체육센터,종합체육시설,128.4972115,35.5327469
장유계명대태권도,23137676,경상남도 김해시 번화1로84번길 34 네오프라자 310호(대청동),태권도,128.8028969,35.1956319
신월중앙태권도장,552897554,경상남도 창원시 성산구 동산로185번길 29 1(신월동),태권도,128.6921649,35.2255418
신영사우나헬스,557465262,경상남도 진주시 진양호로125번길 23 (평거동),헬스,128.0522489,35.1698139
장유 석봉태권도장,553269941,경상남도 김해시 월산로 28 상가2층 207호 장유 석봉태권도장(부곡동),태권도,128.8087733,35.2005635
복지볼링장,557588987,경상남도 진주시 동진로263번길 14 4층 복지볼링장(상대동),볼링,128.1211106,35.1812368
창녕검도관,555331219,경상남도 창녕군 창녕읍 종로 14 2층 창녕검도관,검도,128.5005123,35.5385849
하이짐 밸런스,553330033,경상남도 김해시 활천로36번길 27 대민상가2층(삼정동),종합체육시설,128.8957968,35.2324405
신어볼링장,553210040,경상남도 김해시 인제로 71 1층 신어볼링센터(어방동),볼링,128.9043148,35.2349267
진해복싱센터,555471213,"경상남도 창원시 진해구 냉천로 156 501호, 502호(에이스빌딩, 자은동)(자은동)",복싱,128.7134463,35.1553896
힘찬태권도효돈관,647670920,제주특별자치도 서귀포시 효돈로 174 2층(하효동),태권도,126.6172745,33.2635171
더아이다움 심리발달센터,647433625,제주특별자치도 제주시 우정로8길 17 4층(외도일동),기타종목,126.4291504,33.4891182
조대원태권도장,647940720,제주특별자치도 서귀포시 김정문화로27번길 9-5 2층 조대원태권도장(강정동),태권도,126.5072189,33.25246
제주특별자치도장애인체육회,647977800,제주특별자치도 제주시 통물길 72 제주장애인스포츠센터(외도일동),수영,126.4368679,33.4865053
천지태권도 체육관,27394343,제주특별자치도 서귀포시 김정문화로 52 민우상가3층 천지태권도(법환동),태권도,126.5101127,33.2509591
한일태권도본관,647134358,제주특별자치도 제주시 애월읍 상하귀길 69-8 제주 제주시 애월읍 상귀리 327번지 한일태권도장,태권도,126.4138908,33.4772551
보매요가,7082239227,제주특별자치도 제주시 남성로 98 2층(용담일동),요가,126.5160376,33.5080671
제주줄넘기클럽영광체육관,647022516,제주특별자치도 제주시 연삼로 349 2층(도남동),기타종목,126.5296917,33.4925783
손테니스아카데미,,제주특별자치도 제주시 구남로 55 2층(이도이동),테니스,126.5356491,33.491551
제주위드유소년FC,236789908,제주특별자치도 제주시 번영로 316 제주위드유소년FC(영평동),축구(풋살),126.5777345,33.4980779
탁공탁구교실,647020987,제주특별자치도 제주시 고마로 86 2층(일도이동),탁구,126.5404353,33.5066194
제주스포츠클럽,647517330,제주특별자치도 제주시 서광로 208 2층(삼도일동),탁구,126.5186115,33.4996266
우리동네 휘트니스,,제주특별자치도 서귀포시 대정읍 하모상가로 38-2 3층,헬스,126.2529726,33.2214025
흑룡2관 삼화도장,647535398,제주특별자치도 제주시 동화로 50 2층 흑룡2관 삼화도장(화북일동),합기도,126.5728391,33.5157083
제주뉴로트레이닝센터,221357644,"제주특별자치도 제주시 서해안로 646 지하1층 , 제주뉴로트레이닝센터(용담삼동)",헬스,126.5058052,33.5164243
제주 서핑도,27473141,제주특별자치도 제주시 애월읍 광령평화3길 21 제주 서핑도,기타종목,126.4326001,33.447295
주 스트르라이크볼링,647581111,제주특별자치도 제주시 남광로 10 스트라이크 볼링장(이도이동),기타종목,126.5376007,33.4922914
특무관,647572228,"제주특별자치도 제주시 인다9길 4 3층, 특무관(아라일동)",기타종목,126.5455782,33.4752506
MK 당구클럽,648059694,제주특별자치도 제주시 노연로 81 2층 MK 당구클럽(연동),당구,126.4887974,33.4861119
탑홀스 서귀점,,제주특별자치도 서귀포시 동홍동로 35 1층(동홍동),승마,126.5746714,33.2581635
하귀해동검도관,,제주특별자치도 제주시 애월읍 학원동길 17-4 하귀해동검도관,검도,126.3979847,33.4737765
제이풀2호점,647119003,제주특별자치도 제주시 연화남길 22 제이풀수영장(연동),수영,126.4887182,33.4751464
외도 써니점핑클럽,,제주특별자치도 제주시 우정로 67 2층 외도 써니점핑클럽(외도일동),기타종목,126.4311011,33.4867617
경희대예광태권도,,제주특별자치도 제주시 화삼로 23 무지개빌딩3층 경희대예광태권도(화북일동),태권도,126.5757182,33.5144419
스마트댄스컴퍼니,7045481616,제주시 원노형로 93(노형동) 부영1차 지하 101호,기타종목,126.4857667,33.4802566
남원영웅태권도체육관,647649991,제주특별자치도 서귀포시 남원읍 남조로 5 2층,태권도,126.7208297,33.2802588
탐라 MTA 태권도장,,제주특별자치도 제주시 수덕로 33 2층(노형동),태권도,126.4734295,33.4866795
손은희의 힐링숲,27520072,제주특별자치도 제주시 조천읍 신촌남1길 69-1 2층,필라테스,126.6174908,33.524576
루다피트니스,27581110,제주특별자치도 제주시 일주동로 187 5층(화북일동),헬스,126.5655171,33.5189894
파란태권도,647135552,제주특별자치도 제주시 우정로15길 31 3층(외도일동),태권도,126.4323429,33.4874993
스캠프짐,,제주특별자치도 제주시 인다6길 54-2 2층 스캠프짐(아라일동),헬스,126.5485359,33.4747761
홍원혁H코어운동센터,647585875,제주특별자치도 제주시 연삼로 386-1 4층(이도이동),필라테스,126.5331909,33.4941809
위드운동발달센터,647380933,제주특별자치도 서귀포시 신서로52번길 23 1층 위드운동발달센터(강정동),기타종목,126.5066186,33.2553086
해동검도대정만재수련관,296611162,제주특별자치도 서귀포시 대정읍 하모중앙로 63 3층,검도,126.2523464,33.2225952
KTI태권도제주1관,647237325,제주특별자치도 제주시 천수로 68 202호(일도이동),태권도,126.5435374,33.5047918
마이테르 수영장,647455600,제주특별자치도 제주시 애월읍 애원로 474-29 마이테르 수영장,수영,126.3478505,33.4283792
외도태권하이킥,647112504,제주특별자치도 제주시 도근내길 27 2층(외도이동),태권도,126.4340207,33.4924981
탑홀스스크린승마신제주점,647458890,제주시 연동4길 16-11 1층 TopHorse 스크린승마장,승마,126.4868104,33.4841792
참사랑태권도교육관,647242226,제주특별자치도 제주시 아란5길 19-12 2층(아라일동),태권도,126.5446986,33.4747639
몬스터짐,647339682,제주특별자치도 서귀포시 명동로 14 항공모함빌딩 4층 몬스터짐(서귀동),헬스,126.5634012,33.246946
사제주해녀문화연구원,647960113,제주특별자치도 제주시 한림읍 수원3길 40 .,기타종목,126.2647605,33.4264012
넘버원당구장,,제주특별자치도 제주시 연수로3길 4 3층(일도이동),기타종목,126.5433578,33.5022062
미니핏다이어트,,제주특별자치도 제주시 조천읍 신북로 60 101호 미니핏다이어트(에스디빌 101),기타종목,126.6208113,33.5338912
소마요가원,,제주특별자치도 제주시 구좌읍 일주동로 3715 2층소마요가원,요가,126.8938378,33.4929922
소리숲웃음실버센터,647929026,제주특별자치도 서귀포시 안덕면 화순중앙로 56 1층 소리숲웃음실버센터,요가,126.3356581,33.2472175
오성헬스,647585012,제주특별자치도 제주시 고마로 127 2층(일도이동),헬스,126.5424718,33.5034207
윤특공무술제주총본관,,제주특별자치도 제주시 용담로 124 1층,합기도,126.5146342,33.5097471
와이디짐,647446565,제주특별자치도 제주시 노연로 131 두성빌딩5층 와이디짐(연동),헬스,126.4942757,33.4859565
해동검도 용담도장,647132241,제주특별자치도 제주시 용담로 98-10 2층 해동검도(용담이동),검도,126.5121983,33.5112916
서귀포시장애인종합복지관,647352600,제주특별자치도 서귀포시 인정오름로 24 서귀포시장애인종합복지관(토평동),기타종목,126.5845845,33.2869153
사람휘트니스 올레시장점,647632333,제주특별자치도 서귀포시 동문로 52 1층(서귀동),헬스,126.5658868,33.2496283
헬로우휘트니스,647460902,제주특별자치도 제주시 월랑로8길 1 301호(노형동),헬스,126.4766739,33.4888185
대명태권도1관,,제주특별자치도 제주시 광양2길 35 (이도일동),태권도,126.5266547,33.5035182
정도태권도장,647645673,제주특별자치도 서귀포시 남원읍 태위로43번길 11 정도태권도장,태권도,126.6517733,33.2740927
볼리션장애인밸런스센터,27028716,제주특별자치도 제주시 신성로12길 23 2층(이도이동),헬스,126.5315138,33.4953248
해동검도 삼양도장,647560302,제주특별자치도 제주시 화삼북로2길 19 3층(화북일동),검도,126.5766805,33.5156224
해동검도 이도도남도장,647235185,제주특별자치도 제주시 도남로 102-4 1층 해동검도  이도도남도장(도남동),검도,126.5277106,33.4915275
더제이풀,647129003,제주특별자치도 제주시 연북로 106 연동 트리플시티오피스텔  상가 125호 더제이풀(연동),수영,126.4934063,33.4811463
필라테스폼,,제주특별자치도 서귀포시 신서로48번길 52 5층(법환동),필라테스,126.5103628,33.252788
넘버원당구장,,제주특별자치도 제주시 연수로3길 4 3층(일도이동),당구,126.5433578,33.5022062
쁘라갸요가원,,"제주특별자치도 제주시 조천읍 신촌5길 42 1층, 쁘라갸요가",요가,126.6209353,33.5375422
함덕핏앤다이어트,,제주특별자치도 제주시 조천읍 신북로 584-6 2층,기타종목,126.6716737,33.5395506
서귀포유도관,647673339,제주특별자치도 서귀포시 중동로48번길 5 1층 서귀포 유도관(서귀동),유도,126.5670813,33.2500682
덕인태권도장,647626565,서귀포시 솜반천로 4 2층,태권도,126.5604231,33.2545283
그린휘트니스,290820411,제주특별자치도 서귀포시 표선면 표선중앙로43번길 22-3 그린휘트니스,헬스,126.833513,33.3283877
하라요가,,제주특별자치도 서귀포시 동홍북로 44 2층(동홍동),요가,126.5729037,33.258907
해동검도삼화도장,647510302,"제주특별자치도 제주시 삼봉로 16 4층 402호(삼양이동, 삼낭헌)(삼양이동)",검도,126.5876602,33.5199042
용담윤특공무술,,제주특별자치도 제주시 용담로 124 1층 용담윤특공무술(용담일동),합기도,126.5146342,33.5097471
강호체육관본관,,"제주특별자치도 제주시 승천로 68 2층, 강호체육관본관(아라이동)",태권도,126.5422608,33.4925344
제이엔와이유도아카데미,647490333,제주특별자치도 제주시 월랑로4길 25 지하1층(노형동),유도,126.4795722,33.4890763
스톤EDGE볼링장,,제주특별자치도 제주시 일주동로 331 지하1층 스톤엣지볼링장(삼양이동),볼링,126.5803103,33.5215213
아리엘 브레인앤뮤직랩,648051575,제주특별자치도 제주시 오등봉동길 58-8 1층(오등동),기타종목,126.527969,33.4764244
신광태권도,647447767,제주특별자치도 제주시 도령로11길 18 지하 신광태권도(연동),태권도,126.4868527,33.4922144
프롬필라테스앤번지,647598200,제주특별자치도 제주시 승천로 72 3층(아라이동),필라테스,126.542465,33.4923034
요가숲노형점,647485593,제주특별자치도 제주시 노형9길 9-3 3층(노형동),요가,126.4773521,33.4835296
그린태권도,,제주특별자치도 제주시 일주동로 185 3층(화북일동),태권도,126.5652298,33.5191161
필라테스더밸런스,,제주특별자치도 제주시 신광로 91 세인트스톤더부티크 301호(연동),필라테스,126.4901261,33.4839433
바디체인지,647590701,제주특별자치도 제주시 서사로 35 3층 바디체인지(삼도이동),헬스,126.5202228,33.5092563
헬플랙스,,제주특별자치도 제주시 동화로 56 2층(화북일동),헬스,126.5726696,33.515421
마인드휘트니스 동홍점,648030797,"제주특별자치도 서귀포시 동홍중앙로 55 2, 3층 마인드휘트니스 동홍점(동홍동)",헬스,126.5718463,33.2555159
스포츠산업연구소,,제주특별자치도 서귀포시 막숙포로 42-4 1층 스포츠산업연구소(법환동),기타종목,126.5151443,33.2375437
명품태권도장,647218100,제주특별자치도 제주시 도남로17길 3 2층 명품태권도장(도남동),태권도,126.5292981,33.4901007
락온아라관,647237548,제주특별자치도 제주시 중앙로 536 2층 락온아라관(아라일동),기타종목,126.5447418,33.4753765
올ALL바른자세운동,224960126,제주특별자치도 서귀포시 대정읍 최남단해안로 26 3층 올바른자세운동,기타종목,126.2520445,33.218253
운동사전,,제주특별자치도 제주시 조천읍 신촌인수물길 18 운동사전 1층,헬스,126.6202407,33.5196933
이채은다옴메디월필라테스,,제주특별자치도 제주시 조천읍 중산간동로 804-72 이채은다옴메디월필라테스,필라테스,126.6676448,33.488854
코리아태권도2관,647476990,제주특별자치도 제주시 애월읍 광성로 284 2층 코리아태권도2관,태권도,126.4375545,33.460615
오름인라인교실,,제주특별자치도 서귀포시 서호호근로 72 (서호동),롤러인라인,126.5247663,33.2536679
바다야 주식회사,,제주특별자치도 서귀포시 표선면 번영로 2524 1층,기타종목,126.7766261,33.4060009
뉴밸런싱요가앤스피닝,,제주특별자치도 제주시 고마로 115 4층 뉴밸런싱요가앤스피닝(일도이동),요가,126.5420741,33.5043236
참나리센터제주지점,7045488737,제주특별자치도 제주시 애월읍 평화로 2715 제주관광대학교 체육관 3005호,기타종목,126.434602,33.4483838
마레아이엔디 마이테르수영장연동점,647427221,제주특별자치도 제주시 과원로 78 B-101호(연동),수영,126.4913947,33.4768851
경희대 예광태권도 삼화센터,,제주특별자치도 제주시 화삼로 23 무지개빌딩3층 경희대 예광태권도 삼화센터(화북일동),태권도,126.5757182,33.5144419
르와조 에어리얼 요가,,제주특별자치도 서귀포시 대정읍 하모항구로6번길 26 2층,요가,126.2517658,33.2183346
코리아체육관1관,647432244,제주특별자치도 제주시 연화로3길 3 1층(연동),태권도,126.4878134,33.477152
마인드휘트니스 서홍점,28050790,제주특별자치도 서귀포시 홍중로 99 마인드휘트니스 서홍점 3층(서홍동),헬스,126.5554091,33.2614088
승무태권도장,647947449,제주특별자치도 서귀포시 대정읍 상모로 268 447697,태권도,126.2606532,33.2236991
놀멍배우멍,,제주특별자치도 제주시 조천읍 북흘로 112 .,축구(풋살),126.7000494,33.5391458
에스휘트니스,,제주특별자치도 서귀포시 신서로48번길 31 5층(강정동),헬스,126.5086306,33.253578
케이탁구클럽,,제주특별자치도 제주시 구남로 55 3층(이도이동),탁구,126.5356491,33.491551
열린체육관 본관,647559027,제주특별자치도 제주시 일주동로 173 (화북일동) 2층 열린체육관 본관,태권도,126.563884,33.5188712
마인드휘트니스 제주도청점,648030792,제주특별자치도 제주시 연오로 59 B1(오라삼동),종합체육시설,126.5020578,33.4879309
신협헬스타운,647446662,제주특별자치도 제주시 남녕로 29 3층(노형동),헬스,126.4810175,33.4903139
아이캔덕인태권도장,647627767,제주특별자치도 서귀포시 동홍중앙로66번길 18-4 1층(동홍동),태권도,126.5739567,33.256244
나라찬태권도,647462688,제주특별자치도 제주시 신대로19길 13-1 2층 나라찬 태권도(연동),태권도,126.4978484,33.4836944
볼리션 장애인 밸런스 센터,647028716,제주특별자치도 제주시 신성로12길 23 2층(이도이동),헬스,126.5315138,33.4953248
잇 필라테스 러브,,제주특별자치도 제주시 조천읍 중산간동로 839 1층,필라테스,126.6720483,33.4921547
마인드휘트니스인제점,648030791,제주특별자치도 제주시 동광로 105 마인드휘트니스 인제점(일도이동),헬스,126.5385493,33.5062818
금자핏,299677279,제주특별자치도 제주시 연삼로 379 지하(이도이동),기타종목,126.5322532,33.4941275
챔피언태권스쿨,647524234,제주특별자치도 제주시 동문로 55 3층(건입동),태권도,126.5326249,33.5134769
대동당구장,647024433,"제주특별자치도 제주시 중앙로 260 2,3층(이도이동)",당구,126.5314862,33.4967047
마인드휘트니스한림점,648050793,제주특별자치도 제주시 한림읍 한림남1길 3 3층,헬스,126.2653572,33.4127984
신지줌바요가,647533538,제주특별자치도 제주시 승천로 72 2층(아라이동),댄스(줌바 등),126.542465,33.4923034
마린태권도장,647237222,제주특별자치도 제주시 번영로 553 2층 마린태권도장(봉개동),태권도,126.599993,33.4876688
라니필라테스,647270501,제주특별자치도 제주시 중앙로 380 5층 라니필라테스(이도이동),필라테스,126.5393861,33.4882534
점프마스터,,제주특별자치도 제주시 삼봉로2길 54 3층(삼양이동),줄넘기,126.5822849,33.5196198
슈퍼키즈제주점,27479917,제주특별자치도 제주시 오광로 16 슈퍼키즈성장센터(이호이동),기타종목,126.4554303,33.4940219
명문체육관 신제주도장,647469340,제주특별자치도 제주시 남녕로 56 2층(연동),합기도,126.4793759,33.4922012
케이팝롤러스케이트,647277273,제주특별자치도 제주시 관덕로11길 17 3층 케이팝롤러스케이트(일도일동),롤러인라인,126.5251671,33.5146425
명문체육관 인화도장,649009005,제주특별자치도 제주시 동광로 115 2 층(일도이동),합기도,126.5391845,33.5067613
파워점핑합기도태무관,647119350,제주특별자치도 제주시 성신로 24 2층(연동),줄넘기,126.4851929,33.4918369
합기도서사로창민관,647524574,"제주특별자치도 제주시 서사로14길 2 창민관400호(삼도일동, 만진리치빌아파트)",합기도,126.5194172,33.5037551
노형품태권도장,647454040,제주특별자치도 제주시 정존11길 37 2층(노형동),태권도,126.4742158,33.4865584
제주 주짓수월드 삼화점,647531228,제주특별자치도 제주시 화삼로 23 4층 주짓수월드(화북일동),합기도,126.5757182,33.5144419
강지원탁구클럽,,제주특별자치도 제주시 태성로 21 지하1층(일도이동),탁구,126.5487622,33.5011404
드림당구장,647123949,제주특별자치도 제주시 도령로 11 3층301호(노형동),당구,126.4805092,33.4870503
프렌즈아카데미 무수천점,647121123,제주특별자치도 제주시 애월읍 평화로 2849 프렌즈아카데미 무수천점,골프,126.4428016,33.4571493
라온합기도,,제주특별자치도 서귀포시 중앙로195번길 4 2층 라온합기도(서홍동),합기도,126.5583689,33.2620629
서사라점핑찜질카페,,제주특별자치도 제주시 서사로 149 2층(삼도일동),기타종목,126.5199979,33.4990709
화북점핑다이어트,288678912,"제주특별자치도 제주시 동화로 3 지하, 화북점핑다이어트(화북일동)",기타종목,126.573042,33.5197972
오경숙자연치유요가센터,647222974,제주특별자치도 제주시 구남로8길 20-3 2층(이도이동),요가,126.536846,33.4896546
디프로필라테스스튜디오,,제주특별자치도 제주시 삼봉로2길 64 2층(삼양이동),필라테스,126.5811029,33.519523
아이티디지털장애인스포츠교육센터,27621116,제주특별자치도 서귀포시 월평로 37 한라월평3층(월평동),기타종목,126.460438,33.2462692
MVP당구장,7040640039,제주특별자치도 제주시 연오로 59 2층(오라삼동),당구,126.5020578,33.4879309
도두봉실내수영장,647420133,제주특별자치도 제주시 서해안로 202 도두봉실내수영장(도두일동),수영,126.4699983,33.5062757
피트니스플레져,647120968,제주특별자치도 제주시 용화로 48 피트니스플레져 1.2층(용담이동),헬스,126.5085629,33.5094768
한마음장애인스포츠센터,647622250,"제주특별자치도 서귀포시 중앙로150번길 68 , 1층 상가(동홍동, 예가빌 2차)",기타종목,126.5622694,33.2633557
용인대마루한태권도장,649001077,제주특별자치도 제주시 우정로15길 5 3층 용인대마루한태권도장(외도일동),태권도,126.4317162,33.4860721
유한스위밍클럽,647477369,"제주특별자치도 제주시 월광로 61 지하1층 수영장(노형동, 라임빌)",수영,126.4670274,33.4866905
와이휘트니스,,제주특별자치도 제주시 화삼북로 135 202호(삼양이동),댄스(줌바 등),126.5876578,33.5172793
엔비제이 NBJ줄넘기클럽 제주본관,647523781,제주특별자치도 제주시 고마로 39 (일도이동) 4층,줄넘기,126.5392296,33.510646
외도위즈태권도,647115060,제주특별자치도 제주시 우정로11길 18 3층 위즈태권도(외도일동),태권도,126.4328624,33.4876604
남광드림태권도,647254493,제주특별자치도 제주시 오복4길 16 1층(이도이동),태권도,126.536818,33.4948244
지티알파크골프 제주아라점,647228979,제주특별자치도 제주시 아란8길 12 <2층>(아라일동),기타종목,126.544356,33.4735764
우주헬스타운,647620550,제주특별자치도 서귀포시 중앙로 163 2층(서홍동),헬스,126.559018,33.2592914
애니타임피트니스 제주센트럴점,28051321,제주특별자치도 제주시 중앙로 346 5층(이도이동),기타종목,126.5369649,33.4906143
류은영필라테스운동센터,7041453877,제주특별자치도 제주시 우정로 70 3층 류은영필라테스운동센터(외도일동),필라테스,126.4306336,33.4866215
체력단련시설운영업,647399700,제주특별자치도 서귀포시 신서로48번길 31 5층 에스휘트니스(강정동),헬스,126.5086306,33.253578
도깨비장군 제2활터,647477466,제주특별자치도 서귀포시 표선면 성읍정의현로55번길 7 도깨비장군 제2활터,기타종목,126.8001726,33.3874441
애틀레틱,647552314,제주특별자치도 제주시 고마로 143 3층(일도이동),헬스,126.543259,33.5019748
장애인스포츠센터,647495630,제주특별자치도 제주시 거북새미길 36-2 1층(오등동),기타종목,126.5196196,33.460062
해동검도 용담수련관,,제주특별자치도 제주시 용담로 98-10 2층 해동검도(용담이동),검도,126.5121983,33.5112916
주엠피아이모던필라테스 제주아라점,648059757,제주특별자치도 제주시 중앙로 558 3층 모던필라테스 제주아라점(아라일동),필라테스,126.5453235,33.4738103
팀더킹MMA노형점,,제주특별자치도 제주시 광평동로 45 2층 팀더킹 MMA(노형동),기타종목,126.4686945,33.4832472
주무브멘탈랩,,제주특별자치도 서귀포시 성산읍 성산등용로 78 2층 무브멘탈랩,기타종목,126.9291673,33.4688862
시청무에타이킥복싱체육관 시청지점,647578995,제주특별자치도 제주시 동광로1길 3 시청무에타이킥복싱(이도일동),복싱,126.5292307,33.5014911
도깨비장군활터 국궁  양궁,,제주시 1100로 2894-63(노형동) 도깨비장군활터,기타종목,126.4872295,33.4512048
한라동네 예체능 체육교실,647426050,제주특별자치도 제주시 연화로2길 5 지하(연동),태권도,126.4879685,33.4775625
철이당구클럽,647967511,제주특별자치도 제주시 한림읍 한림남길 6 2층,당구,126.2685296,33.4114659
락온아라관,647237548,제주특별자치도 제주시 중앙로 536 2층 락온아라관(아라일동),기타종목,126.5447418,33.4753765
외도검도관,,제주특별자치도 제주시 우정로7길 26-3 2층 (외도일동),검도,126.433848,33.4887248
정우운동재활연구소,,제주특별자치도 제주시 구남동1길 2 3층 309호(이도이동),기타종목,126.5379886,33.4908983
바디밸런싱랩,647256543,제주특별자치도 제주시 중앙로 492 A동 3층(아라일동),요가,126.5433406,33.4792005
동양태권도장,647222409,제주시 지석10길 13-15 동양태권도장,태권도,126.5845073,33.5200914
골드당구클럽,647221117,"제주특별자치도 제주시 중앙로 249 2층, 골드당구클럽(이도이동)",당구,126.5314952,33.4977524
해동검도 화북도장,647264321,제주특별자치도 제주시 일주동로 224 지하1층(화북일동),검도,126.5694593,33.5188301
엘리트에듀짐,,제주특별자치도 서귀포시 동홍북로 16-1 1층(동홍동),태권도,126.5700975,33.2590797
인샬라벨리댄스스튜디오,647124279,제주특별자치도 제주시 과원북4길 93 2층(연동),댄스(줌바 등),126.4914911,33.481114
해동검도 화북도장,647264321,제주특별자치도 제주시 일주동로 224 지하 1층(화북일동),검도,126.5694593,33.5188301
천지합기도,647928885,제주특별자치도 서귀포시 대정읍 동일하모로220번길 10 천지합기도,합기도,126.2543364,33.2249223
수중스포츠연구소,,제주특별자치도 서귀포시 막숙포로 42-4 (법환동),기타종목,126.5151443,33.2375437
해야지 ON 운동센터,,제주특별자치도 제주시 간월동로 16 202호(아라이동),필라테스,126.544441,33.4857614
한국재활스포츠센터,27028716,"제주특별자치도 제주시 동광로9길 6 3층 305호(이도일동, 태홍누리안2차아파트)",헬스,126.5336733,33.5033974
영헬스,647238765,제주특별자치도 제주시 중앙로 275 2층(이도이동),헬스,126.5329258,33.4959174
마이테르수영장연동점,647427221,제주특별자치도 제주시 과원로 78 B-101호(연동),수영,126.4913947,33.4768851
고선생 당구장,27214939,제주특별자치도 제주시 삼성로 119 지하1층 고선생 당구장(일도이동),당구,126.5365733,33.5109423
경희대최강태권도,647336399,제주특별자치도 서귀포시 중앙로195번길 14 2층(서홍동),태권도,126.5573897,33.2620497
윤철s당구클럽,27334197,제주특별자치도 서귀포시 동문동로 29 2층(서귀동),당구,126.5649245,33.2509276
사단법인제주스포츠클럽,647517330,제주특별자치도 제주시 서광로2길 24 제주특별자치도체육회관(오라일동),탁구,126.514302,33.4963094
한라태권도7관,,제주특별자치도 제주시 인다14길 10 한라태권도7관(아라일동),태권도,126.5463567,33.4713756
어반휘트니스,,제주특별자치도 제주시 남녕로 25 2층 어반휘트니스(노형동),헬스,126.4813342,33.49001
란필라테스운동센터,250173035,제주특별자치도 제주시 고마로 128 5층 란필라테스운동센터(이도이동),필라테스,126.5420888,33.5030129
신화휘트니스센터,336457855,강원특별자치도 강릉시 임영로 13 2층(노암동),헬스,128.8958236,37.7433968
사단법인태백시레슬링스포츠클럽,335541487,강원도 태백시 태백로 1485 고원체육관 후문 1층 태백시레슬링스포츠클럽(문곡동),기타종목,129.0059293,37.1339479
북원탁구클럽,337657979,강원도 원주시 나비허리길 37 5층(단구동),탁구,127.9575687,37.3244516
커브스 후평클럽,332426330,강원특별자치도 춘천시 후석로326번길 5 스카이 빌딩 4층 401호(후평동),헬스,127.7500921,37.8804884
아사힘 원주지점,339017158,강원특별자치도 원주시 서원대로 121-1 404호(단계동),헬스,127.9269452,37.3468706
대한체육관,335724744,강원도 삼척시 오십천로 297 2층(원당동),태권도,129.1522058,37.439352
주식회사플레이미,334555007,강원도 철원군 동송읍 이평로111번길 28-1 플레이미,수영,127.2101684,38.2059524
대한스쿼시클럽스피드체대입시,332446300,강원도 춘천시 우묵들길 24 대한스포렉스4층 대한스쿼시클럽(스피드체대입시)(퇴계동),스쿼시,127.7247948,37.8663544
헬스코리아,335757788,강원특별자치도 삼척시 척주로 26 5층헬스코리아(남양동),헬스,129.1666531,37.443876
라온태권도장,336550432,강원특별자치도 강릉시 교동광장로 149 오성빌딩 4층 라온태권도장(교동),태권도,128.8812593,37.7642721
헬스파크,25740004,강원도 삼척시 중앙로 214 10층(남양동),헬스,129.168159,37.4421696
해동검도 경찰무도 교육원,337644002,강원특별자치도 원주시 구곡길 2-25 3층 해동검도 경찰무도 교육원(단구동),검도,127.949512,37.3225488
커브스석사클럽,332641330,강원특별자치도 춘천시 퇴계농공로 16 펠리스프라자902호(석사동),헬스,127.7443321,37.8518263
원주농구교실,337618718,강원특별자치도 원주시 행구로 397-4 원주농구교실(행구동),농구,128.0007762,37.344035
ED wings드론아카데미,335352130,강원특별자치도 동해시 발한로 86 3층 ED wings드론아카데미(부곡동),기타종목,129.1020401,37.5401415
차클라이밍,27662324,강원도 원주시 남산고개길 18 지하층(명륜동),클라이밍(암벽등반),127.9530692,37.3430727
건호태권도교육관,337459967,"강원특별자치도 원주시 만대로 89 상가동 108호 건호태권도교육관(무실동, 무실 이-편한세상)",태권도,127.9188411,37.3377943
라이징볼,333427912,강원특별자치도 횡성군 횡성읍 횡성로 343 2층 라이징볼 볼링경기장,볼링,127.9818821,37.48449
사단법인 한국장애인부모회춘천시지부,332520641,강원특별자치도 춘천시 삭주로 3 한국장애인부모회춘천시지부(교동),기타종목,127.7331046,37.8826313
주식회사 요가현,337341005,강원도 원주시 로아노크로 74 세이브타워 601호(무실동),요가,127.9234542,37.3389518
CNC운동재활피트니스센터,,강원특별자치도 강릉시 하평1길 16-5 2층 CNC운동재활피트니스센터(포남동),종합체육시설,128.9119967,37.7710845
라인핏100필라테스,337617125,강원특별자치도 원주시 개운2길 1 2층 라인핏100필라테스(개운동),필라테스,127.9582549,37.3411368
원주내셔널스포츠,337457357,강원특별자치도 원주시 행구로 267-25 라 동  원주내셔널스포츠(행구동),롤러인라인,127.9844629,37.3451225
주식회사 아사힘 춘천지점,7040990230,강원특별자치도 춘천시 춘천로 306-5 2층 203호(후평동),헬스,127.7471536,37.8813136
아이두,,강원특별자치도 원주시 능라동길 61 203호(무실동),헬스,127.9312335,37.3341487
현무마샬아트,332552844,강원특별자치도 춘천시 후석로 284 2층 현무마샬아트(후평동),검도,127.7525673,37.8767681
사단법인 태백유도스포츠클럽,335816533,강원도 태백시 태백로 1453 2층 태백유도스포츠클럽(문곡동),유도,129.0032975,37.1356755
원주나이스볼링센터,337355111,"강원도 원주시 단구로 408 지하1층 원주나이스볼링센터(단구동, 구곡청솔2차아파트)",볼링,127.953699,37.3222557
당신,,강원특별자치도 태백시 황지로 200-1 2층(황지동),기타종목,128.9888396,37.1756813
큐어바디 평생교육원,336530529,강원특별자치도 강릉시 강릉대로587번길 22 2층(초당동),필라테스,128.9184824,37.785189
GX짱가휘트니스,332577283,강원도 춘천시 동면 춘천로 455 4층,기타종목,127.7553096,37.8928364
로드FC 종합격투기 고려전통무예원,336386611,강원특별자치도 속초시 만천7길 13-2 1층 로드FC 종합격투기 합기도 고려전통무예원(교동),합기도,128.5774149,38.2005053
로드짐 강변점,337459679,강원도 원주시 늘품로 187-58 6층 로드짐(단구동),헬스,127.9641115,37.3373337
로드짐 무실점,337436766,강원특별자치도 원주시 시청로 80 센터프라자 10층 로드짐(무실동),헬스,127.9274364,37.3367465
합기도선무관,335210252,"강원특별자치도 동해시 청운1길 29 대동상가3층 합기도선무관(동회동, 대동아파트, 동회동 현대아파트)",합기도,129.1059478,37.4873843
vip휘트니스센터 세경점,337420433,"강원특별자치도 원주시 단구로 424 상가동 201호(단구동, 세경웰러스아파트)",헬스,127.9517416,37.3204745
주 슈퍼키즈스윔,337357970,"강원특별자치도 원주시 백간길 25 (단계동, SG프라자 지하1층 슈퍼키즈스윔)(단계동)",수영,127.9263005,37.3520827
푸른휘트니스,332433556,강원도 춘천시 행촌로 29 6F(퇴계동),헬스,127.7240755,37.8595513
사단법인 영월군스포츠클럽,333751090,강원도 영월군 영월읍 제방안길 100 스포츠파크 하늘샘체육관 1층,배드민턴,128.4618326,37.1757536
롯데헬스,334554111,강원도 철원군 동송읍 금학로 229 10층,헬스,127.217289,38.2089055
호반탁구교실,332632428,강원특별자치도 춘천시 우석로 43 5층 호반탁구교실(석사동),탁구,127.7505123,37.8633066
호반태권마스타 석사체육관,332623959,강원도 춘천시 동내면 춘천순환로 70 2층 석사태권도,태권도,127.7516558,37.8553685
리더짐어린이스포츠센터,332525916,강원도 춘천시 퇴계로 166 4층 리더짐(퇴계동),롤러인라인,127.7374396,37.8581691
다이나믹웨이브원주,,강원특별자치도 원주시 구곡길 2 1층(단구동),수영,127.9490135,37.3208334
조인태권도장,339109911,강원특별자치도 춘천시 퇴계로 213 드림디포2층(석사동),태권도,127.7423196,37.8566282
합기도 현무관,332521857,강원특별자치도 춘천시 춘천로296번길 3 3층 합기도 현무관(후평동),합기도,127.7461598,37.8810336
조이심리운동발달센터,7075252450,"강원특별자치도 동해시 항골길 22 2층, 조이심리운동발달센터(천곡동)",종합체육시설,129.1048938,37.5242217
리버스배드민턴,335325769,강원특별자치도 동해시 평릉길 46-1 리버스배드민턴(평릉동),배드민턴,129.1021007,37.5300592
다올운동발달센터,335751891,강원특별자치도 삼척시 정상안길 97 금강프라자 4층 다올운동발달센터(정상동),기타종목,129.1770663,37.445882
제일체육관,332429977,강원도 춘천시 춘천로296번길 13 2층 한양대제일체육관(후평동),태권도,127.7467031,37.8801702
리얼복싱짐,332424004,강원도 춘천시 충열로 4 3층(우두동),복싱,127.7290554,37.9005442
제이케이JK골프아카데미,336430725,강원특별자치도 강릉시 경강로 1898-13 2층(홍제동),골프,128.8779779,37.7461237
리틀자이언트,337461105,강원도 원주시 행구로 397-4 가동,기타종목,128.0007762,37.344035
태권도 한국체육관,336443533,강원특별자치도 강릉시 토성로 106-3 106-3(홍제동),태권도,128.888882,37.7530355
태권도정무체육관,333365678,강원도 평창군 진부면 진부중앙로 70 정무태권도체육관,태권도,128.559067,37.6373703
태권아츠,336550717,강원특별자치도 강릉시 범일로 631 2층 태권아츠(내곡동),태권도,128.8818888,37.7434809
제이비스피닝,335749688,"강원특별자치도 삼척시 중앙로 185 201호 제이비스피닝(남양동, 용비타워)",기타종목,129.1673761,37.4400218
태백시설관리공단볼링장,338065051,강원특별자치도 태백시 태백로 1451 태백볼링장(문곡동),볼링,129.0030715,37.1360167
태백시시설관리공단 태백국민체육센터,338065041,강원특별자치도 태백시 번영로 220 태백국민체육센터(황지동),종합체육시설,128.9852903,37.1629357
태백유도관,7088837017,강원특별자치도 태백시 대학길 78 중앙하이츠상가3층1호(황지동),유도,128.9782607,37.1604695
홍천군국민체육센터,7044505592,강원도 홍천군 홍천읍 태학여내길 31-1 홍천군국민체육센터,수영,127.9060343,37.7086535
홍천군장애인국민체육센터,334329912,강원도 홍천군 홍천읍 홍천로 645-3 홍천군장애인국민체육센터,수영,127.9065209,37.7068456
강호태권도,26469050,강원특별자치도 강릉시 강변로 118 강호태권도(내곡동),태권도,128.8818637,37.7450717
넘버원탁구,,강원도 원주시 늘품로 8 상가 지하1층 넘버원탁구(단구동),탁구,127.9498349,37.320936
S복싱클럽,335528161,강원특별자치도 태백시 대학길 78 3층302호(황지동),복싱,128.9782607,37.1604695
테니스 제이,332511165,강원특별자치도 춘천시 영서로 2153 백만빌딩 5층 테니스 제이(퇴계동),테니스,127.7331817,37.8582007
내아이힐링발달센터,26472410,강원도 강릉시 회산로351번길 36 내아이힐링발달센터(회산동),기타종목,128.8629762,37.7408645
토우볼링센터,332551011,강원도 춘천시 후석로 361 3층 토우볼링장(후평동),볼링,127.7475802,37.8828064
화랑2체육관,25334314,강원도 동해시 평릉길 28 203호(천곡동),태권도,129.1018162,37.5281384
88태권도교실,336432578,강원특별자치도 강릉시 남부로215번길 25 88태권도교실(노암동),태권도,128.9024732,37.7462124
정연검도장,,강원특별자치도 원주시 치악로 1535 2층(관설동),검도,127.9641241,37.3209371
연세이음아동발달센터,,강원특별자치도 춘천시 하사관길 2 진영빌딩,기타종목,127.7075285,37.8644731
특무관합기도,,강원특별자치도 강릉시 범일로 639 2층,합기도,128.8826282,37.744098
정무관합기도,24330575,강원특별자치도 홍천군 홍천읍 꽃뫼로 107 2층 정무관합기도,합기도,127.8856588,37.6916667
티엠주짓수,,강원도 횡성군 횡성읍 읍마북로 14 2층 티엠주짓수,주짓수,127.9945125,37.4892742
정도태권도체육관,332645888,강원특별자치도 춘천시 후석로186번길 16 4층 정도태권도체육관(석사동),태권도,127.7540755,37.867297
용인대구룡태권도점프윙스줄넘기클럽,337430636,강원특별자치도 원주시 흥양로51번길 28-3 2층(태장동),태권도,127.9544659,37.3863442
정도체육관,332555888,강원특별자치도 춘천시 백령로 182 2층(후평동),태권도,127.7464845,37.8763219
팀바디매스,332697878,강원특별자치도 춘천시 지석로 80 지하1층 101호 팀바디매스 헬스장(퇴계동),헬스,127.7437664,37.8504889
국가대표타이거태권스쿨2관,3365528184,강원특별자치도 강릉시 경강로 2485 2층(송정동),태권도,128.9314026,37.7753353
팀주니어스,337433030,"강원특별자치도 원주시 지정면 가곡로 134 2층 201호, 202호 팀주니어스",합기도,127.8736995,37.3826063
점핑하이속초점,,강원특별자치도 속초시 동해대로 4169 건영빌딩4층(조양동),기타종목,128.5790513,38.1914034
화랑합기도,335623663,강원도 정선군 정선읍 녹송로 57-34 화랑합기도,합기도,128.6695928,37.3830026
뽀빠이 헬스클럽,336335606,"강원특별자치도 속초시 동해대로 4236 6층  604,605호(교동)",헬스,128.5775676,38.1977477
점핑하이 춘천동면점,,강원도 춘천시 동면 서부대성로 502 2층,기타종목,127.7714006,37.8757728
파워점핑 태권도 줄넘기,,"강원특별자치도 춘천시 우두1길 17 우리 프라자 4층, 파워점핑 태권도 줄넘기(우두동)",줄넘기,127.7385546,37.9113569
파워점핑 태권도 줄넘기근화점,,강원특별자치도 춘천시 근화길15번길 43 2층(근화동),태권도,127.7200004,37.8723296
점핑클럽 음악줄넘기 동해점,,강원특별자치도 동해시 한섬로 57 3층 점핑클럽(천곡동),기타종목,129.1101151,37.5201643
맹룡태권도장,332530512,강원도 춘천시 효제길 33 효자동 2층(효자동),태권도,127.736942,37.8713699
요가 지금 여기,,강원특별자치도 춘천시 동면 춘천순환로 609 7층,요가,127.7556521,37.8931719
점핑스타JUMPINGSTAR,,강원특별자치도 강릉시 솔올로5번길 9 동해타워 5층(교동),기타종목,128.8762566,37.7626109
팬텀킥복싱MMA,,강원도 철원군 철원읍 금학로256번길 12 7층 팬텀킥복싱,기타종목,127.2174593,38.2111662
S태권도,332410038,강원특별자치도 춘천시 동면 만군길 12 4층 S태권도,태권도,127.7613886,37.8822444
퍼스트태권도장,336713255,강원특별자치도 양양군 양양읍 양양로 110 3층 퍼스트태권도장,태권도,128.6175248,38.0735517
퍼펙트당구장,333454548,강원특별자치도 횡성군 횡성읍 앞들서로 19 2층,당구,127.9832907,37.4883699
펍큐당구클럽속초본점,336333663,강원특별자치도 속초시 중앙로 3 보광빌딩 201호(교동),당구,128.5779689,38.1975885
강릉플라잉요가 앤 번지,336421222,강원도 강릉시 수리골길 77 2증 플라잉요가  앤 번지(교동),요가,128.8963159,37.7764314
강릉MNA,,강원특별자치도 강릉시 용지로 31 지하 1층 (입암동),기타종목,128.9111234,37.7544071
화천국민문화체육센터,334404107,강원도 화천군 화천읍 상승로 45-12 화천 국민문화체육센터,탁구,127.7041559,38.1053404
아우름짐,,강원특별자치도 속초시 청초호반로 178 4층 아우름짐(교동),기타종목,128.5799352,38.1955542
아리아,,강원특별자치도 원주시 단구로 397 2층 202호 아리아요가(단구동),요가,127.9558407,37.321309
반곡탁구장,337438273,강원도 원주시 늘품로 187-58 504호 반곡탁구장(단구동),탁구,127.9641115,37.3373337
용인대멘토태권도장,26449696,강원특별자치도 강릉시 선수촌로 122 3층(유천동),태권도,128.8704162,37.7618727
반다비국민체육센터춘천우두동,332407173,강원특별자치도 춘천시 우두하리길 15 반다비국민체육센터(우두동),종합체육시설,127.7401749,37.9029598
원주농구교실,337618718,강원도 원주시 행구로 397-4 원주농구교실(행구동),농구,128.0007762,37.344035
전동블랙벨트태권도장,337639538,강원특별자치도 원주시 흥업면 흥업텃둔길 4 전동블랙벨트태권도장,태권도,127.9208805,37.303441
쎄이에어로빅,,강원특별자치도 철원군 갈말읍 삼부연로8번길 4 쎄이에어로빅,에어로빅,127.3087681,38.1449052
빌마스터,22613949,강원특별자치도 춘천시 공지로 143 3층 빌마스터(석사동),당구,127.7456281,37.8585693
쌍용체육관,332555149,강원특별자치도 춘천시 춘천로 172 (운교동),태권도,127.7332381,37.8761953
계명태권스쿨,,강원도 철원군 동송읍 금학로187번안길 15-17 1층,태권도,127.2181286,38.20481
모던필라테스 원주혁신도시점,337435767,강원특별자치도 원주시 입춘로 110 403호(반곡동),필라테스,127.9816785,37.3234174
TEAM KWAN DONG 팀관동,336435625,강원도 강릉시 범일로 656 2층 팀관동(내곡동),헬스,128.8842618,37.7446775
아이티엔피트니스,335357987,강원특별자치도 동해시 효자남길 33-34 201호(쇄운동),헬스,129.1045217,37.4889381
니즈체형교정센터,,강원특별자치도 원주시 서원대로 121-1 505호 니즈체형교정센터(단계동),기타종목,127.9269452,37.3468706
고고클라이밍2호점,337650909,강원특별자치도 원주시 판부면 서곡널다리길 8 2층 고고클라이밍 2호점,클라이밍(암벽등반),127.9369256,37.322499
한양대엘리트태권도,335739378,강원도 삼척시 당저동2길 62 101호 한양대엘리트태권도(당저동),태권도,129.1697208,37.4487602
몬스터짐,336517433,강원도 강릉시 하평1길 14 4층(포남동),헬스,128.9115941,37.7712309
푸름아동발달센터,22552840,강원특별자치도 춘천시 효자상길 36 4층(효자동),기타종목,127.7302941,37.8710842
횡성검도장,333428686,강원도 횡성군 횡성읍 화성로 36 2층 횡성검도장,검도,127.9900633,37.4936683
횡성실내수영장,333425663,강원특별자치도 횡성군 횡성읍 문화체육로 57 지하 1층 횡성실내수영장,수영,127.9891498,37.4960871
프렌즈스크린 행구CC,337440755,강원도 원주시 행구로 201 2층 프렌즈스크린 행구CC(행구동),골프,127.9783209,37.3440428
효검관,22557656,강원도 춘천시 남춘로 47 덕호빌딩2층(효자동),검도,127.7319974,37.8652157
길라잡이태권도장,335220069,강원특별자치도 동해시 효자남길 16 2층 길라잡이태권도장(동회동),태권도,129.1088085,37.4877157
일진체육관,337317897,강원특별자치도 원주시 흥양로51번길 1 원마트 상가 2층 일진체육관(태장동),합기도,127.952572,37.3839867
시단법인 물길로,332519600,강원도 춘천시 스포츠타운길 113-1 킹카누나루터(송암동),기타종목,127.6857763,37.8549703
앤트짐,334816785,강원도 양구군 양구읍 양구새싹로 27 3층 앤트짐,기타종목,127.9883863,38.1026419
프리미어아레나승마클럽,337341141,강원특별자치도 원주시 문막읍 탑전길 50 프리미어아레나 승마클럽,승마,127.8285698,37.3346938
스파인자연치유요가강릉센터,,강원특별자치도 강릉시 솔올로5번길 7 2층(교동),요가,128.8766348,37.7625414
스타휘트니스,,강원도 춘천시 퇴계로105번길 5 지효빌딩 5층(퇴계동 1083)(퇴계동),헬스,127.7319754,37.8618287
스타핏STARFIT,336467774,강원특별자치도 강릉시 솔올로5번길 18-5 6층(교동),필라테스,128.8754028,37.7633313
스타탁구클럽 및 용품점,241303571,강원특별자치도 원주시 동부순환로 33 2층 스타탁구클럽(반곡동),탁구,127.9712646,37.3197051
스타세븐볼링장,29012699,강원특별자치도 원주시 지정면 신지정로 211 5층 스타세븐볼링장,볼링,127.8727314,37.3741912
특공무술 국제연맹 체육관,,강원도 춘천시 후석로 393 특공무술 체육관 2층(후평동),기타종목,127.7463833,37.8853328
피어라풀꽃 사회적협동조합,337355341,강원특별자치도 원주시 문막읍 보통로 174-26 피어라풀꽃 사회적협동조합,기타종목,127.8542653,37.3398774
인제합기도,334615806,강원도 인제군 인제읍 비봉로44번길 38 1층,합기도,128.1710478,38.0639921
인제하늘내린센터누리채,334618931,"강원도 인제군 인제읍 비봉로44번길 100 (남북리, 하늘내린센터) ",수영,128.164993,38.061088
인제군시설관리사업소,334632480,강원도 인제군 북면 금강로11번길 19 원통체육문화센터,수영,128.2064713,38.1200977
한국체대킴스태권도장,336527900,강원도 강릉시 연당길 78 한국체대킴스태권도장(초당동),태권도,128.9152382,37.7845284
스매싱존,335530789,강원특별자치도 태백시 대학길 41 2층 스매싱존(황지동),배드민턴,128.981798,37.158907
에이스탁구클럽,332643959,강원특별자치도 춘천시 춘천로 56 2층(효자동),탁구,127.7243926,37.8694826
고려체육관,334417774,강원특별자치도 화천군 화천읍 산수화로 6-16 고려태권도장,태권도,127.7065525,38.1066034
한국태권도장,333307078,강원특별자치도 평창군 평창읍 천변길 57 2층 한국태권도장,태권도,128.3986188,37.3667601
스누빅스포츠,332639386,강원도 춘천시 효자상길 36 (효자동) 4층 스누빅운동발달센터,기타종목,127.7302941,37.8710842
고려대단관태권도,,강원특별자치도 원주시 단관길 177-13 1층 고려대단관태권도(관설동),태권도,127.9644164,37.317891
공감아동청소년발달연구소,337644091,"강원특별자치도 원주시 건강로 25 2층, 204호(반곡동)",기타종목,127.9880351,37.3250174
에프오피트니스,,강원특별자치도 강릉시 주문진읍 신리길 41 3층,헬스,128.830247,37.8831508
강릉헬스,7073188690,강원특별자치도 강릉시 입암로 139 드림타워 3층 강릉헬스(입암동),헬스,128.9168855,37.7587309
태백시시설관리공단 근로자종합복지관,338065062,강원특별자치도 태백시 보드미길 40 근로자종합복지관(장성동),헬스,129.0068807,37.101492
이즈짐 Ease gym,,강원특별자치도 강릉시 경강로 2455 2층 (이즈짐)(송정동),헬스,128.9279941,37.7745251
김영아놀이치료연구소,332572313,강원특별자치도 춘천시 퇴계농공로 16 펠리즈,기타종목,127.7443321,37.8518263
블리스원특수체육센터,,"강원특별자치도 원주시 황금로 20 애플타워 2층 203호,204호(반곡동)",태권도,127.9886717,37.3269781
엠에프헬스클럽홍제점,336489991,강원도 강릉시 토성로61번길 7 2층(홍제동),헬스,128.884183,37.7516264
금강산볼링장,334550079,강원도 철원군 동송읍 이평로 131 금강산볼링장,볼링,127.2097894,38.2076544
원주시체스협회,337455400,강원특별자치도 원주시 치악로 1803 남부시장2층 2호(명륜동),기타종목,127.9544751,37.3430432
더원 스크린골프,,"강원도 원주시 서원대로 474 3,4층 더원 스크린골프(단구동)",골프,127.9557884,37.3263945
주식회사 훈짐,337668221,강원특별자치도 원주시 흥업면 남원로 52-5 102호,헬스,127.9199833,37.3006808
속초탁구장,,"강원특별자치도 속초시 영랑로4길 10 양우비치타워맨션(영랑동, 양우비치타워맨션)",탁구,128.5931437,38.2159735
근로자종합복지회관,335393720,강원특별자치도 동해시 동굴로 2 근로자 종합 복지회관(천곡동),수영,129.1050193,37.5149695
연세굿웰니스센터장애인체력증진실,27652861,강원도 원주시 흥업면 남원로 52 204동 연세굿웰니스센터(원주 흥업 LH천년나무2),기타종목,127.9216618,37.2993489
근로자종합복지관,332504927,강원도 춘천시 후석로440번길 9 근로자종합복지관(후평동),수영,127.7439562,37.88924
연세레하재활운동센터,332525553,"강원특별자치도 춘천시 방송길 77 상가동 2층 2249호(온의동, 춘천 센트럴타워 푸르지오)",기타종목,127.7207752,37.8690014
내셔널스포츠,337457359,강원특별자치도 원주시 행구로 267-25 라동 내셔널스포츠(행구동),롤러인라인,127.9844629,37.3451225
리버스 배드민턴,335325769,강원도 동해시 평릉길 46-1 리버스배드민턴센터(평릉동),배드민턴,129.1021007,37.5300592
밸류PT필라테스,332639902,강원특별자치도 춘천시 퇴계농공로 20 301호(석사동),필라테스,127.744223,37.8515591
세진검도관,333459152,강원특별자치도 횡성군 횡성읍 앞들서1로 21-7 2층,검도,127.9837156,37.4868973
세종태권도 아카데미,,강원특별자치도 원주시 현충로 58 23 흥화브라운빌 상가 2층(태장동),태권도,127.954563,37.3609771
용인대행복한태권도장후평관,332521313,강원도 춘천시 백령로 214 3층(후평동),태권도,127.7496957,37.8777713
성일헬스클럽,333440883,강원특별자치도 횡성군 횡성읍 앞들동1로 21 성일헬스클럽,헬스,127.9858274,37.4854964
그레이스발레학원,336476700,강원특별자치도 강릉시 선수촌로 77 402호(홍제동),무용(발레 등),128.8699889,37.7578212
성신 스포츠 아레나,336473342,강원특별자치도 강릉시 송정길33번길 19-6 성신 스포츠 아레나(송정동)(송정동),배드민턴,128.9295291,37.7785264
태권도현대체육관,337453125,강원도 원주시 흥양로18번길 35 조이프라자 3층(태장동),태권도,127.9503932,37.3803182
태백국민체육센터,335502878,강원특별자치도 태백시 번영로 220 태백국민체육센터(황지동),헬스,128.9851258,37.1629652
베스트연세태권도,336350801,강원특별자치도 속초시 동해대로 4323 (교동),태권도,128.5693395,38.2011263
은행나무하우스낚시터,,강원도 춘천시 신동면 경춘로 1773 은행나무하우스낚시터,기타종목,127.6968344,37.8228819
한빛체육관,337347177,강원도 원주시 북원로 2870 2층 한빛체육관(태장동),태권도,127.9529076,37.3991328
로드짐 무실점,337436766,강원도 원주시 시청로 80 센터프라자 10층 로드짐(무실동),헬스,127.9274364,37.3367465
체육시설사업소,26404550,강원도 강릉시 수리골길 76 (교동),수영,128.8969769,37.7770334
리버스배드민턴센터,335325769,강원특별자치도 동해시 평릉길 46-1 리버스배드민턴센터(평릉동),배드민턴,129.1021007,37.5300592
정연검도장,7077597965,강원도 원주시 치악로 1535 2층(관설동),검도,127.9641241,37.3209371
영월볼링장,333750455,강원도 영월군 영월읍 제방안길 100 영월볼링장,볼링,128.4618326,37.1757536
율곡태권도,26418088,강원도 강릉시 선수촌로63번길 6-3 203호 아이캔율곡태권도(홍제동),태권도,128.8695792,37.7568425
굿볼스튜디오춘천점,,강원도 춘천시 퇴계농공로 11 204호 굿볼스튜디오춘천점(석사동),기타종목,127.7450678,37.8519789
용인대활기찬태권도장,336521916,"강원특별자치도 강릉시 하평3길 37 일송상가 2층 용인대활기찬태권도장(포남동, 일송아파트)",태권도,128.9148613,37.7716609
서영탁구클럽,337443959,강원도 원주시 양지로 70 서영에비뉴파크3차 7층 701호~704호(반곡동),탁구,127.9857588,37.3274291
예랑합기스쿨,334613322,강원특별자치도 인제군 기린면 덕다리길 1-15 2층 예랑합기스쿨,합기도,128.3142939,37.947019
유호걸탁구클럽,,강원특별자치도 원주시 구곡길 10-1 302호(단구동),탁구,127.9484401,37.3211541
브레이브힐 석사점,332610177,강원특별자치도 춘천시 스무숲길 1 명림빌딩 5층(석사동),필라테스,127.7487538,37.8500704
필라테스토리,,"강원특별자치도 원주시 문막읍 건등로 10 4층, 필라테스토리",필라테스,127.8177256,37.3118283
한국체대명주태권도,336456310,강원도 강릉시 강변로 74-11 2층(회산동),태권도,128.8776026,37.7430874
브라보퍼블릭골프 원주단구점,337668207,강원도 원주시 남원로534번길 64 3층 브라보스크린골프(단구동),골프,127.9520886,37.3279005
국제킥복싱,335535684,강원특별자치도 태백시 황지로 26 3층국제킥복싱(황지동),기타종목,128.9907246,37.1611755
후평태권도장,332514658,강원도 춘천시 후석로 286 (후평동),태권도,127.7523005,37.8770377
마이비필라테스,26530385,강원도 강릉시 성덕로 328-18 주영프라자 2층(입암동),필라테스,128.9199562,37.7546597
선무종합무술총본관,337645666,강원특별자치도 원주시 무실로 153 성원아파트 상가 나동 401호(명륜동),합기도,127.9414108,37.3419556
새로워GYM,336471217,강원특별자치도 강릉시 사임당로 131 3층(홍제동),헬스,128.8656546,37.756523
골드휘트니스헬스,337352070,강원도 원주시 문막읍 왕건로 46 3층 골드휘트니스헬스,헬스,127.8293395,37.3237318
삼척시종합사회복지관 웰빙센터,335751512,강원특별자치도 삼척시 원당로2길 72-6 (원당동),수영,129.1528477,37.437518
핑하면퐁탁구장,25740462,"강원도 삼척시 중앙로 176 404호(남양동, 한흥프라자)",탁구,129.1681984,37.4389031
삼척볼링센타,335750921,"강원도 삼척시 중앙로 185 3층(남양동, 용비타워)(남양동, 용비타워)",볼링,129.1673761,37.4400218
삼척골프파크,335721872,강원특별자치도 삼척시 중앙로 270 4층 삼척골프파크(당저동),골프,129.1672884,37.4474325
바디니즈 휘트니스,332636532,강원특별자치도 춘천시 퇴계로 249 305호 바디니즈 피트니스(석사동),헬스,127.7464668,37.8553275
삼수니볼링장,,"강원도 춘천시 영서로 2793 두미르쇼핑센터 3층(우두동, 두미르마을)",볼링,127.7267249,37.9016821
피트니스원 포남,336531560,강원도 강릉시 하평1길 16-5 2층 피트니스원(포남동),헬스,128.9119967,37.7710845
하나리더태권스쿨,337612080,강원특별자치도 원주시 구곡길 2-42 1층 하나리더태권스쿨(단구동),태권도,127.9503016,37.3235027
바디에딕트 유천점,336550098,강원특별자치도 강릉시 선수촌로 77 7층 바디에딕트(홍제동),헬스,128.8699889,37.7578212
바디제트헬스,336452002,강원특별자치도 강릉시 남부로137번안길 17 학원건물2층 바디제트헬스(노암동),헬스,128.8933995,37.7440418
동해시시설관리공단,335393750,강원특별자치도 동해시 갯목길 114-5 해오름스포츠센터(구미동),수영,129.1397766,37.4883721
동해시시설관리공단 체육시설,335393564,강원특별자치도 동해시 덕골길 10 국민체육센터(천곡동),헬스,129.1021278,37.5169387
동해BK유도멀티짐,,강원도 동해시 청운로 71 2층 동해BK유도멀티짐(쇄운동),유도,129.102614,37.4864235
동진볼링장,,강원특별자치도 속초시 번영로 170 지하1총 11호 동진볼링장(영랑동),볼링,128.5900769,38.2137685
동진골프아카데미,336380707,강원특별자치도 속초시 번영로 170 107호(영랑동),골프,128.5900769,38.2137685
동해탁구교실,335354378,강원도 동해시 중앙로 184 천곡동 협신빌딩3층 동해탁구교실(천곡동),탁구,129.1170709,37.5175274
YS스윔키즈,337639383,강원특별자치도 원주시 시청로 524-2 상가동 지층 YS스윔키즈(관설동),수영,127.9636474,37.3140714
해오름체육관,335317310,강원특별자치도 동해시 한섬로 27 2층 해오름체육관(천곡동),태권도,129.1068175,37.5199846
월드당구클럽,282634939,강원특별자치도 횡성군 횡성읍 앞들동로10번길 9 2층 월드당구클럽,당구,127.9857248,37.4863099
원포올주,317758578,강원도 강릉시 죽헌길 7 강릉원주대학교 산학협력관 904호(지변동),기타종목,128.8701111,37.7706675
동송볼링장,335350055,강원도 동해시 동굴로 129 동송볼링장(천곡동),볼링,129.1181684,37.5187711
요가베다,334332350,강원특별자치도 홍천군 홍천읍 꽃뫼로 84 2층 요가베다,요가,127.8829024,37.6908289
해찬솔태권도,337314492,강원특별자치도 원주시 모란1길 70 2층 205호 해찬솔태권도(우산동),태권도,127.9333489,37.3617393
두루바른사회적협동조합,337437575,강원특별자치도 원주시 시청로 21-1 304호(무실동),기타종목,127.9230771,37.3409825
봄내체육관,332577800,강원특별자치도 춘천시 평화로 25 봄내체육관(근화동),배드민턴,127.7185339,37.8813604
두미르태권도장,332521357,강원도 춘천시 영서로 2756번길 8-1 1층,태권도,127.7291836,37.8990986
철원볼링센타,24520929,강원도 철원군 갈말읍 두루미로 51 철원볼링센타,볼링,127.3236508,38.1814466
석사블랙벨트태권도장,332612300,강원특별자치도 춘천시 후석로186번길 10-1 유명빌딩 4층(석사동),태권도,127.7533385,37.8674303
사회적협동조합마음별,336413438,"강원특별자치도 강릉시 홍제로 63-1 3,4층(홍제동)",기타종목,128.8852403,37.7532217
드림태권도장,335741213,강원특별자치도 삼척시 중앙로 274 3층(당저동),태권도,129.1669882,37.4475156
지디알플러스 아카데미 삼척점,335730755,강원특별자치도 삼척시 오십천로 274 지디알플러스 아카데미 삼척점 3층(원당동)(원당동),골프,129.1494784,37.4382063
도담아동발달센터,248272504,강원특별자치도 원주시 세계로 3 108-109호 도담아동발달센터(반곡동),기타종목,127.9880631,37.3245297
청운합기도체육관,335217766,강원특별자치도 동해시 청운2길 17-5 1층 청운합기도체육관(쇄운동),합기도,129.1055945,37.4852217
도담도담태권도체육교실,336489998,강원특별자치도 강릉시 선수촌로 110 3층(유천동),태권도,128.8704418,37.7607611
청풍체육관,335415687,강원특별자치도 삼척시 도계읍 도계느티로 16 청풍체육관,합기도,129.0476427,37.2323878
드림헬스클럽,336430074,강원특별자치도 강릉시 용지각길 14 1층(포남동),헬스,128.9055208,37.7609089
서밋힐링센터,7086571896,"강원특별자치도 원주시 단구초교길 19 상가동 301호, 302호(단구동, 대흥아파트)",요가,127.9654075,37.322514
더행복한잇층가필라테스,332641379,강원도 춘천시 퇴계로 199 경림빌딩 2층 잇츠요가필라테스(석사동),요가,127.7407448,37.8570918
원짐헬스클럽,334553998,강원도 철원군 동송읍 금학로 213 3층,헬스,127.218099,38.2076023
더클래식필라테스,332411755,강원특별자치도 춘천시 공지로 387 5층(약사동),필라테스,127.7238441,37.8716482
원주시시설관리공단 국민체육센터,337494733,강원도 원주시 남원로 551 원주국민체육센터 3층(명륜동),수영,127.9463923,37.3338289
중앙콜라텍,282215224,강원특별자치도 삼척시 진주로 4-22 2층 중앙콜라텍(남양동),댄스(줌바 등),129.1648215,37.4409728
원주시농민문화체육센터,337374725,강원특별자치도 원주시 문막읍 건등로 21 농민문화체육센터,수영,127.818221,37.3134794
디딤돌,,강원도 춘천시 공지로 129 2층 디딤돌(석사동),수영,127.7465061,37.8577088
탑볼링장,334410909,강원특별자치도 화천군 화천읍 상승로 45-17 탑볼링장,볼링,127.7030729,38.1050723
중앙아동발달센터,336487585,강원특별자치도 강릉시 수문길 45 (옥천동),기타종목,128.9049333,37.7571672
더원스크린골프,337640101,"강원특별자치도 원주시 서원대로 474 3, 4층 더원스크린골프(단구동)",골프,127.9557884,37.3263945
중앙검도장,337644012,강원도 원주시 치악로 1803 남부시장 2층  중앙검도장(명륜동),검도,127.9544751,37.3430432
더스카이복싱짐,,강원특별자치도 철원군 동송읍 이평로 10 2층,복싱,127.2226777,38.210867
해동검도,335631665,강원도 정선군 정선읍 봉양6길 14 해동검도,검도,128.6639751,37.3788693
더베스트짐,24555070,강원특별자치도 철원군 동송읍 금학로 231 2층,헬스,127.2170179,38.209112
춘천세경볼링장,332616184,"강원도 춘천시 남춘천새길 42 상가동 지하101호(석사동, 세경5차아파트)",볼링,127.7370335,37.8627959
춘천시복싱협회,332619850,강원특별자치도 춘천시 우석로 102-2 2층(복싱장)(석사동),복싱,127.7556545,37.8634174
춘천유도관,332636507,강원도 춘천시 안마산로 222(퇴계동) 4층,유도,127.7383736,37.8492293
줌바홀릭필라테스,336515757,강원특별자치도 강릉시 하평길 64 4층(포남동),필라테스,128.915796,37.7698386
더 움직임 협동조합,266481236,강원도 원주시 이화6길 15 2층(단계동),댄스(줌바 등),127.9326016,37.3429371
준탁구클럽,337469009,강원도 원주시 영랑길 32 (행구동),탁구,127.9740002,37.3398588
뚜르드바이크,,강원도 춘천시 칠전서길 8 2층(칠전동),기타종목,127.7134042,37.8405163
하늘내린태권도장,334617666,강원도 인제군 인제읍 인제로 228 2층 하늘내린태권도장,태권도,128.1754007,38.0704492
라라필라테스,337321988,강원특별자치도 원주시 시청로 72 애드피아 3차 4층 403호 라라필라테스(무실동),필라테스,127.9267864,37.3371931
원주시근로자종합복지관,337494775,강원도 원주시 우산공단길 24 근로자종합복지관(우산동),헬스,127.9409741,37.3753107
대호합기도체육관,333363687,강원특별자치도 평창군 진부면 청송로 83 2층대호체육관,합기도,128.5555851,37.636763
주재현휘트니스,332646644,강원도 춘천시 퇴계로 213 302호(석사동),기타종목,127.7423196,37.8566282
원주볼링파크,337437330,강원도 원주시 무실밤골길 48 2층 볼링파크(무실동),볼링,127.9262334,37.3263416
원주배드민턴체육관하이클리어스포츠,337428036,강원특별자치도 원주시 원문로118번길 41 단계동105-7(단계동),배드민턴,127.9321963,37.3582696
ES스포렉스,335638400,강원도 정선군 정선읍 녹송로 96 ES스포렉스,헬스,128.6711004,37.3855177
커넥트CONNECT,,강원도 원주시 천사로 24 4층401호(단계동),요가,127.9280157,37.3478411
국민체육센터,332647304,강원도 춘천시 우석로 102-3 국민체육센터(석사동),수영,127.7566898,37.8626344
국민생활관수영,22521666,강원도 춘천시 효자상길5번길 11 국민생활관(효자동),수영,127.7284523,37.8731654
주에스엠씨유소년축구교실,338130079,강원특별자치도 원주시 판부면 남원로 288-6 (주)에스엠씨,축구(풋살),127.9336274,37.3131914
구슬당구장,,전라북도 익산시 무왕로22길 35 지하(부송동),당구,126.9874569,35.9561529
학사검도관,636269872,전라북도 남원시 오들1길 71-10 1층 학사검도관(도통동),검도,127.4003219,35.4202209
송암태권도,,전라북도 익산시 하나로13길 25 201(영등동),태권도,126.9786011,35.9603751
미룡탁구교실,634654994,전라북도 군산시 대학로 525 4층 미룡탁구교실(미룡동),탁구,126.6854215,35.9484044
김소희댄스아카데미,635338808,전라북도 정읍시 수성택지7길 16-10 2층(수성동),댄스(줌바 등),126.8575564,35.5819417
송천경희대태권도,,전라북도 전주시 덕진구 붓내3길 24 2층 송천경희대태권도(송천동2가),태권도,127.1240242,35.8665305
이재일복싱,635383428,전북특별자치도 정읍시 충정로 336 3층(연지동),복싱,126.8480746,35.5752724
수요가필라테스,632771877,전라북도 전주시 덕진구 두간로 16 3층 수요가필라테스(송천동1가),필라테스,127.1162358,35.8651795
엘리트 태권도 박사 아카데미,638565353,전라북도 익산시 고현로7길 16 성도빌딩4층(모현동1가),태권도,126.9419734,35.9463228
군산공감발달연구소,29103330,전북특별자치도 군산시 계산로 91 3층 군산공감발달연구소(지곡동),기타종목,126.7145559,35.9520522
임실 당구장,,전라북도 임실군 임실읍 운수로 33-8 2층 임실당구장,당구,127.2850339,35.6141382
위너탁구교실,632773972,전라북도 전주시 덕진구 가련산로 25 이신빌딩 6층 위너탁구교실(덕진동2가),탁구,127.1111603,35.842091
라이온태권도체육관,635486262,전라북도 김제시 도작2길 43 (신풍동),태권도,126.9032234,35.7956852
효자태권도체육관,632299222,전북특별자치도 전주시 완산구 덕적골2길 35-4 2층 효자태권도(평화동1가),태권도,127.1413084,35.7951492
이천쌤바디크리닉,,전북특별자치도 전주시 덕진구 오송1길 31 원재빌딩205 이천쌤바디크리닉(송천동1가),기타종목,127.1306214,35.8630436
부안프라자탁구장,,전북특별자치도 부안군 부안읍 석정로 209 4층탁구장,탁구,126.7376867,35.727164
우리스포츠센터,634679889,전라북도 군산시 칠성5길 167 2층 우리스포츠센터(소룡동),기타종목,126.6774289,35.9706763
부안새만금 공공스포츠클럽,635848181,전라북도 부안군 행안면 체육공원길 31 부안새만금 공공스포츠클럽,탁구,126.7220965,35.7004649
봉동 퍼스트짐,632631112,전북특별자치도 완주군 봉동읍 낙평장기로 53 201202,기타종목,127.1627305,35.9365375
에이치짐,626252643,전북특별자치도 남원시 남문로 437 에스마켓3층(하정동),헬스,127.3792992,35.4065742
이화댄스아카데미with 탑째즈에어로빅,632422470,전북 전주시 덕진구 석소로 84 윤현빌딩 6층,에어로빅,127.1677709,35.8345152
핏요가테스,635819981,전라북도 부안군 부안읍 오리정로 156 2층,요가,126.7392045,35.7231506
에이요,294393124,전라북도 익산시 하나로 499 3층 에이요스튜디오(영등동),에어로빅,126.9800433,35.9650579
위너점핑 다이어트,,전북특별자치도 익산시 선화로10길 8 2층 위너점핑(모현동1가),기타종목,126.9457502,35.9474581
백마합기도,632247780,전북특별자치도 전주시 완산구 신봉로 48 제일아파트(효자동1가)상가1동202호,합기도,127.1200997,35.8101956
익산 이루다 태권도,,전라북도 익산시 고봉로28길 13 3층 이루다태권도(영등동),태권도,126.9713718,35.9551733
스매싱 전주혁신점,,전북특별자치도 전주시 덕진구 오공로 33-8 3층 스매싱존(전주혁신점)(중동),배드민턴,127.0594999,35.836965
에이스태권도장,638331107,전라북도 익산시 부송로1길 35 3층 에이스태권도장(어양동),태권도,126.9871166,35.9556049
에이스태권도,638318565,전북특별자치도 익산시 동서로51길 56 2층 에이스태권도(어양동),태권도,126.9788473,35.9560991
상무태권도,22129100,전라북도 전주시 덕진구 만성로 140 601호(만성동),태권도,127.0770739,35.8434655
키움운동센터,274511490,전라북도 전주시 완산구 마전중앙로 13 2층 키움운동센터(효자동3가),필라테스,127.1032975,35.8234878
익산시 공공승마장,638627871,전라북도 익산시 용안면 강변로 1105 공공승마장,승마,126.9319388,36.1287891
에이스탁구장,632439124,전라북도 전주시 완산구 온고을로 102 5층(서신동),탁구,127.1117415,35.8341452
브니엘 KTIGERS,22112996,전북특별자치도 전주시 덕진구 쪽구름3길 43 2층 브니엘 K-TIGERS(여의동2가),태권도,127.0804199,35.8731989
상무태권도,632237849,"전북특별자치도 전주시 완산구 세내로 241 상가301호 상무태권도(효자동2가, 효자1차엘드수목토아파트)",태권도,127.1096487,35.8125656
광덕합기도,636539866,전라북도 순창군 순창읍 순창로 265-50 광덕합기도,합기도,127.1416506,35.3798617
피터팬승마캠프,,전라북도 군산시 성산면 송호로 128 피터팬승마캠프,승마,126.7853153,35.98162
봉동체육관,632620111,전라북도 완주군 봉동읍 봉동동서로 110-1 봉동체육관,태권도,127.164582,35.9376806
비전타이거사선대태권도,636433885,전라북도 임실군 관촌면 사선1길 17-1 2층 비전타이거사선대태권도,태권도,127.2706706,35.6741056
디앤알운동발달센터,,전북특별자치도 완주군 삼례읍 신기길 5-1 3층,기타종목,127.1174432,35.918599
허그핏스타점핑,,전라북도 군산시 나운5길 16 2층 점핑센터(나운동),기타종목,126.6987481,35.962707
인봉태권도아카데미,22443639,전북특별자치도 전주시 덕진구 아중로 154 상가 3층 인봉태권도(인후동1가),태권도,127.1665678,35.8259485
루나최스포츠아카데미서신,632548001,전라북도 전주시 완산구 서신천변11길 1 2층(서신동),요가,127.114066,35.8300277
금빛누리태권도,,"전라북도 군산시 칠성7길 56 121동 2층 201-1호(산북동, 하나리움시티)",태권도,126.6804945,35.9657971
볼러스레인군산점,634630925,전라북도 군산시 나운로 4 지하1층 1~49호(문화동)(문화동),볼링,126.7053828,35.9701423
용인대 점프 태권도,635377010,전북특별자치도 정읍시 수성택지2길 1 대한빌딩 3층(수성동),태권도,126.8551495,35.577109
인성체육관,638567805,"전북특별자치도 익산시 고봉로 196 전라북도 익산시 선화로10길 17(모현동1가, 익산e편한세상)",태권도,126.9678811,35.9495944
인성태권도,632265778,전라북도 전주시 완산구 거마남로 80 2층 인성태권도(삼천동1가),태권도,127.1254733,35.7955827
사단법인한국운동재활협회 익산지회,638359050,전라북도 익산시 무왕로13길 17 4층(영등동),기타종목,126.9765395,35.9601055
인성태권도체육관,,전북특별자치도 정읍시 수성5로 59 인성태권도(수성동),태권도,126.861823,35.5832641
복싱사관학교,,전북특별자치도 전주시 완산구 효천중앙로 57 모악빌딩 3층 복싱사관학교(효자동2가),복싱,127.1080453,35.7993106
올바른성장태권도,632451795,전북특별자치도 전주시 덕진구 견훤로 503 2층(우아동3가),태권도,127.1556264,35.8552567
용인대 전주유도관,639092479,전라북도 전주시 완산구 백제대로 218 5층(중화산동2가),유도,127.1236232,35.8123781
희망찬스윔키즈,634688253,전북특별자치도 군산시 의료원로 180 지하101호(나운동),수영,126.6970762,35.9601665
한성탁구클럽,638333356,전라북도 익산시 고봉로18길 28 지하1층(영등동),탁구,126.9719301,35.9522527
스카이휘트니스 11맞춤형 트레이닝,632411916,"전라북도 전주시 덕진구 명주5길 11 성락프라자 상가 2층 스카이휘트니스(인후동2가, 성락콤비아파트쇼핑타운)",헬스,127.1512375,35.8451071
한동검도관,634659791,전라북도 군산시 미룡로 11 2층 한동검도관(미룡동),검도,126.6869423,35.9430115
호림태권도장정읍,635353375,전라북도 정읍시 수성2로 27-12 일화빌딩2층 호림태권도장(수성동),태권도,126.8553335,35.5826563
MTA태권도,632726003,전라북도 전주시 덕진구 가련산로 7 5층(덕진동2가),태권도,127.109858,35.8409459
삼봉해동검도,,전라북도 완주군 삼례읍 삼봉4로 35 403호 삼봉해동검도,검도,127.1172898,35.9247802
에스라인다이어트워,632413338,전라북도 전주시 덕진구 안덕원로 266 농협3층 에스라인 다이어트워(인후동1가),헬스,127.155992,35.8364464
삼례경찰경호합기도무도관,639095712,전라북도 완주군 삼례읍 삼례역로 22 2층 합기도,합기도,127.070709,35.9094369
이지댄스,268280827,전라북도 고창군 고창읍 보릿골로 51 2층,요가,126.6948947,35.4299847
미스터큐 당구장,,전북특별자치도 익산시 선화로3길 31-12 3층(모현동1가),당구,126.9392111,35.9521346
호남에이스승마장,,전북특별자치도 익산시 춘포면 천서길 89 ,승마,127.0286924,35.9356353
금만검도관,635454525,전라북도 김제시 도작9길 14 금만검도관(신풍동),검도,126.8980745,35.8029579
미룡도장,634647976,전북특별자치도 군산시 미룡로 32 3층 미룡도장(미룡동),검도,126.6890636,35.9427471
힘쎈어울림태권스쿨,,"전라북도 익산시 인북로 334 상가2층 태권도(신동, 익산 금호어울림)",태권도,126.9618006,35.9576742
금성태권도장,24683869,전라북도 군산시 하나운로 18 상가3층 301호(나운동),태권도,126.6995754,35.9605168
승리 윈 태권도,632269713,전라북도 전주시 완산구 양지1길 15-11 반석빌딩 3층 승리윈태권도(삼천동1가),태권도,127.1200286,35.7918735
플래그쉽휘트니스,632220020,전북특별자치도 전주시 완산구 쑥고개로 351 5층 플래그쉽피트니스(효자동2가),헬스,127.1035573,35.8035225
가온태권도,638337277,전라북도 익산시 궁동로 139 4층 가온태권도(부송동),기타종목,126.9866476,35.9629387
인후해동검도,,전북특별자치도 전주시 덕진구 견훤로 320 3층 해동검도(인후동1가),검도,127.1556614,35.8399301
하나태권도장,638333337,전라북도 익산시 부송로 64-25 2층 하나태권도장(부송동),태권도,126.9921,35.9576032
웰컴 탁구클럽,632218799,전라북도 전주시 덕진구 오공로 43-28 스마트빌딩 5층 웰컴탁구클럽(중동),탁구,127.0613283,35.8378093
무주글로벌태권도장,633231222,전라북도 무주군 안성면 안성로 246 무주글로벌태권도장,태권도,127.6522809,35.8638364
1on1뉴힐링라이프 재활운동센터 전주점,637152108,전라북도 전주시 덕진구 기린대로 489 한나여성의원1층(덕진동1가),기타종목,127.1243899,35.8427652
승일태권도,632457736,전북특별자치도 전주시 덕진구 동가재미1길 24-8 승일태권도(인후동1가),태권도,127.1635687,35.832027
승일태권도 호성지점,632473764,전라북도 전주시 덕진구 호성1길 25 2층202 승일태권도(호성동1가),태권도,127.1538295,35.856367
완주스포츠클럽,632741206,전라북도 완주군 봉동읍 둔산2로 28 933-9,탁구,127.1234203,35.9578912
완주체육관,632625574,전라북도 완주군 고산면 고산로 144 1,태권도,127.2127039,35.9739418
효경석사태권도도장,639039009,"전라북도 전주시 완산구 평화로 95 호반리젠시빌상가2층 202동(평화동2가, 호반리젠시빌아파트)(평화동2가, 호반리젠시빌아파트)",태권도,127.1325533,35.7858101
웨스턴스프링스본점,635340001,전라북도 정읍시 송산1길 142-101 웨스턴스프링스(송산동),승마,126.8744258,35.5404551
경희대지성태권도줄넘기,,전북특별자치도 무주군 무주읍 당산강변로 234 상가2층 경희대지성태권도(리버뷰),태권도,127.6665366,36.0056667
칸액션스쿨 특공무술 합기도,634427079,전라북도 군산시 수송로 136 3층 칸액션스쿨(수송동),합기도,126.7103464,35.9637582
프로틴업점핑업,632210202,전라북도 전주시 완산구 중화산로 111 2층 프로틴업점핑업(중화산동2가),기타종목,127.117937,35.8204401
무브먼트연,,전북특별자치도 전주시 덕진구 오송1길 37-7 4층 402호 무브먼트:연(송천동1가),헬스,127.1307518,35.8634095
임실주짓수체육관,,전북특별자치도 임실군 임실읍 운수로 56 3층 임실주짓수 체육관,주짓수,127.2855807,35.6125384
알파볼링경기장,635432244,전라북도 김제시 죽산로 726 알파볼링경기장(연정동),볼링,126.8645301,35.7964637
캐런댄스학원,639273532,전라북도 정읍시 남북로 34 302호(수성동),댄스(줌바 등),126.8509855,35.5682322
라이온태권도,632889889,전북특별자치도 전주시 덕진구 오공로 49 2층 204호(중동),태권도,127.0612979,35.8363741
바름체블랙,632734777,전북특별자치도 전주시 덕진구 송천중앙로 154 7층 바름체 블랙(송천동1가),헬스,127.1217356,35.860508
효경석사태권도,632729700,전라북도 전주시 덕진구 송천4길 41 1층 효경석사태권도(송천동1가),태권도,127.1174543,35.8616985
무궁화 검도관,632472727,전라북도 전주시 덕진구 동부대로 815 3층 무궁화검도관(호성동1가),검도,127.1534168,35.8599017
KTI태권도,632120509,전라북도 전주시 덕진구 추탄로 26 3층(덕진동2가),태권도,127.1094716,35.8429699
더건강해짐,638422019,전라북도 익산시 배산로3길 36 3층더건강해짐(모현동1가),댄스(줌바 등),126.9366104,35.9474409
사단법인정읍스포츠클럽지점,635388700,전북특별자치도 정읍시 서부로 9 정읍체육관2층(연지동),축구(풋살),126.8442138,35.5695705
볼러스레인 군산점,24630925,전라북도 군산시 나운로 4 현대코아 지하1층(문화동),볼링,126.7053828,35.9701423
더THE꿈자람교실,,전북특별자치도 군산시 신평안길 37 더꿈자람교실1층(지곡동),기타종목,126.7116985,35.9590587
두드림사회적협동조합,632432626,전라북도 전주시 덕진구 호성1길 33-10 303호(호성동1가),에어로빅,127.1526751,35.8561892
프랜드당구장,,"전라북도 전주시 완산구 장승배기로 200 4층, 프랜드당구장(평화동1가)",당구,127.1347661,35.7960382
프라자볼링장,,전라북도 부안군 부안읍 석정로 209 5층볼링장,볼링,126.7376867,35.727164
동인태권도,638340594,"전북특별자치도 익산시 동서로 509 (어양동, 익산자이)자이아파트상가305호",태권도,126.9872394,35.9541738
두란노태권도장,635371225,전라북도 정읍시 정읍남로 1327-9 2차상가 301호 두란노태권도장(시기동),태권도,126.8474024,35.559427
퍼스트짐,635471103,전북특별자치도 김제시 검산택지5길 36 2층 퍼스트짐 주짓수(검산동),주짓수,126.9024758,35.8020218
자유탁구클럽,634631371,전북특별자치도 군산시 축동로 128 2층202호 자유탁구장(서흥남동),탁구,126.7108308,35.9707568
용인대석사힘찬태권도교육관,6373017201,전북특별자치도 남원시 가방뜰길 49 2층. 용인대석사힘찬태권도교육관(금동),태권도,127.3715144,35.4009045
경희대라이온태권도,635382003,전라북도 정읍시 학산로 89-7 2층  201호(상동),태권도,126.874673,35.5600947
오페라 탁구장,237459276,전북특별자치도 익산시 목천로 361 402동 101호,탁구,126.9600704,35.9268219
장계부부태권도교육관,633522371,전라북도 장수군 장계면 신동서로 8-1 .,태권도,127.5842203,35.7323398
모악테니스아카데미,7075761320,전북특별자치도 전주시 완산구 중인1길 172-19 (중인동),테니스,127.0906433,35.7651422
요가샬라 평화점,632267769,전라북도 전주시 완산구 모악로 4678 모악타운 502호 요가샬라(평화동2가),요가,127.1305545,35.7868638
모비멘토 정읍,226601002,전라북도 정읍시 벚꽃로 537-5 3층 모비멘토(상동),필라테스,126.8695053,35.5568973
한양대전북태권도,632431419,전북특별자치도 완주군 소양면 소양로 242 2층 한양대전북태권도,태권도,127.2345652,35.8560322
러브올스포츠,,전북특별자치도 익산시 목천로6길 34 러브올스포츠(인화동1가),배드민턴,126.9486625,35.9289127
더THE 메달리스트 복싱 GYM,638311278,전라북도 익산시 무왕로 1236 2층 더 메달리스트 복싱짐(부송동),복싱,126.9938142,35.9598242
아중안골파워복싱,632461156,전라북도 전주시 덕진구 견훤로 288 5층 파워복싱(인후동1가),복싱,127.1568977,35.8372592
아이플러스태권도,638377277,전북특별자치도 익산시 배산로 106 2층 아이플러스태권도(모현동1가),태권도,126.9397883,35.9471036
한국드림태권도,24524409,전북특별자치도 군산시 신촌1길 20 1층 한국드림태권도(조촌동),태권도,126.7394087,35.9647735
한국태권도 체육관,,전라북도 군산시 수송로 216 2층 한국태권도(수송동),태권도,126.7192345,35.9637937
반딧불태권도장,633241212,전북특별자치도 무주군 무주읍 향한로 62 반딧불태권도장,태권도,127.662698,36.0101352
가족태권도장,638518887,전북특별자치도 익산시 인북로 300 2층(남중동),태권도,126.9600003,35.9550009
용인대석사지킴이태권도장,635370886,"전북특별자치도 정읍시 수성3로 26 상가 108-201(수성동, 제일아파트)",태권도,126.8560701,35.5835833
요가with슈슈,,전라북도 군산시 수송로 315 Mj빌딩3층 301호 요가with슈슈(미장동),요가,126.7302782,35.9644397
진포검도교실,,전라북도 군산시 백릉로 176 1층 진포검도교실(조촌동),검도,126.7455327,35.9754771
신태인 태권도장,635713838,전북특별자치도 정읍시 신태인읍 신태인중앙로 17 신태인 태권도장,태권도,126.8870462,35.6889094
반딧불태권도장,633241212,전라북도 무주군 무주읍 향한로 62 반딧불태권도장,태권도,127.662698,36.0101352
광덕합기도,636539866,전북특별자치도 순창군 순창읍 순창로 265-50 광덕합기도,합기도,127.1416506,35.3798617
한국태권도스쿨,636259110,전북특별자치도 남원시 동림로 111 2층  한국태권도(향교동),태권도,127.3840093,35.4175658
부송해동검도 점핑줄넘기,638353501,전북특별자치도 익산시 무왕로 1272 3층 301호 부송해동검도 점핑줄넘기(부송동),검도,126.9977394,35.9602882
대한해동검도서곡수련원,632770015,전북특별자치도 전주시 완산구 세내로 534 서원빌딩 5층. 해동검도(효자동3가),검도,127.1007514,35.833507
용인대태랑태권도장,,"전라북도 익산시 무왕로19길 18 상가 2층 태권도장(어양동, 엘드수목토)",태권도,126.9857869,35.9605769
아이원이벤트,,전라북도 고창군 고창읍 모양성로 96 아이원이벤트,기타종목,126.699278,35.4400419
JMC줄넘기,632769696,전북특별자치도 전주시 덕진구 사근1길 57 천마리드빌딩 202호 JMC줄넘기(송천동2가),줄넘기,127.1336267,35.8665673
용인대박사청룡태권도,632368886,전라북도 전주시 완산구 마전들로 55 401호 용인대박사청룡태권도(효자동3가),태권도,127.1015205,35.8212261
쏙쏙메타 바둑센터,632425678,전라북도 전주시 덕진구 무삼지로 79 아중산부인과 4층(인후동1가),기타종목,127.1626659,35.8326389
반디탁구교실,,전라북도 무주군 무주읍 주계로7길 12 2층,탁구,127.6614047,36.0074466
전라북도장애인보치아연맹,,전라북도 김제시 요촌서1길 61-7 전라북도장애인보치아연맹(요촌동),기타종목,126.8858195,35.8068785
전라북도특수심리운동발달센터,632243242,"전라북도 전주시 덕진구 백제대로 709 좌측 B동, 전라북도특수심리운동발달센터(인후동2가)",기타종목,127.1467022,35.8455048
전라북도특수심리운동발달센터,632243242,"전북 전주시 덕진구 아중로 143 4층, 전라북도특수심리&운동발달센터",기타종목,127.1653304,35.8260786
전북종합복지사회적협동조합,638374884,전북특별자치도 익산시 익산대로 169 1층(창인동1가),기타종목,126.94749,35.9415035
전북특별자치도 종합사격장,636430104,전라북도 임실군 청웅면 청운로 168-46 전북특별자치도 종합사격장,기타종목,127.1929424,35.587006
용인대석사지킴이태권도장,635370886,"전라북도 정읍시 수성3로 26 상가 108-201(수성동, 제일아파트)",태권도,126.8560701,35.5835833
전북합기도,635325537,전라북도 정읍시 상동중앙로 76 .(상동),합기도,126.8700178,35.5630247
명문탁구교실,632327989,전라북도 전주시 완산구 덕적골2길 6 4층 명문탁구교실(평화동1가),탁구,127.1405293,35.7978529
합기도충무관,,전북특별자치도 김제시 도작4길 16 1층(검산동),합기도,126.9047842,35.7981483
동아블랙벨트태권도장,632466788,"전라북도 전주시 덕진구 견훤로 333 위브어울림 단지내 후문상가 1층(인후동1가, 위브어울림아파트)",태권도,127.1535488,35.8411688
다옴짐정한개발,22371205,전라북도 전주시 완산구 평화로 132 2층(평화동2가),헬스,127.1353278,35.7882634
전주 한스클라이밍센터,,전라북도 전주시 덕진구 견훤로 146 4층 전주한스클라이밍센터(인후동1가),클라이밍(암벽등반),127.1615312,35.8251578
가족태권도체육관,638538777,전라북도 익산시 선화로4길 37 2층(모현동1가),태권도,126.9330411,35.9478758
전주 해동검도체육관 인후지점,632472553,전북특별자치도 전주시 덕진구 견훤로 320 3층 해동검도(인후동1가),검도,127.1556614,35.8399301
전주대학교키즈태권도,256621753,전라북도 군산시 미룡로 30 새마을금고3층(미룡동),태권도,126.6888983,35.9427423
전주베이스볼아카데미 NEW유소년야구단,,전라북도 전주시 완산구 호동길 23-34 전주베이스볼아카데미(전주시 NEW 유소년 야구단)(삼천동3가),야구,127.0841922,35.789832
월드당구장,,전북특별자치도 익산시 부송로 117 인우빌딩 3층(부송동),당구,126.9895489,35.9620754
채움태권도장,634630488,전북특별자치도 군산시 문화안길 54 896-6(문화동),태권도,126.7044011,35.9745401
전주송천코리안주짓수종합격투기공권유술,,전라북도 전주시 덕진구 시천로 78 2층(송천동1가),주짓수,127.114739,35.8662498
전주스마트탁구교실,,전라북도 전주시 덕진구 동가재미1길 6-10 전주스마트탁구교실(인후동1가),탁구,127.1618361,35.8313372
아이드림운동발달연구소,634651774,전라북도 군산시 대학로 342 동아26빌딩 지하1층(나운동),축구(풋살),126.6930559,35.9635217
힘쎈어울림태권스쿨,638538443,"전북특별자치도 익산시 인북로 334 상가2층 힘쎈어울림 태권스쿨(신동, 익산 금호어울림)",태권도,126.9618006,35.9576742
용인대마스터태권도장,639087575,전북특별자치도 전주시 덕진구 아중로 157 4층(인후동1가),태권도,127.1667557,35.8265511
전주원스필라테스,,전북특별자치도 전주시 완산구 홍산로 160-3 현우빌딩 3층 원스 필라테스(효자동2가),필라테스,127.105093,35.808165
현대석사태권도,,전라북도 전주시 완산구 용머리로 165 3층 현대석사태권도(효자동1가),태권도,127.1279992,35.8064956
용인대마루한태권도둔산점,,전북특별자치도 완주군 봉동읍 둔산3로 64 도성빌딜 4층 용인대마루한 태권도장,태권도,127.1265615,35.9604287
전주탁구센터,,전라북도 전주시 덕진구 벚꽃로 57 전주탁구센터(진북동),탁구,127.1357375,35.8298499
점프스쿨삼봉센터,,전북특별자치도 완주군 삼례읍 삼봉3로 16 AR타워 501호 점프스쿨삼봉센터,줄넘기,127.1219786,35.9209064
점프스쿨태권도,632429085,전북특별자치도 전주시 덕진구 무삼지로 8 상가 3층 301호(인후동1가),줄넘기,127.1658989,35.827121
JK태권도스쿨,638579992,전라북도 익산시 황등면 황등로 78 2층,태권도,126.9454333,35.9991122
아시아볼링장,632267056,전라북도 전주시 완산구 모악로 4661 2층 아시아볼링장(평화동2가),볼링,127.1289698,35.7857875
한국체대박사태권도,22550244,전라북도 전주시 덕진구 숲정이로 47 한국체대박사태권도(진북동),태권도,127.1328534,35.8324225
메리트풋볼클럽 혁신점,,전라북도 완주군 이서면 오공로 11-23 대성타워 304호,축구(풋살),127.0565356,35.8379838
한양대전북체육관,632431419,전라북도 완주군 소양면 소양로 242 2층 한양대전북체육관,태권도,127.2345652,35.8560322
히트헬스클럽,635441358,전북특별자치도 김제시 금성로 143 2층 히트헬스클럽(검산동),헬스,126.9051272,35.8016217
점프코리아,,전북특별자치도 완주군 삼례읍 삼봉1로 2 메디컬프라자 604호,태권도,127.1237535,35.9225025
바론필라테스,,전북특별자치도 남원시 역재2길 14-3 1층(도통동),필라테스,127.399034,35.4199367
점프코리아 태권도 줄넘기,,전북특별자치도 전주시 덕진구 쪽구름로 152 1증 노란건물  (점프코리아)(반월동),태권도,127.06866,35.8741984
하엘언어청각센터,632361456,전북 전주시 완산구 효자동2가 1319-2번지 성심빌딩 602호,기타종목,127.1031034,35.8083244
평화탁구교실,22272298,전라북도 전주시 완산구 소대배기로 8-13 401호(평화동2가),탁구,127.1313512,35.7867923
평화사우나휘트니스,639039699,전라북도 전주시 완산구 평화18길 22 3층 평화휘트니스(평화동1가),헬스,127.1344488,35.7951094
동문특공무술체육관,236804756,전북특별자치도 전주시 완산구 당산로 42 4층 동문특공무술체육관(서신동),기타종목,127.1128687,35.8320083
메디요가,634671700,전북특별자치도 군산시 동수송안길 31 4층(수송동),요가,126.7167498,35.9667399
멋짐킥복싱 평화1관 본관 인후2관 효자3관,632251929,전라북도 전주시 완산구 모악로 4746 4층(평화동1가),복싱,127.1323217,35.7929119
바른i태권도장줄넘기,639102545,"전북특별자치도 군산시 해망로 606 상가동 2층 201호(소룡동, 소룡동 제이파크)",태권도,126.6763449,35.98184
김제시국민체육센터볼링장,25425983,전라북도 김제시 도작로 224-121 국민체육센터볼링장(검산동),볼링,126.9034056,35.8123566
박태림 복싱,632238521,전북특별자치도 전주시 완산구 용리로 26 202호(삼천동1가),복싱,127.1126121,35.7984608
진안바른길태권도,634330377,전라북도 진안군 진안읍 진무로 1073 2층 진안바른길태권도,태권도,127.4267622,35.7907784
진안고원골프연습장,624308729,전북특별자치도 진안군 진안읍 우화2길 33-16 진안고원골프연습장,골프,127.4308342,35.7885066
진안 국민체육센터,634308721,전북특별자치도 진안군 진안읍 우화2길 47-9 진안 국민체육센터,수영,127.4302514,35.7882555
김제에이스탁구장,635473959,전라북도 김제시 동서로 286 김제에이스탁구장(신풍동),탁구,126.898005,35.803399
협동조합익산드림스포츠,638387008,전라북도 익산시 배산로1길 31 IDS축구교실(송학동),축구(풋살),126.93332,35.9397915
해동종합무술원,632278822,전라북도 전주시 완산구 소대배기로 26 3층(평화동2가),검도,127.1329274,35.7868496
김제조아탁구클럽,635463052,전라북도 김제시 검산택지1길 61 조아탁구클럽(검산동),탁구,126.9030764,35.8031286
캘리댄스스튜디오학원,632320405,전북특별자치도 전주시 완산구 전주객사3길 46-21 2층 3층 캘리댄스스튜디오(고사동),댄스(줌바 등),127.142383,35.8194864
김지희요가,,전라북도 남원시 가방뜰길 112-1 김지희요가(조산동),요가,127.3673745,35.3985138
김진현스포츠교실,636441712,전북특별자치도 임실군 임실읍 중동로 31 2층,태권도,127.281327,35.6122921
용인대나라찬태권도,632371881,전라북도 전주시 완산구 평화로 73 3층 용인대나라찬태권도(평화동2가),태권도,127.1332238,35.7833374
퍼스트짐주짓수,7076961106,전북특별자치도 군산시 신설로 6 2층 퍼스트짐(주짓수)(나운동),주짓수,126.6967963,35.9693429
퍼스트짐 정읍,635373144,전라북도 정읍시 상동중앙로 49 3층 퍼스트짐 정읍(상동),기타종목,126.8682267,35.5612137
퍼스트짐,632533222,전북특별자치도 전주시 완산구 새터로 52-7 상가동2층(서신동),기타종목,127.1123483,35.8349626
점핑SKY,,전북특별자치도 정읍시 학산로 117-13 2층(상동),댄스(줌바 등),126.8739392,35.558184
라니아무용댄스학원,,전라북도 군산시 축동안3길 24 2층 라니아무용학원(수송동),댄스(줌바 등),126.7147724,35.9681399
국가대표휘트니스,632711144,전라북도 전주시 덕진구 안덕원로 276 2동3층(인후동1가),헬스,127.1571705,35.8362288
맹호체육관,634717179,전북특별자치도 군산시 팔마로 18 2층(문화동),기타종목,126.7030503,35.9735121
포츠필라테스,,전북특별자치도 전주시 완산구 호암로 77 2층 포츠필라테스(효자동2가),필라테스,127.1030089,35.8088501
점핑스타 군산수송점,,전라북도 군산시 수송6길 19 201호(수송동),기타종목,126.71608,35.9686744
경희대모현태권도,638576337,전라북도 익산시 배산로 100 경희대모현태권도 3F(모현동1가),태권도,126.9396153,35.9466492
MTA태권도만성점,632112200,전라북도 전주시 덕진구 만성중앙로 53-46 404호(만성동),태권도,127.0783429,35.8429384
합기도하늘체육관,638419008,"전북 익산시  모현동 1가 262-7 전북 익산시 고현로89,301호 합기도하늘체육관",합기도,126.9428524,35.9450764
점핑와우운동센터,,전북특별자치도 부안군 부안읍 번영로 169-1 미소치과2층 점핑머신,기타종목,126.7388828,35.7271169
대박당구장,635464979,전라북도 김제시 검산택지길 74 4층(검산동)(검산동),당구,126.9046094,35.8014769
지평선 탁구장,635477005,전라북도 김제시 남북로 248 2층 지평선탁구장(요촌동),탁구,126.8836118,35.8058837
동그라미 발달심리센터,223451809,전북특별자치도 군산시 진포로 87 301호(미장동),기타종목,126.7304525,35.9674276
팔머메디스포츠,,"전북특별자치도 군산시 옥산면 월명로 101-1 2,3층",헬스,126.7153098,35.9529734
박원규 복싱클럽,632281194,전라북도 전주시 완산구 용머리로 96 6층(효자동1가),복싱,127.1207463,35.8059389
용인대꿈나무태권도,635626277,전라북도 고창군 고창읍 교촌1길 21-6 2층 용인대꿈나무태권도,태권도,126.7040634,35.436914
경희대부부태권도체육관,632993033,전북특별자치도 전주시 완산구 평화14길 28-7 화진빌딩 2층(평화동1가),태권도,127.1333518,35.7930982
청룡아중합기도체육관,632415446,전라북도 전주시 덕진구 무삼지로 27 2층(인후동1가),합기도,127.1647839,35.8280668
화산체육관,632877651,전라북도 전주시 완산구 따박골6길 46 화산태권도체육관(중화산동2가),태권도,127.1283513,35.8107522
점핑플러스,246344921,전북특별자치도 부안군 부안읍 서문로 13 점핑플러스,기타종목,126.7283929,35.728984
박성광온리원태권도,,전북특별자치도 군산시 백토로 108 4층 박성광 온리원 태권도(나운동),태권도,126.7054928,35.969529
만성탑탁구클럽,,전라북도 전주시 덕진구 만성중앙로 54-49 5층(만성동),탁구,127.0775777,35.8414769
용인대윤태권도,638581333,"전라북도 익산시 배산로 28 1동 203,206호(송학동)",태권도,126.9372546,35.9405433
웅비태권도장,638429078,"전라북도 익산시 선화로23길 40 이화아파트상가 웅비태권도장(모현동1가, 이화모현아파트)",태권도,126.9481545,35.9517545
나래태권도장,635328533,전라북도 정읍시 수성택지3길 19 나래태권도장(수성동),태권도,126.8565129,35.5782234
팀월드클래스,,전라북도 익산시 선화로 328 2층 팀월드클래스(마동),기타종목,126.9660605,35.9456227
정도관,632508525,전북특별자치도 전주시 덕진구 들사평로 62 전라북도체육회관 5층 정도관(유도장)(덕진동1가),유도,127.1261799,35.8409861
대파니힐링팜,,전라북도 익산시 삼기면 미륵산1길 102 대파니 힐링팜,승마,127.0217415,36.0327499
경희대 비트짐 태권도,632837788,전라북도 전주시 완산구 호암로 67 5층 501호(효자동2가),태권도,127.1021109,35.8091146
붐탁구백화점,,전라북도 익산시 고봉로30길 80 2층(어양동),탁구,126.9794527,35.9552707
국가대표태권도,632281115,전라북도 전주시 완산구 양지2길 7 2층 국가대표태권도(평화동2가),태권도,127.1233389,35.7925566
지리산권실내수영장,636257331,전북특별자치도 남원시 인월면 황산로 1804 지리산권실내수영장,수영,127.5997098,35.4648177
화랑태권도장,632225954,"전라북도 전주시 완산구 강변로 210 광진라미안아파트상가203호(효자동1가, 광진라미안아파트)",태권도,127.1108866,35.8081275
경희대서곡태권도,632716674,전북특별자치도 전주시 완산구 서곡로 36 3층 서곡 태권도(효자동3가),태권도,127.0994509,35.8323824
용인대 골드 태권도장,638322662,전라북도 익산시 무왕로32길 83 기안 아파트 상가 2층(팔봉동),태권도,127.0152274,35.9657034
정무관,,전북특별자치도 전주시 덕진구 붓내3길 42 3층 정무관(송천동2가),유도,127.126111,35.8664417
용인대고려태권도장,28338888,전라북도 익산시 부송1로 92 2층(부송동),태권도,126.9921871,35.9578411
정무관,,"전북특별자치도 전주시 덕진구 붓내3길 42 3층, 정무관(송천동2가)",유도,127.126111,35.8664417
도담태권도장,632278580,"전라북도 전주시 완산구 양지1길 16-3 상가 301호(평화동2가, 두산푸른솔아파트)",태권도,127.1184489,35.7909222
티엘탁구클럽,24454639,전라북도 군산시 대학로 71 3층 티엘탁구클럽(명산동),탁구,126.7095482,35.9839297
티비휘트니스,632369679,전북특별자치도 전주시 완산구 호암로 79 4층 TB휘트니스(효자동2가),헬스,127.1032887,35.8087353
정무문체육관,636262767,전북특별자치도 남원시 가방뜰길 14-6 정무문체육관(금동),기타종목,127.3751679,35.4023491
강호무관,638410747,전라북도 익산시 선화로 322 2층(마동),합기도,126.9655064,35.9455181
경희대엘리트태권도장,25468880,"전라북도 김제시 검산택지4길 30 상가동2층 경희대엘리트태권도(검산동, 김제검산샬레1차아파트)",태권도,126.9063463,35.8028273
경희대슈퍼아이태권도,632473353,전라북도 전주시 덕진구 동가재미2길 28-22 진영빌딩3층 경희대슈퍼아이태권도(인후동1가),태권도,127.1640655,35.8319429
마음요가필라테스,634666781,전라북도 군산시 궁포안2길 27 지플레이스 DM 5층 마음요가필라테스(조촌동),요가,126.7447423,35.9767257
박근영태권도,634430268,전북특별자치도 군산시 대학로 96 1층태권도(금광동),태권도,126.7078732,35.9821353
화랑체육관,634675170,전라북도 군산시 월명로 302 2층 화랑체육관(수송동),태권도,126.7158544,35.9709958
지곡당구클럽,634676530,전라북도 군산시 옥산면 계산로 97 지곡당구클럽,당구,126.7152171,35.9521084
특공무술 나운도장,634683002,전라북도 군산시 하나운로 76 302호(나운동),기타종목,126.7025441,35.9649781
SJ줌바요가핏합센터,,"전라북도 전주시 완산구 소대배기로 22 5층 501,502호(평화동2가)",요가,127.1326512,35.7869174
남원웅비타이거태권도,26260353,전라북도 남원시 동림로 24-19(동충동) 웅비타이거태권도,태권도,127.3891509,35.4111898
청출어람태권도,632455355,전북특별자치도 전주시 덕진구 건산로 231 3층 청출어람태권도(인후동1가),태권도,127.1626014,35.8345098
행복탁구장,634460144,전라북도 군산시 미장안길 50-13 통큰타운 4동 202호(미장동)(미장동),탁구,126.7272487,35.9690198
라인댄스스쿨,638585005,전북특별자치도 익산시 중앙로 179 3층 라인댄스스쿨(마동),댄스(줌바 등),126.9662163,35.9360976
대승검도관,635371717,전북특별자치도 정읍시 충정로 118 2층201호(상동),검도,126.8662018,35.5637901
정은태권도,24463633,전라북도 군산시 경암5길 120 2층 정은태권도(경암동),태권도,126.7321002,35.9809598
남원주짓수체육관 퍼스트짐,,전북특별자치도 남원시 오들2길 1 3층 남원주짓수체육관 퍼스트짐(도통동),주짓수,127.400933,35.4198432
남원체육관,636268543,전북특별자치도 남원시 오들2길 1 2층(도통동),태권도,127.400933,35.4198432
케이탑태권도,632626611,전라북도 완주군 봉동읍 봉동동서로 76 상가2층(봉동2차 명진로얄아파트),태권도,127.1617721,35.9357774
해동검도앤음악줄넘기,,전북특별자치도 전주시 덕진구 무삼지5길 10 3층 302호(인후동1가),검도,127.1643706,35.8275788
정읍 우석대엘리트태권도,635717977,전라북도 정읍시 신태인읍 호남철로 38 1층,태권도,126.8834241,35.6948008
드림휘트니스,24454457,전북특별자치도 군산시 대학로 64 1층 드림휘트니스(명산동),헬스,126.7096004,35.9848334
헤라휘트니스,632881138,전라북도 전주시 완산구 공수내로 9 3층 헤라휘트니스(서서학동),헬스,127.1484849,35.8045932
정읍시청소년수련관,635337920,전라북도 정읍시 정읍사로 547 (시기동),수영,126.8628923,35.5521991
정읍체육트레이닝센터,635398261,전북특별자치도 정읍시 용흥1길 78-6 국민체육센터(상평동),수영,126.8388782,35.5618293
중앙태권도체육관 미장점,634532537,"전북특별자치도 군산시 미장13길 33 상가동 201호 중앙태권도장(미장동, 제일풍경채아파트)",태권도,126.7342298,35.9631546
더함운동센터,,전북특별자치도 전주시 완산구 후곡길 6 2층(효자동2가),필라테스,127.0961211,35.8093958
정읍태권도체육관,635379461,전라북도 정읍시 수성5로 65-3 정읍태권도체육관(수성동),태권도,126.8623063,35.5831065
연두테니스아카데미,632762017,전북특별자치도 전주시 완산구 우전2길 35 2층 연두테니스아카데미(효자동2가),테니스,127.1071044,35.807339
사전북풋볼아카데미,632211144,전라북도 완주군 이서면 출판로 46-12 진영빌딩2층,축구(풋살),127.0574644,35.8390608
사회적협동조합 공감발달연구소,639103330,전북특별자치도 군산시 계산로 91 3층 공감발달연구소(지곡동),기타종목,126.7145559,35.9520522
거인스포츠,,전라북도 익산시 약촌로 196 113동 2층 201호(영등동),기타종목,126.9741758,35.9510921
태양태권도체육관,26331996,전라북도 남원시 오들1길 45 2층 태양태권도체육관(도통동),태권도,127.3995677,35.4189772
정무문,636262767,전라북도 남원시 가방뜰길 14-6 (1층)(금동),기타종목,127.3751679,35.4023491
용인대TOP태권도,638332144,"전라북도 익산시 부송1로 110 상가동 201호,202호(부송동)",태권도,126.9943891,35.9581004
초아무용학원,,전라북도 익산시 무왕로 1058 4층 초아무용학원(영등동),무용(발레 등),126.9744467,35.9581779
태비태권도,632421123,전라북도 전주시 덕진구 무삼지로 43-1 3층 태비태권도(인후동1가),태권도,127.1638318,35.829528
제로백피트니스,,전북특별자치도 전주시 완산구 용머리로 11 전주마트 2층 201호 제로백피트니스(효자동1가),헬스,127.1114989,35.8057443
마르페 점핑 다이어트,635638200,전라북도 고창군 고창읍 천변북로 97 2층 마르페 점핑,기타종목,126.7026195,35.4339723
초원태권도 체육관,635354470,전북 정읍시 연지동 259-47번지 초원체육관,태권도,126.8460331,35.570666
박골프아카데미,635459787,전라북도 김제시 남북1길 9 박골프아카데미(신풍동),골프,126.8991121,35.7912316
초크박스당구장,288396114,전라북도 익산시 하나로10길 3 은성빌딩 5층 초크박스당구장(어양동),당구,126.9816531,35.960816
태극태권도어양,,전북특별자치도 익산시 궁동로 102 3층 태극태권도(어양동),태권도,126.9824487,35.9620989
케이탑유아관 앤 점핑스쿨,,전북특별자치도 완주군 봉동읍 봉동동서로 72 2호,기타종목,127.1611553,35.9358529
혁신퍼스트짐,632290623,전북특별자치도 전주시 덕진구 안전로 154 4층 401호(중동),주짓수,127.0589816,35.8377245
케이탑,636262228,전라북도 남원시 큰들길 7-1 케이탑(도통동),태권도,127.3954281,35.4148054
들리지않는홈런소리,,전라북도 남원시 용성로 49-2 (유)들리지않는홈런소리(동충동),야구,127.3821934,35.4092334
함성스포츠클럽,24548111,전라북도 군산시 미장안7길 9 지안빌딩3층(미장동),축구(풋살),126.7314755,35.9644269
사단법인 남원거점스포츠클럽,636349333,전라북도 남원시 이백면 이백로 333 이백문화체육센터,탁구,127.4432059,35.4249114
국술원 서신도장,632779977,전라북도 전주시 완산구 서신로 25 3층(서신동),기타종목,127.1155909,35.8276797
태권도장수체육관,23513377,전라북도 장수군 장수읍 중동길 5-5 .,태권도,127.5191528,35.64816
태권도영웅체육관,638430409,전북특별자치도 익산시 서동로4길 17 2층 영웅체육관(동산동),태권도,126.959663,35.9312263
태권도엘리트체육관,632524523,전라북도 전주시 완산구 온고을로 119-2 광진상가101동203호(서신동),태권도,127.1093448,35.8336297
태권도 이현재 수련관,638510700,전북특별자치도 익산시 평동로27길 19 태권도 이현재 수련관(동산동),태권도,126.9644365,35.9304626
건국대동신태권도체육관,635359645,"전라북도 정읍시 학산로 97 우미상가3층, 303호 건국대동신태권도 한솔관(상동)",태권도,126.8735591,35.5596131
태권도 고려도장,638537333,전라북도 익산시 익산대로70길 41 2층(신동),태권도,126.9577629,35.9632208
국민태권도,634663347,전라북도 군산시 나운안1길 19 4층 국민태권도장(나운동),태권도,126.7036834,35.9636426
사랑태권도,636323572,전북특별자치도 남원시 시청로 37 사랑태권도(도통동),태권도,127.3909888,35.4137097
사랑탁구장,,전북특별자치도 김제시 교정길 31 2층 사랑탁구장(교동),탁구,126.877989,35.7978255
더위너스태권도장,632149983,전라북도 전주시 덕진구 편운로 6 4층(여의동2가),태권도,127.0770346,35.8708316
원마인드 피트니스,,전북특별자치도 전주시 완산구 평화9길 14 2층 원마인드피트니스(평화동2가),헬스,127.1363915,35.7882455
원마인드 피트니스,,전북특별자치도 전주시 완산구 평화9길 14 2층(평화동2가),헬스,127.1363915,35.7882455
바디스타짐,,전라북도 익산시 하나로 426 3층 바디스타짐(어양동),헬스,126.9822317,35.9584024
리티댄스아카데미학원,7086218211,전라북도 익산시 무왕로 1122 대광빌딩 6층(어양동),댄스(줌바 등),126.9813341,35.9582736
대한태권도교육관 나운지점,24688135,"전라북도 군산시 수송로 72 2층, 대한태권도교육관(나운동)",태권도,126.703395,35.9651235
함열올림픽스포츠센터 익산시,638594629,전라북도 익산시 함열읍 함낭로 511 함열올림픽스포츠센터,수영,126.9642549,36.0750637
카로마요가,,전북특별자치도 전주시 완산구 홍산북로 83-17 5층(효자동3가),요가,127.1104559,35.8181549
함열체육관,638622100,전라북도 익산시 함열읍 함열중앙로 69 2층,태권도,126.9650026,36.0779923
미스터큐당구장,7047991253,전라북도 익산시 선화로3길 31-12 3F(모현동1가),당구,126.9392111,35.9521346
리전트휘트니스클럽,7041458822,전북특별자치도 남원시 네마실5길 5 리전트휘트니스클럽(향교동),헬스,127.3832673,35.4191854
제일체육관,635359998,전라북도 정읍시 북면 정읍북로 631-4 3층 1호,태권도,126.8922632,35.6145215
행운탁구장,,전북특별자치도 김제시 중앙로 135 201호 벽송빌딩(요촌동),탁구,126.8905324,35.8031202
다르마요가원,634436699,전라북도 군산시 부골1길 47 2층(조촌동),요가,126.742742,35.9739655
예건부부태권도센터,25815252,전라북도 부안군 부안읍 석정로 280-6 2층,태권도,126.7368352,35.7207588
힐링휘트니스,632429688,전라북도 전주시 덕진구 한배미로 74 2층 힐링휘트니스(우아동1가),헬스,127.1707883,35.8268274
MTA두상진태권도장,639105144,전라북도 군산시 미장안길 42 코아루상가 2층,태권도,126.7281262,35.9679428
예그리나무용학원,635459025,전라북도 김제시 금성로 126 3층(검산동),무용(발레 등),126.9036846,35.8005856
구슬당구장,,전북특별자치도 익산시 무왕로22길 35 지하층(부송동),당구,126.9874569,35.9561529
마스터 볼링센터,632777070,전라북도 전주시 덕진구 사근1길 31 3층(송천동2가),볼링,127.1305541,35.8666658
브로짐 1호점,7081489695,전라북도 익산시 무왕로11길 9 3층 브로짐(영등동),헬스,126.9750658,35.9593278
경원대석사태권도장,632251377,전라북도 전주시 완산구 거마남로 70 2층(삼천동1가),태권도,127.1244256,35.7953202
더원PT 운동재활센터,,전북특별자치도 부안군 부안읍 학동길 11-1 2층 더원PT 운동재활센터,헬스,126.7397219,35.724273
국가대표 서학이지 태권도스쿨,,전라북도 전주시 완산구 흑석로 30 국가대표 서학이제 태권도(서서학동),태권도,127.1505375,35.8012675
공명유도관,635456004,전북특별자치도 김제시 요촌동1길 5-4 공명유도관(요촌동),유도,126.8947339,35.804639
궁전태권도,632299555,"전라북도 전주시 완산구 평화7길 40 2층203호궁전태권도(평화동2가, 송정써미트)",태권도,127.1381412,35.785675
타라 로빠나 요가 만디람,,전북특별자치도 고창군 아산면 중복길 27-5 타라 로빠나 요가 만디람,요가,126.6440095,35.4295426
팀라이거복싱,639091114,전라북도 완주군 봉동읍 둔산1로 88 2층201호,복싱,127.1222697,35.9590411
유한회사황진오승마클럽,,전라북도 완주군 삼례읍 신탁길 201 .,승마,127.1113556,35.918571
서신탁구교실,632770051,전라북도 전주시 완산구 당산로 40 서신탁구교실(서신동),탁구,127.1126721,35.8320129
연요가앤바움필라테스,635824424,전라북도 부안군 부안읍 석정로 230 3층,필라테스,126.7370164,35.7251731
용인대정무태권도,635331444,전북특별자치도 정읍시 학산로 102 3층 용인대정무태권도장(상동),태권도,126.8730308,35.5595382
국가대표 올림픽 태권도,,전북특별자치도 익산시 동천로 81-19 국가대표 올림픽 태권도 3층(동산동),태권도,126.9704973,35.9302996
유한회사 바른운동키움 전주삼천지점,639090007,전라북도 전주시 완산구 거마남로 70 2층(삼천동1가),기타종목,127.1244256,35.7953202
디싸인전주다트교실,,전라북도 전주시 완산구 고사평4길 4-2 1층(서신동),기타종목,127.1098332,35.8354792
루엔메디 무용학원,634610607,전라북도 군산시 나운5길 46 루엔메디 무용학원 3층(나운동),필라테스,126.7017918,35.9620467
e편한아이사랑태권도,271592716,"전북특별자치도 익산시 동서로63길 25 상가2동202호(어양동, e편한세상 어양)",태권도,126.98488,35.9538202
사단법인 전주스포츠클럽,632210915,전라북도 전주시 완산구 맏내로 99 한바탕국민체육센터(평화동2가),탁구,127.1276997,35.7895145
유풍산군산AMF볼링경기장,24667300,전라북도 군산시 공단대로 197 (수송동22-4)(수송동),볼링,126.7197794,35.9589808
석사백제태권도,632252425,전라북도 전주시 완산구 따박골6길 44 하나빌딩2층(중화산동2가),태권도,127.1284249,35.8105867
군산킹덤주짓수아카데미,634517333,전라북도 군산시 백릉로 94 2층(조촌동),주짓수,126.7363761,35.9754503
고창체육관,635632474,전라북도 고창군 고창읍 중앙로 274 2층,태권도,126.7055247,35.434794
군산시티탁구클럽,,전라북도 군산시 경포천로 153 군산시티탁구클럽(경장동),탁구,126.7267448,35.9724983
영송검도관,632236655,전북특별자치도 전주시 완산구 용머리로 152 4층 영송검도관(효자동1가),검도,127.1269038,35.8057884
군산시장애인슐런지회,634667079,전라북도 군산시 상나운로 115 739-18(나운동),기타종목,126.6977894,35.9723473
군산스포츠클라이밍센타 소룡,24661915,전북특별자치도 군산시 월명로 274 2층(수송동),클라이밍(암벽등반),126.7160966,35.9684627
영등신화태권도,639170641,전라북도 익산시 무왕로17길 50-1 영등신화태권도(영등동),태권도,126.979805,35.9630469
한울태권도,632429085,전북특별자치도 전주시 덕진구 무삼지로 8 상가 3층(인후동1가),줄넘기,127.1658989,35.827121
한빛탁구교실,6306336115,전라북도 남원시 용성로 308 3층(월락동),탁구,127.4028316,35.4223677
오늘은태권도,632410809,전북특별자치도 전주시 덕진구 호성3길 24 3층 오늘은태권도(호성동1가),태권도,127.1500914,35.860527
오늘필라테스,,전라북도 익산시 고봉로28길 31 2층 오늘필라테스(영등동),필라테스,126.9733074,35.9549369
군산사랑나무운동발달센터,634680942,전북특별자치도 군산시 나운안1길 19 2층 202호(나운동),기타종목,126.7036834,35.9636426
진정식복싱클럽,,전북특별자치도 전주시 덕진구 솔내로 148 가동502호 진정식복싱클럽(송천동1가),복싱,127.1272718,35.8632489
군산나운체육관,24673628,전라북도 군산시 신설로 26 2층 나운태권도(나운동),태권도,126.6950708,35.9703319
선무도장특공무술해동검도,638319949,전라북도 익산시 고봉로34길 42 2층(영등동),기타종목,126.9757689,35.9600842
공명 유도 주짓수,,전라북도 익산시 배산로 161 이레빌딩 2층 공명유도주짓수(모현동1가),유도,126.941012,35.9521388
블랙벨트희망미래태권도장,25634943,전라북도 고창군 고창읍 월곡로 69 블랙벨트희망미래태권도장,태권도,126.7108109,35.4379317
열정점핑다이어트,289801283,전북특별자치도 익산시 하나로11길 32-13 열정 점핑다이어트 (2층)(영등동),기타종목,126.9779041,35.9603504
우석대동산태권도,638557740,전북 익산시 동천로 81-19 3층 우석대 동산 태권도,태권도,126.9704973,35.9302996
그린OA시스템,634617559,전라북도 군산시 상지곡안3길 31 지곡동,골프,126.7091263,35.9586091
순창체육관,636529474,전라북도 순창군 순창읍 순창로 265-23 순창태권도장,태권도,127.1422023,35.379061
익산문화체육센터,28392859,전라북도 익산시 선화로 823 익산문화체육센터(부송동),수영,126.9976442,35.9689521
연요가앤바움필라테스,635824424,전북특별자치도 부안군 부안읍 석정로 230 3층,필라테스,126.7370164,35.7251731
군산검도관,24650645,전라북도 군산시 황룡로 20 홈마트 3층 군산검도관(미룡동),검도,126.6875469,35.9453604
서부권역다목적체육관,638392840,전라북도 익산시 동서로 91 (모현동2가),수영,126.9450339,35.9563959
자유탁구클럽,634631371,전라북도 군산시 축동로 128 2층 자유탁구 클럽(서흥남동),탁구,126.7108308,35.9707568
세종휘트니스,634439696,전북특별자치도 군산시 궁포1로 24-3 세종빌딩4층 세종휘트니스(조촌동),헬스,126.7405907,35.9768524
합기도 정무체육관,635330096,전라북도 정읍시 수성택지2길 69-2 .(수성동),합기도,126.8581507,35.5792976
이루태권도,,전라북도 전주시 완산구 거마남로 70-1 2층 이루태권도(삼천동1가),태권도,127.1245675,35.7953613
리듬앤핏아카데미,632361279,전북특별자치도 완주군 이서면 출판로 46-12 진영빌딩 4층,기타종목,127.0574644,35.8390608
서림검도교실,635843117,"전북특별자치도 부안군 부안읍 석정로 242 3층,서림검도교실",검도,126.7370349,35.72407
당구장,,전라북도 전주시 완산구 호암로 84 5층 투투당구장(효자동2가),당구,127.1036498,35.8081423
유순정에어로빅,634651410,전라북도 군산시 서흥2길 57 고려타운 상가 3층(서흥남동),댄스(줌바 등),126.7120297,35.9720545
센트럴휘트니스,634424421,전라북도 군산시 미장안길 50-3 2층 센트럴휘트니스(미장동),헬스,126.7272495,35.9686963
용인대정은태권도장,634647990,"전라북도 군산시 칠성7길 56 후문상가 2층 용인대정은태권도장(산북동, 하나리움시티)",태권도,126.6804945,35.9657971
전주우지원농구교실,639055085,전라북도 전주시 덕진구 감수길 30-20 전주우지원농구교실(팔복동4가),농구,127.101974,35.8666654
소리무용학원,635649948,전북특별자치도 고창군 고창읍 성산2길 41 2층 소리무용학원,요가,126.7002485,35.4360076
이리경요가원,638333400,전라북도 익산시 동서로51길 58 2층 이리경요가(어양동),요가,126.9788346,35.9563331
국가대표 태권도 금메달도장,635468485,전북특별자치도 김제시 도작로 136 국가대표태권도(검산동),태권도,126.898792,35.8067494
밸런스브레인전주센터,637142143,전라북도 전주시 완산구 감나무4길 4 5층(서신동),기타종목,127.1223857,35.8316969
국민생활관,638392824,전라북도 익산시 선화로 255 국민생활관(남중동),헬스,126.9583164,35.9454581
유라온볼링센터,632722500,전라북도 전주시 덕진구 매봉로 40 지하1층(금암동),볼링,127.1418481,35.841802
코리아탁구교실,634434413,전라북도 군산시 진포3길 48 코리아탁구교실(수송동),탁구,126.7207559,35.9729041
밴주짓수,632225251,전라북도 전주시 완산구 호암로 91 2층 밴주짓수(효자동2가),주짓수,127.1042646,35.8084983
T마스터태권도,632550244,전북특별자치도 전주시 덕진구 숲정이로 47 2층(진북동),태권도,127.1328534,35.8324225
글로리 필라테스 파워플레이트,,전북특별자치도 익산시 배산로 139 2층 글로리필라테스(모현동1가),필라테스,126.9401748,35.9502687
진정식복싱클럽,,전라북도 전주시 덕진구 솔내로 148 가동502호 진정식복싱(송천동1가),복싱,127.1272718,35.8632489
오페라 탁구장,,"전북특별자치도 익산시 목천로 361 (402동 101호, 동산동 세경4차 아파트)",탁구,126.9600704,35.9268218
희망찬코리아,632268828,"전라북도 전주시 완산구 삼천천변1길 17 지하 101호, 희망찬재활스포츠타운(삼천동1가)",수영,127.1126521,35.7954397
남원시체육회,636357330,전라북도 남원시 충정로 341 실내수영장(월락동),수영,127.4054147,35.4308207
혁신탁구장,632210372,전라북도 완주군 이서면 기지로 41 성원빌딩 5층 501.502,탁구,127.0565545,35.8386925
이스마한댄스컴퍼니,635435028,전라북도 김제시 동서로 184 이스마한댄스컴퍼니(요촌동),댄스(줌바 등),126.8886678,35.8000508
서신파워복싱,632511156,전라북도 전주시 완산구 당산로 36 지하1층(서신동),복싱,127.1123022,35.8320105
전주시시설관리공단,632392815,전북특별자치도 전주시 덕진구 세병로 31 에코체육센터(송천동2가),수영,127.1303628,35.8753607
솔로몬스포츠클럽,638315711,전라북도 익산시 동서로61길 30 부영2차아파트 상가 2층 솔로몬태권도(어양동),태권도,126.9812933,35.9540035
용인대 천지태권도장,635816504,전라북도 부안군 부안읍 석정로 296 용인대 천지태권도장,태권도,126.7372538,35.7192331
당구데이,22628600,전라북도 완주군 봉동읍 봉동로 160 3층 당구데이,당구,127.1684183,35.9392558
김현준,,전북특별자치도 완주군 삼례읍 상탁길 11 4층 403호 KTS 청운 태권도장,태권도,127.1211469,35.9194391
